Orthogroup	Acinetobacter_baumannii_(strain_ATCC_19606___DSM_30007___JCM_6841___CCUG_19606___CIP_70.34___NBRC_109757___NCIMB_12457___NCTC_12156___81)	Burkholderia_cenocepacia_(strain_ATCC_BAA-245___DSM_16553___LMG_16656___NCTC_13227___J2315___CF5610)	Escherichia_coli_(strain_K12)	Mycobacteroides_abscessus_(strain_ATCC_19977___DSM_44196___CCUG_20993___CIP_104536___JCM_13569___NCTC_13031___TMC_1543___L948)	Mycolicibacterium_smegmatis_(strain_ATCC_700084___mc(2)155)	Pseudomonas_aeruginosa_(strain_ATCC_15692___DSM_22644___CIP_104116___JCM_14847___LMG_12228___1C___PRS_101___PAO1)
OG0004722	tr|D0C8M2|D0C8M2_ACIB2					
OG0004723	tr|D0C5P3|D0C5P3_ACIB2					
OG0004724	tr|D0C619|D0C619_ACIB2					
OG0004725	tr|D0C676|D0C676_ACIB2					
OG0004726	tr|D0C721|D0C721_ACIB2					
OG0004727	tr|D0C724|D0C724_ACIB2					
OG0004728	tr|D0CAD0|D0CAD0_ACIB2					
OG0004729	tr|D0CB73|D0CB73_ACIB2					
OG0004730	tr|D0CBM3|D0CBM3_ACIB2					
OG0004731	tr|D0CC05|D0CC05_ACIB2					
OG0004732	tr|D0CC26|D0CC26_ACIB2					
OG0004733	tr|D0CD60|D0CD60_ACIB2					
OG0004734	tr|D0CD85|D0CD85_ACIB2					
OG0004735	tr|D0CDA1|D0CDA1_ACIB2					
OG0004736	tr|D0CE26|D0CE26_ACIB2					
OG0004737	tr|D0CEY9|D0CEY9_ACIB2					
OG0004738	tr|D0CFQ2|D0CFQ2_ACIB2					
OG0004739	tr|D0C5H2|D0C5H2_ACIB2					
OG0004740	tr|D0C5H3|D0C5H3_ACIB2					
OG0004741	tr|D0C5H4|D0C5H4_ACIB2					
OG0004742	tr|D0C5H5|D0C5H5_ACIB2					
OG0004743	tr|D0C5H6|D0C5H6_ACIB2					
OG0004744	tr|D0C5H7|D0C5H7_ACIB2					
OG0004745	tr|D0C5H9|D0C5H9_ACIB2					
OG0004746	tr|D0C5I0|D0C5I0_ACIB2					
OG0004747	tr|D0C5I8|D0C5I8_ACIB2					
OG0004748	tr|D0C5J1|D0C5J1_ACIB2					
OG0004749	tr|D0C5J6|D0C5J6_ACIB2					
OG0004750	tr|D0C5L4|D0C5L4_ACIB2					
OG0004751	tr|D0C5L6|D0C5L6_ACIB2					
OG0004752	tr|D0C5M6|D0C5M6_ACIB2					
OG0004753	tr|D0C5N6|D0C5N6_ACIB2					
OG0004754	tr|D0C5N9|D0C5N9_ACIB2					
OG0004755	tr|D0C5P4|D0C5P4_ACIB2					
OG0004756	tr|D0C5P8|D0C5P8_ACIB2					
OG0004757	tr|D0C5P9|D0C5P9_ACIB2					
OG0004758	tr|D0C5Q7|D0C5Q7_ACIB2					
OG0004759	tr|D0C5R3|D0C5R3_ACIB2					
OG0004760	tr|D0C5R4|D0C5R4_ACIB2					
OG0004761	tr|D0C5R5|D0C5R5_ACIB2					
OG0004762	tr|D0C5S0|D0C5S0_ACIB2					
OG0004763	tr|D0C5S5|D0C5S5_ACIB2					
OG0004764	tr|D0C5S7|D0C5S7_ACIB2					
OG0004765	tr|D0C5T0|D0C5T0_ACIB2					
OG0004766	tr|D0C5V3|D0C5V3_ACIB2					
OG0004767	tr|D0C5V5|D0C5V5_ACIB2					
OG0004768	tr|D0C5V6|D0C5V6_ACIB2					
OG0004769	tr|D0C5V9|D0C5V9_ACIB2					
OG0004770	tr|D0C5W0|D0C5W0_ACIB2					
OG0004771	tr|D0C5W9|D0C5W9_ACIB2					
OG0004772	tr|D0C5X9|D0C5X9_ACIB2					
OG0004773	tr|D0C5Y1|D0C5Y1_ACIB2					
OG0004774	tr|D0C5Y3|D0C5Y3_ACIB2					
OG0004775	tr|D0C5Z6|D0C5Z6_ACIB2					
OG0004776	tr|D0C603|D0C603_ACIB2					
OG0004777	tr|D0C626|D0C626_ACIB2					
OG0004778	tr|D0C631|D0C631_ACIB2					
OG0004779	tr|D0C633|D0C633_ACIB2					
OG0004780	tr|D0C636|D0C636_ACIB2					
OG0004781	tr|D0C637|D0C637_ACIB2					
OG0004782	tr|D0C649|D0C649_ACIB2					
OG0004783	tr|D0C651|D0C651_ACIB2					
OG0004784	tr|D0C666|D0C666_ACIB2					
OG0004785	tr|D0C667|D0C667_ACIB2					
OG0004786	tr|D0C675|D0C675_ACIB2					
OG0004787	tr|D0C678|D0C678_ACIB2					
OG0004788	tr|D0C679|D0C679_ACIB2					
OG0004789	tr|D0C684|D0C684_ACIB2					
OG0004790	tr|D0C686|D0C686_ACIB2					
OG0004791	tr|D0C687|D0C687_ACIB2					
OG0004792	tr|D0C691|D0C691_ACIB2					
OG0004793	tr|D0C696|D0C696_ACIB2					
OG0004794	tr|D0C698|D0C698_ACIB2					
OG0004795	tr|D0C6C7|D0C6C7_ACIB2					
OG0004796	tr|D0C6E0|D0C6E0_ACIB2					
OG0004797	tr|D0C6E2|D0C6E2_ACIB2					
OG0004798	tr|D0C6F0|D0C6F0_ACIB2					
OG0004799	tr|D0C6F1|D0C6F1_ACIB2					
OG0004800	tr|D0C6F5|D0C6F5_ACIB2					
OG0004801	tr|D0C6F6|D0C6F6_ACIB2					
OG0004802	tr|D0C6F7|D0C6F7_ACIB2					
OG0004803	tr|D0C6F9|D0C6F9_ACIB2					
OG0004804	tr|D0C6G1|D0C6G1_ACIB2					
OG0004805	tr|D0C6H4|D0C6H4_ACIB2					
OG0004806	tr|D0C6I4|D0C6I4_ACIB2					
OG0004807	tr|D0C6I5|D0C6I5_ACIB2					
OG0004808	tr|D0C6J7|D0C6J7_ACIB2					
OG0004809	tr|D0C6J9|D0C6J9_ACIB2					
OG0004810	tr|D0C6K5|D0C6K5_ACIB2					
OG0004811	tr|D0C6L0|D0C6L0_ACIB2					
OG0004812	tr|D0C6L4|D0C6L4_ACIB2					
OG0004813	tr|D0C6L5|D0C6L5_ACIB2					
OG0004814	tr|D0C6L6|D0C6L6_ACIB2					
OG0004815	tr|D0C6L7|D0C6L7_ACIB2					
OG0004816	tr|D0C6M0|D0C6M0_ACIB2					
OG0004817	tr|D0C6M1|D0C6M1_ACIB2					
OG0004818	tr|D0C6M5|D0C6M5_ACIB2					
OG0004819	tr|D0C6N0|D0C6N0_ACIB2					
OG0004820	tr|D0C6N2|D0C6N2_ACIB2					
OG0004821	tr|D0C6N7|D0C6N7_ACIB2					
OG0004822	tr|D0C6N8|D0C6N8_ACIB2					
OG0004823	tr|D0C6P0|D0C6P0_ACIB2					
OG0004824	tr|D0C6P5|D0C6P5_ACIB2					
OG0004825	tr|D0C6Q2|D0C6Q2_ACIB2					
OG0004826	tr|D0C6R9|D0C6R9_ACIB2					
OG0004827	tr|D0C6S2|D0C6S2_ACIB2					
OG0004828	tr|D0C6T4|D0C6T4_ACIB2					
OG0004829	tr|D0C6U4|D0C6U4_ACIB2					
OG0004830	tr|D0C6U7|D0C6U7_ACIB2					
OG0004831	tr|D0C6V8|D0C6V8_ACIB2					
OG0004832	tr|D0C6Y4|D0C6Y4_ACIB2					
OG0004833	tr|D0C6Z0|D0C6Z0_ACIB2					
OG0004834	tr|D0C712|D0C712_ACIB2					
OG0004835	tr|D0C725|D0C725_ACIB2					
OG0004836	tr|D0C726|D0C726_ACIB2					
OG0004837	tr|D0C727|D0C727_ACIB2					
OG0004838	tr|D0C728|D0C728_ACIB2					
OG0004839	tr|D0C729|D0C729_ACIB2					
OG0004840	tr|D0C730|D0C730_ACIB2					
OG0004841	tr|D0C734|D0C734_ACIB2					
OG0004842	tr|D0C735|D0C735_ACIB2					
OG0004843	tr|D0C736|D0C736_ACIB2					
OG0004844	tr|D0C740|D0C740_ACIB2					
OG0004845	tr|D0C743|D0C743_ACIB2					
OG0004846	tr|D0C744|D0C744_ACIB2					
OG0004847	tr|D0C747|D0C747_ACIB2					
OG0004848	tr|D0C749|D0C749_ACIB2					
OG0004849	tr|D0C750|D0C750_ACIB2					
OG0004850	tr|D0C752|D0C752_ACIB2					
OG0004851	tr|D0C754|D0C754_ACIB2					
OG0004852	tr|D0C755|D0C755_ACIB2					
OG0004853	tr|D0C766|D0C766_ACIB2					
OG0004854	tr|D0C771|D0C771_ACIB2					
OG0004855	tr|D0C773|D0C773_ACIB2					
OG0004856	tr|D0C778|D0C778_ACIB2					
OG0004857	tr|D0C779|D0C779_ACIB2					
OG0004858	tr|D0C780|D0C780_ACIB2					
OG0004859	tr|D0C788|D0C788_ACIB2					
OG0004860	tr|D0C7A8|D0C7A8_ACIB2					
OG0004861	tr|D0C7B2|D0C7B2_ACIB2					
OG0004862	tr|D0C7B9|D0C7B9_ACIB2					
OG0004863	tr|D0C7C0|D0C7C0_ACIB2					
OG0004864	tr|D0C7F8|D0C7F8_ACIB2					
OG0004865	tr|D0C7G4|D0C7G4_ACIB2					
OG0004866	tr|D0C7G5|D0C7G5_ACIB2					
OG0004867	tr|D0C7G6|D0C7G6_ACIB2					
OG0004868	tr|D0C7I0|D0C7I0_ACIB2					
OG0004869	tr|D0C7I2|D0C7I2_ACIB2					
OG0004870	tr|D0C7J0|D0C7J0_ACIB2					
OG0004871	tr|D0C7J1|D0C7J1_ACIB2					
OG0004872	tr|D0C7J4|D0C7J4_ACIB2					
OG0004873	tr|D0C7J6|D0C7J6_ACIB2					
OG0004874	tr|D0C7J9|D0C7J9_ACIB2					
OG0004875	tr|D0C7K2|D0C7K2_ACIB2					
OG0004876	tr|D0C7K6|D0C7K6_ACIB2					
OG0004877	tr|D0C7K7|D0C7K7_ACIB2					
OG0004878	tr|D0C7L5|D0C7L5_ACIB2					
OG0004879	tr|D0C7M6|D0C7M6_ACIB2					
OG0004880	tr|D0C7N2|D0C7N2_ACIB2					
OG0004881	tr|D0C7N4|D0C7N4_ACIB2					
OG0004882	tr|D0C7Q4|D0C7Q4_ACIB2					
OG0004883	tr|D0C7Q8|D0C7Q8_ACIB2					
OG0004884	tr|D0C7R6|D0C7R6_ACIB2					
OG0004885	tr|D0C7T4|D0C7T4_ACIB2					
OG0004886	tr|D0C7V2|D0C7V2_ACIB2					
OG0004887	tr|D0C7V4|D0C7V4_ACIB2					
OG0004888	tr|D0C7W1|D0C7W1_ACIB2					
OG0004889	tr|D0C7W2|D0C7W2_ACIB2					
OG0004890	tr|D0C7W7|D0C7W7_ACIB2					
OG0004891	tr|D0C7X2|D0C7X2_ACIB2					
OG0004892	tr|D0C7X8|D0C7X8_ACIB2					
OG0004893	tr|D0C7Y1|D0C7Y1_ACIB2					
OG0004894	tr|D0C7Y5|D0C7Y5_ACIB2					
OG0004895	tr|D0C7Y8|D0C7Y8_ACIB2					
OG0004896	tr|D0C7Y9|D0C7Y9_ACIB2					
OG0004897	tr|D0C7Z0|D0C7Z0_ACIB2					
OG0004898	tr|D0C7Z1|D0C7Z1_ACIB2					
OG0004899	tr|D0C7Z2|D0C7Z2_ACIB2					
OG0004900	tr|D0C7Z3|D0C7Z3_ACIB2					
OG0004901	tr|D0C7Z4|D0C7Z4_ACIB2					
OG0004902	tr|D0C7Z5|D0C7Z5_ACIB2					
OG0004903	tr|D0C800|D0C800_ACIB2					
OG0004904	tr|D0C819|D0C819_ACIB2					
OG0004905	tr|D0C820|D0C820_ACIB2					
OG0004906	tr|D0C837|D0C837_ACIB2					
OG0004907	tr|D0C860|D0C860_ACIB2					
OG0004908	tr|D0C861|D0C861_ACIB2					
OG0004909	tr|D0C864|D0C864_ACIB2					
OG0004910	tr|D0C8A1|D0C8A1_ACIB2					
OG0004911	tr|D0C8A7|D0C8A7_ACIB2					
OG0004912	tr|D0C8A8|D0C8A8_ACIB2					
OG0004913	tr|D0C8A9|D0C8A9_ACIB2					
OG0004914	tr|D0C8B0|D0C8B0_ACIB2					
OG0004915	tr|D0C8B5|D0C8B5_ACIB2					
OG0004916	tr|D0C8B7|D0C8B7_ACIB2					
OG0004917	tr|D0C8B9|D0C8B9_ACIB2					
OG0004918	tr|D0C8H0|D0C8H0_ACIB2					
OG0004919	tr|D0C8I6|D0C8I6_ACIB2					
OG0004920	tr|D0C8I8|D0C8I8_ACIB2					
OG0004921	tr|D0C8I9|D0C8I9_ACIB2					
OG0004922	tr|D0C8J0|D0C8J0_ACIB2					
OG0004923	tr|D0C8J1|D0C8J1_ACIB2					
OG0004924	tr|D0C8J2|D0C8J2_ACIB2					
OG0004925	tr|D0C8L8|D0C8L8_ACIB2					
OG0004926	tr|D0C8L9|D0C8L9_ACIB2					
OG0004927	tr|D0C8M1|D0C8M1_ACIB2					
OG0004928	tr|D0C8N0|D0C8N0_ACIB2					
OG0004929	tr|D0C8N9|D0C8N9_ACIB2					
OG0004930	tr|D0C8P0|D0C8P0_ACIB2					
OG0004931	tr|D0C8P6|D0C8P6_ACIB2					
OG0004932	tr|D0C8P7|D0C8P7_ACIB2					
OG0004933	tr|D0C8Q3|D0C8Q3_ACIB2					
OG0004934	tr|D0C8Q4|D0C8Q4_ACIB2					
OG0004935	tr|D0C8R1|D0C8R1_ACIB2					
OG0004936	tr|D0C8R3|D0C8R3_ACIB2					
OG0004937	tr|D0C8R4|D0C8R4_ACIB2					
OG0004938	tr|D0C8S3|D0C8S3_ACIB2					
OG0004939	tr|D0C8S5|D0C8S5_ACIB2					
OG0004940	tr|D0C8S8|D0C8S8_ACIB2					
OG0004941	tr|D0C8T0|D0C8T0_ACIB2					
OG0004942	tr|D0C8T2|D0C8T2_ACIB2					
OG0004943	tr|D0C8U0|D0C8U0_ACIB2					
OG0004944	tr|D0C8U3|D0C8U3_ACIB2					
OG0004945	tr|D0C8V6|D0C8V6_ACIB2					
OG0004946	tr|D0C8V7|D0C8V7_ACIB2					
OG0004947	tr|D0C8W0|D0C8W0_ACIB2					
OG0004948	tr|D0C8X4|D0C8X4_ACIB2					
OG0004949	tr|D0C8X7|D0C8X7_ACIB2					
OG0004950	tr|D0C8X8|D0C8X8_ACIB2					
OG0004951	tr|D0C8Y2|D0C8Y2_ACIB2					
OG0004952	tr|D0C8Y8|D0C8Y8_ACIB2					
OG0004953	tr|D0C8Y9|D0C8Y9_ACIB2					
OG0004954	tr|D0C900|D0C900_ACIB2					
OG0004955	tr|D0C901|D0C901_ACIB2					
OG0004956	tr|D0C903|D0C903_ACIB2					
OG0004957	tr|D0C911|D0C911_ACIB2					
OG0004958	tr|D0C915|D0C915_ACIB2					
OG0004959	tr|D0C917|D0C917_ACIB2					
OG0004960	tr|D0C927|D0C927_ACIB2					
OG0004961	tr|D0C928|D0C928_ACIB2					
OG0004962	tr|D0C929|D0C929_ACIB2					
OG0004963	tr|D0C930|D0C930_ACIB2					
OG0004964	tr|D0C933|D0C933_ACIB2					
OG0004965	tr|D0C935|D0C935_ACIB2					
OG0004966	tr|D0C936|D0C936_ACIB2					
OG0004967	tr|D0C937|D0C937_ACIB2					
OG0004968	tr|D0C940|D0C940_ACIB2					
OG0004969	tr|D0C943|D0C943_ACIB2					
OG0004970	tr|D0C948|D0C948_ACIB2					
OG0004971	tr|D0C956|D0C956_ACIB2					
OG0004972	tr|D0C957|D0C957_ACIB2					
OG0004973	tr|D0C958|D0C958_ACIB2					
OG0004974	tr|D0C960|D0C960_ACIB2					
OG0004975	tr|D0C962|D0C962_ACIB2					
OG0004976	tr|D0C964|D0C964_ACIB2					
OG0004977	tr|D0C965|D0C965_ACIB2					
OG0004978	tr|D0C966|D0C966_ACIB2					
OG0004979	tr|D0C969|D0C969_ACIB2					
OG0004980	tr|D0C984|D0C984_ACIB2					
OG0004981	tr|D0C985|D0C985_ACIB2					
OG0004982	tr|D0C996|D0C996_ACIB2					
OG0004983	tr|D0C998|D0C998_ACIB2					
OG0004984	tr|D0C9C0|D0C9C0_ACIB2					
OG0004985	tr|D0C9C6|D0C9C6_ACIB2					
OG0004986	tr|D0C9C7|D0C9C7_ACIB2					
OG0004987	tr|D0C9C9|D0C9C9_ACIB2					
OG0004988	tr|D0C9D0|D0C9D0_ACIB2					
OG0004989	tr|D0C9D4|D0C9D4_ACIB2					
OG0004990	tr|D0C9F4|D0C9F4_ACIB2					
OG0004991	tr|D0C9F7|D0C9F7_ACIB2					
OG0004992	tr|D0C9F8|D0C9F8_ACIB2					
OG0004993	tr|D0C9G0|D0C9G0_ACIB2					
OG0004994	tr|D0C9G4|D0C9G4_ACIB2					
OG0004995	tr|D0C9G7|D0C9G7_ACIB2					
OG0004996	tr|D0C9G9|D0C9G9_ACIB2					
OG0004997	tr|D0C9H6|D0C9H6_ACIB2					
OG0004998	tr|D0C9H7|D0C9H7_ACIB2					
OG0004999	tr|D0C9H8|D0C9H8_ACIB2					
OG0005000	tr|D0C9L3|D0C9L3_ACIB2					
OG0005001	tr|D0C9L4|D0C9L4_ACIB2					
OG0005002	tr|D0C9N9|D0C9N9_ACIB2					
OG0005003	tr|D0C9P5|D0C9P5_ACIB2					
OG0005004	tr|D0C9P9|D0C9P9_ACIB2					
OG0005005	tr|D0C9Q6|D0C9Q6_ACIB2					
OG0005006	tr|D0C9R3|D0C9R3_ACIB2					
OG0005007	tr|D0C9S3|D0C9S3_ACIB2					
OG0005008	tr|D0C9T3|D0C9T3_ACIB2					
OG0005009	tr|D0C9T4|D0C9T4_ACIB2					
OG0005010	tr|D0C9U3|D0C9U3_ACIB2					
OG0005011	tr|D0C9U4|D0C9U4_ACIB2					
OG0005012	tr|D0C9U5|D0C9U5_ACIB2					
OG0005013	tr|D0C9U7|D0C9U7_ACIB2					
OG0005014	tr|D0C9U8|D0C9U8_ACIB2					
OG0005015	tr|D0C9U9|D0C9U9_ACIB2					
OG0005016	tr|D0C9V2|D0C9V2_ACIB2					
OG0005017	tr|D0C9V3|D0C9V3_ACIB2					
OG0005018	tr|D0C9V4|D0C9V4_ACIB2					
OG0005019	tr|D0C9V5|D0C9V5_ACIB2					
OG0005020	tr|D0C9V7|D0C9V7_ACIB2					
OG0005021	tr|D0C9V8|D0C9V8_ACIB2					
OG0005022	tr|D0C9V9|D0C9V9_ACIB2					
OG0005023	tr|D0C9W0|D0C9W0_ACIB2					
OG0005024	tr|D0C9W1|D0C9W1_ACIB2					
OG0005025	tr|D0C9W2|D0C9W2_ACIB2					
OG0005026	tr|D0C9W3|D0C9W3_ACIB2					
OG0005027	tr|D0C9W5|D0C9W5_ACIB2					
OG0005028	tr|D0C9W6|D0C9W6_ACIB2					
OG0005029	tr|D0C9W7|D0C9W7_ACIB2					
OG0005030	tr|D0C9W8|D0C9W8_ACIB2					
OG0005031	tr|D0C9W9|D0C9W9_ACIB2					
OG0005032	tr|D0C9X0|D0C9X0_ACIB2					
OG0005033	tr|D0C9X1|D0C9X1_ACIB2					
OG0005034	tr|D0C9X2|D0C9X2_ACIB2					
OG0005035	tr|D0C9X3|D0C9X3_ACIB2					
OG0005036	tr|D0C9X4|D0C9X4_ACIB2					
OG0005037	tr|D0C9X5|D0C9X5_ACIB2					
OG0005038	tr|D0C9X6|D0C9X6_ACIB2					
OG0005039	tr|D0C9Y5|D0C9Y5_ACIB2					
OG0005040	tr|D0C9Y8|D0C9Y8_ACIB2					
OG0005041	tr|D0C9Y9|D0C9Y9_ACIB2					
OG0005042	tr|D0C9Z5|D0C9Z5_ACIB2					
OG0005043	tr|D0CA04|D0CA04_ACIB2					
OG0005044	tr|D0CA10|D0CA10_ACIB2					
OG0005045	tr|D0CA12|D0CA12_ACIB2					
OG0005046	tr|D0CA15|D0CA15_ACIB2					
OG0005047	tr|D0CA23|D0CA23_ACIB2					
OG0005048	tr|D0CA37|D0CA37_ACIB2					
OG0005049	tr|D0CA44|D0CA44_ACIB2					
OG0005050	tr|D0CA47|D0CA47_ACIB2					
OG0005051	tr|D0CA48|D0CA48_ACIB2					
OG0005052	tr|D0CA51|D0CA51_ACIB2					
OG0005053	tr|D0CA54|D0CA54_ACIB2					
OG0005054	tr|D0CA58|D0CA58_ACIB2					
OG0005055	tr|D0CA69|D0CA69_ACIB2					
OG0005056	tr|D0CA73|D0CA73_ACIB2					
OG0005057	tr|D0CA78|D0CA78_ACIB2					
OG0005058	tr|D0CAA7|D0CAA7_ACIB2					
OG0005059	tr|D0CAA8|D0CAA8_ACIB2					
OG0005060	tr|D0CAB3|D0CAB3_ACIB2					
OG0005061	tr|D0CAB9|D0CAB9_ACIB2					
OG0005062	tr|D0CAC8|D0CAC8_ACIB2					
OG0005063	tr|D0CAG8|D0CAG8_ACIB2					
OG0005064	tr|D0CAH8|D0CAH8_ACIB2					
OG0005065	tr|D0CAI0|D0CAI0_ACIB2					
OG0005066	tr|D0CAI8|D0CAI8_ACIB2					
OG0005067	tr|D0CAI9|D0CAI9_ACIB2					
OG0005068	tr|D0CAJ0|D0CAJ0_ACIB2					
OG0005069	tr|D0CAJ1|D0CAJ1_ACIB2					
OG0005070	tr|D0CAJ2|D0CAJ2_ACIB2					
OG0005071	tr|D0CAJ3|D0CAJ3_ACIB2					
OG0005072	tr|D0CAJ4|D0CAJ4_ACIB2					
OG0005073	tr|D0CAJ5|D0CAJ5_ACIB2					
OG0005074	tr|D0CAJ8|D0CAJ8_ACIB2					
OG0005075	tr|D0CAJ9|D0CAJ9_ACIB2					
OG0005076	tr|D0CAL3|D0CAL3_ACIB2					
OG0005077	tr|D0CAL5|D0CAL5_ACIB2					
OG0005078	tr|D0CAL6|D0CAL6_ACIB2					
OG0005079	tr|D0CAL9|D0CAL9_ACIB2					
OG0005080	tr|D0CAM1|D0CAM1_ACIB2					
OG0005081	tr|D0CAN0|D0CAN0_ACIB2					
OG0005082	tr|D0CAN3|D0CAN3_ACIB2					
OG0005083	tr|D0CAN9|D0CAN9_ACIB2					
OG0005084	tr|D0CAP1|D0CAP1_ACIB2					
OG0005085	tr|D0CAP6|D0CAP6_ACIB2					
OG0005086	tr|D0CAQ9|D0CAQ9_ACIB2					
OG0005087	tr|D0CAR0|D0CAR0_ACIB2					
OG0005088	tr|D0CAS2|D0CAS2_ACIB2					
OG0005089	tr|D0CAS6|D0CAS6_ACIB2					
OG0005090	tr|D0CAT0|D0CAT0_ACIB2					
OG0005091	tr|D0CAT8|D0CAT8_ACIB2					
OG0005092	tr|D0CAU6|D0CAU6_ACIB2					
OG0005093	tr|D0CAV4|D0CAV4_ACIB2					
OG0005094	tr|D0CAV6|D0CAV6_ACIB2					
OG0005095	tr|D0CAV8|D0CAV8_ACIB2					
OG0005096	tr|D0CAW0|D0CAW0_ACIB2					
OG0005097	tr|D0CAW3|D0CAW3_ACIB2					
OG0005098	tr|D0CAY0|D0CAY0_ACIB2					
OG0005099	tr|D0CAY3|D0CAY3_ACIB2					
OG0005100	tr|D0CAY8|D0CAY8_ACIB2					
OG0005101	tr|D0CAZ7|D0CAZ7_ACIB2					
OG0005102	tr|D0CB01|D0CB01_ACIB2					
OG0005103	tr|D0CB02|D0CB02_ACIB2					
OG0005104	tr|D0CB04|D0CB04_ACIB2					
OG0005105	tr|D0CB29|D0CB29_ACIB2					
OG0005106	tr|D0CB30|D0CB30_ACIB2					
OG0005107	tr|D0CB31|D0CB31_ACIB2					
OG0005108	tr|D0CB33|D0CB33_ACIB2					
OG0005109	tr|D0CB34|D0CB34_ACIB2					
OG0005110	tr|D0CB45|D0CB45_ACIB2					
OG0005111	tr|D0CB53|D0CB53_ACIB2					
OG0005112	tr|D0CB55|D0CB55_ACIB2					
OG0005113	tr|D0CB70|D0CB70_ACIB2					
OG0005114	tr|D0CB71|D0CB71_ACIB2					
OG0005115	tr|D0CB84|D0CB84_ACIB2					
OG0005116	tr|D0CB88|D0CB88_ACIB2					
OG0005117	tr|D0CBA5|D0CBA5_ACIB2					
OG0005118	tr|D0CBA8|D0CBA8_ACIB2					
OG0005119	tr|D0CBB0|D0CBB0_ACIB2					
OG0005120	tr|D0CBB1|D0CBB1_ACIB2					
OG0005121	tr|D0CBB2|D0CBB2_ACIB2					
OG0005122	tr|D0CBB9|D0CBB9_ACIB2					
OG0005123	tr|D0CBC0|D0CBC0_ACIB2					
OG0005124	tr|D0CBC5|D0CBC5_ACIB2					
OG0005125	tr|D0CBC6|D0CBC6_ACIB2					
OG0005126	tr|D0CBD0|D0CBD0_ACIB2					
OG0005127	tr|D0CBD6|D0CBD6_ACIB2					
OG0005128	tr|D0CBE2|D0CBE2_ACIB2					
OG0005129	tr|D0CBE9|D0CBE9_ACIB2					
OG0005130	tr|D0CBF1|D0CBF1_ACIB2					
OG0005131	tr|D0CBF2|D0CBF2_ACIB2					
OG0005132	tr|D0CBF3|D0CBF3_ACIB2					
OG0005133	tr|D0CBF4|D0CBF4_ACIB2					
OG0005134	tr|D0CBG1|D0CBG1_ACIB2					
OG0005135	tr|D0CBG8|D0CBG8_ACIB2					
OG0005136	tr|D0CBH0|D0CBH0_ACIB2					
OG0005137	tr|D0CBI1|D0CBI1_ACIB2					
OG0005138	tr|D0CBI3|D0CBI3_ACIB2					
OG0005139	tr|D0CBI7|D0CBI7_ACIB2					
OG0005140	tr|D0CBI8|D0CBI8_ACIB2					
OG0005141	tr|D0CBJ0|D0CBJ0_ACIB2					
OG0005142	tr|D0CBJ1|D0CBJ1_ACIB2					
OG0005143	tr|D0CBK4|D0CBK4_ACIB2					
OG0005144	tr|D0CBK5|D0CBK5_ACIB2					
OG0005145	tr|D0CBK6|D0CBK6_ACIB2					
OG0005146	tr|D0CBK7|D0CBK7_ACIB2					
OG0005147	tr|D0CBL1|D0CBL1_ACIB2					
OG0005148	tr|D0CBM4|D0CBM4_ACIB2					
OG0005149	tr|D0CBM5|D0CBM5_ACIB2					
OG0005150	tr|D0CBN1|D0CBN1_ACIB2					
OG0005151	tr|D0CBN2|D0CBN2_ACIB2					
OG0005152	tr|D0CBN6|D0CBN6_ACIB2					
OG0005153	tr|D0CBQ5|D0CBQ5_ACIB2					
OG0005154	tr|D0CBR0|D0CBR0_ACIB2					
OG0005155	tr|D0CBR4|D0CBR4_ACIB2					
OG0005156	tr|D0CBR6|D0CBR6_ACIB2					
OG0005157	tr|D0CBR8|D0CBR8_ACIB2					
OG0005158	tr|D0CBS3|D0CBS3_ACIB2					
OG0005159	tr|D0CBS4|D0CBS4_ACIB2					
OG0005160	tr|D0CBT2|D0CBT2_ACIB2					
OG0005161	tr|D0CBT4|D0CBT4_ACIB2					
OG0005162	tr|D0CBT5|D0CBT5_ACIB2					
OG0005163	tr|D0CBT7|D0CBT7_ACIB2					
OG0005164	tr|D0CBT8|D0CBT8_ACIB2					
OG0005165	tr|D0CBV4|D0CBV4_ACIB2					
OG0005166	tr|D0CBV5|D0CBV5_ACIB2					
OG0005167	tr|D0CBW0|D0CBW0_ACIB2					
OG0005168	tr|D0CBX2|D0CBX2_ACIB2					
OG0005169	tr|D0CBX6|D0CBX6_ACIB2					
OG0005170	tr|D0CBY9|D0CBY9_ACIB2					
OG0005171	tr|D0CBZ0|D0CBZ0_ACIB2					
OG0005172	tr|D0CC06|D0CC06_ACIB2					
OG0005173	tr|D0CC07|D0CC07_ACIB2					
OG0005174	tr|D0CC08|D0CC08_ACIB2					
OG0005175	tr|D0CC15|D0CC15_ACIB2					
OG0005176	tr|D0CC16|D0CC16_ACIB2					
OG0005177	tr|D0CC27|D0CC27_ACIB2					
OG0005178	tr|D0CC29|D0CC29_ACIB2					
OG0005179	tr|D0CC35|D0CC35_ACIB2					
OG0005180	tr|D0CC54|D0CC54_ACIB2					
OG0005181	tr|D0CC65|D0CC65_ACIB2					
OG0005182	tr|D0CC76|D0CC76_ACIB2					
OG0005183	tr|D0CC80|D0CC80_ACIB2					
OG0005184	tr|D0CC81|D0CC81_ACIB2					
OG0005185	tr|D0CC85|D0CC85_ACIB2					
OG0005186	tr|D0CC91|D0CC91_ACIB2					
OG0005187	tr|D0CC92|D0CC92_ACIB2					
OG0005188	tr|D0CC94|D0CC94_ACIB2					
OG0005189	tr|D0CC95|D0CC95_ACIB2					
OG0005190	tr|D0CC97|D0CC97_ACIB2					
OG0005191	tr|D0CC99|D0CC99_ACIB2					
OG0005192	tr|D0CCA0|D0CCA0_ACIB2					
OG0005193	tr|D0CCA1|D0CCA1_ACIB2					
OG0005194	tr|D0CCA2|D0CCA2_ACIB2					
OG0005195	tr|D0CCA8|D0CCA8_ACIB2					
OG0005196	tr|D0CCA9|D0CCA9_ACIB2					
OG0005197	tr|D0CCB0|D0CCB0_ACIB2					
OG0005198	tr|D0CCB2|D0CCB2_ACIB2					
OG0005199	tr|D0CCB3|D0CCB3_ACIB2					
OG0005200	tr|D0CCB5|D0CCB5_ACIB2					
OG0005201	tr|D0CCB8|D0CCB8_ACIB2					
OG0005202	tr|D0CCB9|D0CCB9_ACIB2					
OG0005203	tr|D0CCC0|D0CCC0_ACIB2					
OG0005204	tr|D0CCC1|D0CCC1_ACIB2					
OG0005205	tr|D0CCC2|D0CCC2_ACIB2					
OG0005206	tr|D0CCC3|D0CCC3_ACIB2					
OG0005207	tr|D0CCC4|D0CCC4_ACIB2					
OG0005208	tr|D0CCC5|D0CCC5_ACIB2					
OG0005209	tr|D0CCC6|D0CCC6_ACIB2					
OG0005210	tr|D0CCD3|D0CCD3_ACIB2					
OG0005211	tr|D0CCD5|D0CCD5_ACIB2					
OG0005212	tr|D0CCD7|D0CCD7_ACIB2					
OG0005213	tr|D0CCE0|D0CCE0_ACIB2					
OG0005214	tr|D0CCE1|D0CCE1_ACIB2					
OG0005215	tr|D0CCE2|D0CCE2_ACIB2					
OG0005216	tr|D0CCE4|D0CCE4_ACIB2					
OG0005217	tr|D0CCE5|D0CCE5_ACIB2					
OG0005218	tr|D0CCE6|D0CCE6_ACIB2					
OG0005219	tr|D0CCE7|D0CCE7_ACIB2					
OG0005220	tr|D0CCE8|D0CCE8_ACIB2					
OG0005221	tr|D0CCE9|D0CCE9_ACIB2					
OG0005222	tr|D0CCF0|D0CCF0_ACIB2					
OG0005223	tr|D0CCF1|D0CCF1_ACIB2					
OG0005224	tr|D0CCG2|D0CCG2_ACIB2					
OG0005225	tr|D0CCG8|D0CCG8_ACIB2					
OG0005226	tr|D0CCH1|D0CCH1_ACIB2					
OG0005227	tr|D0CCH3|D0CCH3_ACIB2					
OG0005228	tr|D0CCH4|D0CCH4_ACIB2					
OG0005229	tr|D0CCH5|D0CCH5_ACIB2					
OG0005230	tr|D0CCH8|D0CCH8_ACIB2					
OG0005231	tr|D0CCH9|D0CCH9_ACIB2					
OG0005232	tr|D0CCI0|D0CCI0_ACIB2					
OG0005233	tr|D0CCI5|D0CCI5_ACIB2					
OG0005234	tr|D0CCI6|D0CCI6_ACIB2					
OG0005235	tr|D0CCI9|D0CCI9_ACIB2					
OG0005236	tr|D0CCJ7|D0CCJ7_ACIB2					
OG0005237	tr|D0CCK1|D0CCK1_ACIB2					
OG0005238	tr|D0CCL2|D0CCL2_ACIB2					
OG0005239	tr|D0CCL3|D0CCL3_ACIB2					
OG0005240	tr|D0CCL8|D0CCL8_ACIB2					
OG0005241	tr|D0CCL9|D0CCL9_ACIB2					
OG0005242	tr|D0CCM0|D0CCM0_ACIB2					
OG0005243	tr|D0CCM3|D0CCM3_ACIB2					
OG0005244	tr|D0CCP1|D0CCP1_ACIB2					
OG0005245	tr|D0CCP7|D0CCP7_ACIB2					
OG0005246	tr|D0CCP9|D0CCP9_ACIB2					
OG0005247	tr|D0CCR0|D0CCR0_ACIB2					
OG0005248	tr|D0CCR1|D0CCR1_ACIB2					
OG0005249	tr|D0CCT7|D0CCT7_ACIB2					
OG0005250	tr|D0CCT8|D0CCT8_ACIB2					
OG0005251	tr|D0CCT9|D0CCT9_ACIB2					
OG0005252	tr|D0CCU1|D0CCU1_ACIB2					
OG0005253	tr|D0CCU9|D0CCU9_ACIB2					
OG0005254	tr|D0CCV0|D0CCV0_ACIB2					
OG0005255	tr|D0CCV2|D0CCV2_ACIB2					
OG0005256	tr|D0CCV3|D0CCV3_ACIB2					
OG0005257	tr|D0CCW0|D0CCW0_ACIB2					
OG0005258	tr|D0CCW1|D0CCW1_ACIB2					
OG0005259	tr|D0CCW4|D0CCW4_ACIB2					
OG0005260	tr|D0CCW6|D0CCW6_ACIB2					
OG0005261	tr|D0CCX3|D0CCX3_ACIB2					
OG0005262	tr|D0CCX8|D0CCX8_ACIB2					
OG0005263	tr|D0CD27|D0CD27_ACIB2					
OG0005264	tr|D0CD28|D0CD28_ACIB2					
OG0005265	tr|D0CD29|D0CD29_ACIB2					
OG0005266	tr|D0CD31|D0CD31_ACIB2					
OG0005267	tr|D0CD38|D0CD38_ACIB2					
OG0005268	tr|D0CD45|D0CD45_ACIB2					
OG0005269	tr|D0CD46|D0CD46_ACIB2					
OG0005270	tr|D0CD52|D0CD52_ACIB2					
OG0005271	tr|D0CD54|D0CD54_ACIB2					
OG0005272	tr|D0CD55|D0CD55_ACIB2					
OG0005273	tr|D0CD61|D0CD61_ACIB2					
OG0005274	tr|D0CD70|D0CD70_ACIB2					
OG0005275	tr|D0CD81|D0CD81_ACIB2					
OG0005276	tr|D0CD82|D0CD82_ACIB2					
OG0005277	tr|D0CD83|D0CD83_ACIB2					
OG0005278	tr|D0CD88|D0CD88_ACIB2					
OG0005279	tr|D0CD89|D0CD89_ACIB2					
OG0005280	tr|D0CD93|D0CD93_ACIB2					
OG0005281	tr|D0CD94|D0CD94_ACIB2					
OG0005282	tr|D0CD95|D0CD95_ACIB2					
OG0005283	tr|D0CD96|D0CD96_ACIB2					
OG0005284	tr|D0CD97|D0CD97_ACIB2					
OG0005285	tr|D0CD99|D0CD99_ACIB2					
OG0005286	tr|D0CDA2|D0CDA2_ACIB2					
OG0005287	tr|D0CDA9|D0CDA9_ACIB2					
OG0005288	tr|D0CDB4|D0CDB4_ACIB2					
OG0005289	tr|D0CDC0|D0CDC0_ACIB2					
OG0005290	tr|D0CDD2|D0CDD2_ACIB2					
OG0005291	tr|D0CDE4|D0CDE4_ACIB2					
OG0005292	tr|D0CDE8|D0CDE8_ACIB2					
OG0005293	tr|D0CDF3|D0CDF3_ACIB2					
OG0005294	tr|D0CDG3|D0CDG3_ACIB2					
OG0005295	tr|D0CDG6|D0CDG6_ACIB2					
OG0005296	tr|D0CDH7|D0CDH7_ACIB2					
OG0005297	tr|D0CDI3|D0CDI3_ACIB2					
OG0005298	tr|D0CDJ1|D0CDJ1_ACIB2					
OG0005299	tr|D0CDJ5|D0CDJ5_ACIB2					
OG0005300	tr|D0CDJ6|D0CDJ6_ACIB2					
OG0005301	tr|D0CDK1|D0CDK1_ACIB2					
OG0005302	tr|D0CDK3|D0CDK3_ACIB2					
OG0005303	tr|D0CDL3|D0CDL3_ACIB2					
OG0005304	tr|D0CDN1|D0CDN1_ACIB2					
OG0005305	tr|D0CDP5|D0CDP5_ACIB2					
OG0005306	tr|D0CDP7|D0CDP7_ACIB2					
OG0005307	tr|D0CDR6|D0CDR6_ACIB2					
OG0005308	tr|D0CDR7|D0CDR7_ACIB2					
OG0005309	tr|D0CDS1|D0CDS1_ACIB2					
OG0005310	tr|D0CDT1|D0CDT1_ACIB2					
OG0005311	tr|D0CDU2|D0CDU2_ACIB2					
OG0005312	tr|D0CDU3|D0CDU3_ACIB2					
OG0005313	tr|D0CDU5|D0CDU5_ACIB2					
OG0005314	tr|D0CDU6|D0CDU6_ACIB2					
OG0005315	tr|D0CDU7|D0CDU7_ACIB2					
OG0005316	tr|D0CDU9|D0CDU9_ACIB2					
OG0005317	tr|D0CDV1|D0CDV1_ACIB2					
OG0005318	tr|D0CDW1|D0CDW1_ACIB2					
OG0005319	tr|D0CDW3|D0CDW3_ACIB2					
OG0005320	tr|D0CDW4|D0CDW4_ACIB2					
OG0005321	tr|D0CDX4|D0CDX4_ACIB2					
OG0005322	tr|D0CDZ5|D0CDZ5_ACIB2					
OG0005323	tr|D0CDZ6|D0CDZ6_ACIB2					
OG0005324	tr|D0CDZ8|D0CDZ8_ACIB2					
OG0005325	tr|D0CDZ9|D0CDZ9_ACIB2					
OG0005326	tr|D0CE01|D0CE01_ACIB2					
OG0005327	tr|D0CE02|D0CE02_ACIB2					
OG0005328	tr|D0CE03|D0CE03_ACIB2					
OG0005329	tr|D0CE04|D0CE04_ACIB2					
OG0005330	tr|D0CE12|D0CE12_ACIB2					
OG0005331	tr|D0CE14|D0CE14_ACIB2					
OG0005332	tr|D0CE16|D0CE16_ACIB2					
OG0005333	tr|D0CE18|D0CE18_ACIB2					
OG0005334	tr|D0CE29|D0CE29_ACIB2					
OG0005335	tr|D0CE31|D0CE31_ACIB2					
OG0005336	tr|D0CE35|D0CE35_ACIB2					
OG0005337	tr|D0CE41|D0CE41_ACIB2					
OG0005338	tr|D0CE47|D0CE47_ACIB2					
OG0005339	tr|D0CE48|D0CE48_ACIB2					
OG0005340	tr|D0CE49|D0CE49_ACIB2					
OG0005341	tr|D0CE50|D0CE50_ACIB2					
OG0005342	tr|D0CE89|D0CE89_ACIB2					
OG0005343	tr|D0CE93|D0CE93_ACIB2					
OG0005344	tr|D0CE97|D0CE97_ACIB2					
OG0005345	tr|D0CE99|D0CE99_ACIB2					
OG0005346	tr|D0CEA2|D0CEA2_ACIB2					
OG0005347	tr|D0CEB0|D0CEB0_ACIB2					
OG0005348	tr|D0CEB1|D0CEB1_ACIB2					
OG0005349	tr|D0CEB3|D0CEB3_ACIB2					
OG0005350	tr|D0CEB8|D0CEB8_ACIB2					
OG0005351	tr|D0CEC0|D0CEC0_ACIB2					
OG0005352	tr|D0CEC1|D0CEC1_ACIB2					
OG0005353	tr|D0CEC2|D0CEC2_ACIB2					
OG0005354	tr|D0CEC9|D0CEC9_ACIB2					
OG0005355	tr|D0CED0|D0CED0_ACIB2					
OG0005356	tr|D0CED1|D0CED1_ACIB2					
OG0005357	tr|D0CED3|D0CED3_ACIB2					
OG0005358	tr|D0CED4|D0CED4_ACIB2					
OG0005359	tr|D0CED5|D0CED5_ACIB2					
OG0005360	tr|D0CED6|D0CED6_ACIB2					
OG0005361	tr|D0CED7|D0CED7_ACIB2					
OG0005362	tr|D0CED8|D0CED8_ACIB2					
OG0005363	tr|D0CED9|D0CED9_ACIB2					
OG0005364	tr|D0CEE0|D0CEE0_ACIB2					
OG0005365	tr|D0CEE1|D0CEE1_ACIB2					
OG0005366	tr|D0CEE2|D0CEE2_ACIB2					
OG0005367	tr|D0CEE3|D0CEE3_ACIB2					
OG0005368	tr|D0CEE4|D0CEE4_ACIB2					
OG0005369	tr|D0CEE5|D0CEE5_ACIB2					
OG0005370	tr|D0CEE6|D0CEE6_ACIB2					
OG0005371	tr|D0CEF0|D0CEF0_ACIB2					
OG0005372	tr|D0CEF3|D0CEF3_ACIB2					
OG0005373	tr|D0CEF4|D0CEF4_ACIB2					
OG0005374	tr|D0CEF8|D0CEF8_ACIB2					
OG0005375	tr|D0CEG1|D0CEG1_ACIB2					
OG0005376	tr|D0CEG4|D0CEG4_ACIB2					
OG0005377	tr|D0CEH3|D0CEH3_ACIB2					
OG0005378	tr|D0CEH5|D0CEH5_ACIB2					
OG0005379	tr|D0CEH9|D0CEH9_ACIB2					
OG0005380	tr|D0CEI1|D0CEI1_ACIB2					
OG0005381	tr|D0CEI2|D0CEI2_ACIB2					
OG0005382	tr|D0CEI7|D0CEI7_ACIB2					
OG0005383	tr|D0CEJ2|D0CEJ2_ACIB2					
OG0005384	tr|D0CEK2|D0CEK2_ACIB2					
OG0005385	tr|D0CEM4|D0CEM4_ACIB2					
OG0005386	tr|D0CEN2|D0CEN2_ACIB2					
OG0005387	tr|D0CEN4|D0CEN4_ACIB2					
OG0005388	tr|D0CEN8|D0CEN8_ACIB2					
OG0005389	tr|D0CER7|D0CER7_ACIB2					
OG0005390	tr|D0CER8|D0CER8_ACIB2					
OG0005391	tr|D0CER9|D0CER9_ACIB2					
OG0005392	tr|D0CES0|D0CES0_ACIB2					
OG0005393	tr|D0CES2|D0CES2_ACIB2					
OG0005394	tr|D0CES5|D0CES5_ACIB2					
OG0005395	tr|D0CES6|D0CES6_ACIB2					
OG0005396	tr|D0CES8|D0CES8_ACIB2					
OG0005397	tr|D0CES9|D0CES9_ACIB2					
OG0005398	tr|D0CEU9|D0CEU9_ACIB2					
OG0005399	tr|D0CEV0|D0CEV0_ACIB2					
OG0005400	tr|D0CEV1|D0CEV1_ACIB2					
OG0005401	tr|D0CEW6|D0CEW6_ACIB2					
OG0005402	tr|D0CEW8|D0CEW8_ACIB2					
OG0005403	tr|D0CEW9|D0CEW9_ACIB2					
OG0005404	tr|D0CEX0|D0CEX0_ACIB2					
OG0005405	tr|D0CEX1|D0CEX1_ACIB2					
OG0005406	tr|D0CEX2|D0CEX2_ACIB2					
OG0005407	tr|D0CEX3|D0CEX3_ACIB2					
OG0005408	tr|D0CEX4|D0CEX4_ACIB2					
OG0005409	tr|D0CEX5|D0CEX5_ACIB2					
OG0005410	tr|D0CEX7|D0CEX7_ACIB2					
OG0005411	tr|D0CEX8|D0CEX8_ACIB2					
OG0005412	tr|D0CEY0|D0CEY0_ACIB2					
OG0005413	tr|D0CEY1|D0CEY1_ACIB2					
OG0005414	tr|D0CEY2|D0CEY2_ACIB2					
OG0005415	tr|D0CEY3|D0CEY3_ACIB2					
OG0005416	tr|D0CEY6|D0CEY6_ACIB2					
OG0005417	tr|D0CEY7|D0CEY7_ACIB2					
OG0005418	tr|D0CEY8|D0CEY8_ACIB2					
OG0005419	tr|D0CEZ0|D0CEZ0_ACIB2					
OG0005420	tr|D0CEZ1|D0CEZ1_ACIB2					
OG0005421	tr|D0CEZ2|D0CEZ2_ACIB2					
OG0005422	tr|D0CEZ7|D0CEZ7_ACIB2					
OG0005423	tr|D0CEZ9|D0CEZ9_ACIB2					
OG0005424	tr|D0CF01|D0CF01_ACIB2					
OG0005425	tr|D0CF03|D0CF03_ACIB2					
OG0005426	tr|D0CF04|D0CF04_ACIB2					
OG0005427	tr|D0CF05|D0CF05_ACIB2					
OG0005428	tr|D0CF06|D0CF06_ACIB2					
OG0005429	tr|D0CF08|D0CF08_ACIB2					
OG0005430	tr|D0CF09|D0CF09_ACIB2					
OG0005431	tr|D0CF12|D0CF12_ACIB2					
OG0005432	tr|D0CF13|D0CF13_ACIB2					
OG0005433	tr|D0CF14|D0CF14_ACIB2					
OG0005434	tr|D0CF15|D0CF15_ACIB2					
OG0005435	tr|D0CF52|D0CF52_ACIB2					
OG0005436	tr|D0CF61|D0CF61_ACIB2					
OG0005437	tr|D0CF65|D0CF65_ACIB2					
OG0005438	tr|D0CF83|D0CF83_ACIB2					
OG0005439	tr|D0CF84|D0CF84_ACIB2					
OG0005440	tr|D0CF85|D0CF85_ACIB2					
OG0005441	tr|D0CF89|D0CF89_ACIB2					
OG0005442	tr|D0CF97|D0CF97_ACIB2					
OG0005443	tr|D0CFA5|D0CFA5_ACIB2					
OG0005444	tr|D0CFA6|D0CFA6_ACIB2					
OG0005445	tr|D0CFB0|D0CFB0_ACIB2					
OG0005446	tr|D0CFB3|D0CFB3_ACIB2					
OG0005447	tr|D0CFC0|D0CFC0_ACIB2					
OG0005448	tr|D0CFC2|D0CFC2_ACIB2					
OG0005449	tr|D0CFD5|D0CFD5_ACIB2					
OG0005450	tr|D0CFF5|D0CFF5_ACIB2					
OG0005451	tr|D0CFF7|D0CFF7_ACIB2					
OG0005452	tr|D0CFH3|D0CFH3_ACIB2					
OG0005453	tr|D0CFH9|D0CFH9_ACIB2					
OG0005454	tr|D0CFI0|D0CFI0_ACIB2					
OG0005455	tr|D0CFJ2|D0CFJ2_ACIB2					
OG0005456	tr|D0CFJ3|D0CFJ3_ACIB2					
OG0005457	tr|D0CFJ4|D0CFJ4_ACIB2					
OG0005458	tr|D0CFK3|D0CFK3_ACIB2					
OG0005459	tr|D0CFL2|D0CFL2_ACIB2					
OG0005460	tr|D0CFL6|D0CFL6_ACIB2					
OG0005461	tr|D0CFM1|D0CFM1_ACIB2					
OG0005462	tr|D0CFM8|D0CFM8_ACIB2					
OG0005463	tr|D0CFN1|D0CFN1_ACIB2					
OG0005464	tr|D0CFN2|D0CFN2_ACIB2					
OG0005465	tr|D0CFN3|D0CFN3_ACIB2					
OG0005466	tr|D0CFN4|D0CFN4_ACIB2					
OG0005467	tr|D0CFN5|D0CFN5_ACIB2					
OG0005468	tr|D0CFN6|D0CFN6_ACIB2					
OG0005469	tr|D0CFN7|D0CFN7_ACIB2					
OG0005470	tr|D0CFN8|D0CFN8_ACIB2					
OG0005471	tr|D0CFN9|D0CFN9_ACIB2					
OG0005472	tr|D0CFP0|D0CFP0_ACIB2					
OG0005473	tr|D0CFP1|D0CFP1_ACIB2					
OG0005474	tr|D0CFP2|D0CFP2_ACIB2					
OG0005475	tr|D0CFP3|D0CFP3_ACIB2					
OG0005476	tr|D0CFP4|D0CFP4_ACIB2					
OG0005477	tr|D0CFP5|D0CFP5_ACIB2					
OG0005478	tr|D0CFP6|D0CFP6_ACIB2					
OG0005479	tr|D0CFP8|D0CFP8_ACIB2					
OG0005480	tr|D0CFP9|D0CFP9_ACIB2					
OG0005481	tr|D0CFQ0|D0CFQ0_ACIB2					
OG0005482	tr|D0CFQ3|D0CFQ3_ACIB2					
OG0005483	tr|D0CFQ4|D0CFQ4_ACIB2					
OG0005484	tr|D0CFQ6|D0CFQ6_ACIB2					
OG0005485	tr|D0CFR0|D0CFR0_ACIB2					
OG0005486	tr|D0CFR1|D0CFR1_ACIB2					
OG0005487	tr|D0CFR2|D0CFR2_ACIB2					
OG0005488	tr|D0CFR7|D0CFR7_ACIB2					
OG0005489	tr|D0CFR9|D0CFR9_ACIB2					
OG0005490	tr|D0CFS0|D0CFS0_ACIB2					
OG0005491	tr|D0CFS4|D0CFS4_ACIB2					
OG0005492	tr|D0CFS5|D0CFS5_ACIB2					
OG0005493	tr|D0CFS8|D0CFS8_ACIB2					
OG0005494	tr|D0CFT6|D0CFT6_ACIB2					
OG0005495	tr|D0CFT7|D0CFT7_ACIB2					
OG0005496	tr|D0CFU4|D0CFU4_ACIB2					
OG0005497	tr|D0CFU5|D0CFU5_ACIB2					
OG0005498	tr|D0CFU8|D0CFU8_ACIB2					
OG0005499	tr|D0CFV2|D0CFV2_ACIB2					
OG0005500	tr|D0CFW8|D0CFW8_ACIB2					
OG0005501	tr|D0CFX1|D0CFX1_ACIB2					
OG0005502	tr|D0CFX4|D0CFX4_ACIB2					
OG0005503	tr|D0CFX5|D0CFX5_ACIB2					
OG0005504	tr|D0CFX7|D0CFX7_ACIB2					
OG0005505	tr|D0CFY2|D0CFY2_ACIB2					
OG0005506	tr|D0CFY6|D0CFY6_ACIB2					
OG0005507	tr|D0CFZ2|D0CFZ2_ACIB2					
OG0005508	tr|D0CFZ6|D0CFZ6_ACIB2					
OG0005509	tr|D0CG11|D0CG11_ACIB2					
OG0005510	tr|D0CG21|D0CG21_ACIB2					
OG0005511	tr|D0CG29|D0CG29_ACIB2					
OG0005512	tr|D0CG30|D0CG30_ACIB2					
OG0005513	tr|D0CG39|D0CG39_ACIB2					
OG0005514	tr|D0CG46|D0CG46_ACIB2					
OG0005515	tr|D0CG49|D0CG49_ACIB2					
OG0005516	tr|D0CG51|D0CG51_ACIB2					
OG0005517	tr|D0CG54|D0CG54_ACIB2					
OG0005518	tr|D0CG55|D0CG55_ACIB2					
OG0005519	tr|D0CG56|D0CG56_ACIB2					
OG0005520	tr|D0CG57|D0CG57_ACIB2					
OG0005521	tr|D0CG58|D0CG58_ACIB2					
OG0005522	tr|D0CG59|D0CG59_ACIB2					
OG0005523	tr|D0CG63|D0CG63_ACIB2					
OG0005524	tr|D0CG65|D0CG65_ACIB2					
OG0005525	tr|D0CG68|D0CG68_ACIB2					
OG0005526	tr|D0CG69|D0CG69_ACIB2					
OG0005527	tr|D0CG70|D0CG70_ACIB2					
OG0005528	tr|D0CG71|D0CG71_ACIB2					
OG0005529	tr|D0CG72|D0CG72_ACIB2					
OG0005530	tr|D0CG73|D0CG73_ACIB2					
OG0005531	tr|D0CG79|D0CG79_ACIB2					
OG0005532	tr|D0CG80|D0CG80_ACIB2					
OG0005533	tr|D0CG84|D0CG84_ACIB2					
OG0005534		tr|B4E967|B4E967_BURCJ				
OG0005535		sp|B4EAS1|HPRK_BURCJ				
OG0005536		tr|B4EDD8|B4EDD8_BURCJ				
OG0005537		sp|B4EFS7|3HAO_BURCJ				
OG0005538		tr|B4ELD6|B4ELD6_BURCJ				
OG0005539		tr|B4EPF9|B4EPF9_BURCJ				
OG0005540		tr|B4EQM1|B4EQM1_BURCJ				
OG0005541		tr|B4E5V7|B4E5V7_BURCJ				
OG0005542		tr|B4E5Y6|B4E5Y6_BURCJ				
OG0005543		tr|B4E6J9|B4E6J9_BURCJ				
OG0005544		tr|B4E6M4|B4E6M4_BURCJ				
OG0005545		tr|B4E6P6|B4E6P6_BURCJ				
OG0005546		tr|B4E6Y9|B4E6Y9_BURCJ				
OG0005547		tr|B4E7E9|B4E7E9_BURCJ				
OG0005548		tr|B4E7P2|B4E7P2_BURCJ				
OG0005549		tr|B4E7W3|B4E7W3_BURCJ				
OG0005550		tr|B4E7W7|B4E7W7_BURCJ				
OG0005551		tr|B4E834|B4E834_BURCJ				
OG0005552		tr|B4E8R9|B4E8R9_BURCJ				
OG0005553		tr|B4E937|B4E937_BURCJ				
OG0005554		tr|B4E9E5|B4E9E5_BURCJ				
OG0005555		tr|B4E9P1|B4E9P1_BURCJ				
OG0005556		tr|B4EAA7|B4EAA7_BURCJ				
OG0005557		tr|B4EAR5|B4EAR5_BURCJ				
OG0005558		tr|B4EAV4|B4EAV4_BURCJ				
OG0005559		tr|B4EBD7|B4EBD7_BURCJ				
OG0005560		tr|B4EBH2|B4EBH2_BURCJ				
OG0005561		tr|B4ECD9|B4ECD9_BURCJ				
OG0005562		tr|B4ECN7|B4ECN7_BURCJ				
OG0005563		tr|B4ECR2|B4ECR2_BURCJ				
OG0005564		tr|B4ECV6|B4ECV6_BURCJ				
OG0005565		tr|B4ED06|B4ED06_BURCJ				
OG0005566		tr|B4ED72|B4ED72_BURCJ				
OG0005567		tr|B4EDB9|B4EDB9_BURCJ				
OG0005568		tr|B4EDI5|B4EDI5_BURCJ				
OG0005569		tr|B4EEA3|B4EEA3_BURCJ				
OG0005570		tr|B4EEA8|B4EEA8_BURCJ				
OG0005571		tr|B4EEG5|B4EEG5_BURCJ				
OG0005572		tr|B4EFF6|B4EFF6_BURCJ				
OG0005573		sp|B4EG09|ADC_BURCJ				
OG0005574		tr|B4EGB4|B4EGB4_BURCJ				
OG0005575		tr|B4EGS9|B4EGS9_BURCJ				
OG0005576		tr|B4EGT7|B4EGT7_BURCJ				
OG0005577		tr|B4EGU9|B4EGU9_BURCJ				
OG0005578		tr|B4EGV0|B4EGV0_BURCJ				
OG0005579		tr|B4EH00|B4EH00_BURCJ				
OG0005580		tr|B4EH17|B4EH17_BURCJ				
OG0005581		tr|B4EH18|B4EH18_BURCJ				
OG0005582		tr|B4EH19|B4EH19_BURCJ				
OG0005583		tr|B4EHC3|B4EHC3_BURCJ				
OG0005584		tr|B4EHY9|B4EHY9_BURCJ				
OG0005585		tr|B4EII1|B4EII1_BURCJ				
OG0005586		tr|B4EIN8|B4EIN8_BURCJ				
OG0005587		tr|B4EIR2|B4EIR2_BURCJ				
OG0005588		tr|B4EJK9|B4EJK9_BURCJ				
OG0005589		tr|B4EJX2|B4EJX2_BURCJ				
OG0005590		tr|B4EK81|B4EK81_BURCJ				
OG0005591		tr|B4EKA0|B4EKA0_BURCJ				
OG0005592		tr|B4EKH5|B4EKH5_BURCJ				
OG0005593		tr|B4ELJ7|B4ELJ7_BURCJ				
OG0005594		tr|B4EMV1|B4EMV1_BURCJ				
OG0005595		tr|B4EN30|B4EN30_BURCJ				
OG0005596		tr|B4ENF0|B4ENF0_BURCJ				
OG0005597		tr|B4ENN5|B4ENN5_BURCJ				
OG0005598		tr|B4EPM2|B4EPM2_BURCJ				
OG0005599		tr|B4EPN4|B4EPN4_BURCJ				
OG0005600		tr|B4EQ00|B4EQ00_BURCJ				
OG0005601		tr|B4EQ06|B4EQ06_BURCJ				
OG0005602		tr|B4EQ12|B4EQ12_BURCJ				
OG0005603		tr|B4EQ96|B4EQ96_BURCJ				
OG0005604		tr|B4EQH0|B4EQH0_BURCJ				
OG0005605		tr|B4EQL0|B4EQL0_BURCJ				
OG0005606		tr|B4EQM8|B4EQM8_BURCJ				
OG0005607		tr|B4EQP2|B4EQP2_BURCJ				
OG0005608		tr|B3KYE3|B3KYE3_BURCJ				
OG0005609		tr|B4E559|B4E559_BURCJ				
OG0005610		tr|B4E562|B4E562_BURCJ				
OG0005611		tr|B4E564|B4E564_BURCJ				
OG0005612		tr|B4E569|B4E569_BURCJ				
OG0005613		tr|B4E570|B4E570_BURCJ				
OG0005614		tr|B4E573|B4E573_BURCJ				
OG0005615		tr|B4E578|B4E578_BURCJ				
OG0005616		tr|B4E579|B4E579_BURCJ				
OG0005617		tr|B4E586|B4E586_BURCJ				
OG0005618		tr|B4E592|B4E592_BURCJ				
OG0005619		tr|B4E597|B4E597_BURCJ				
OG0005620		tr|B4E5A4|B4E5A4_BURCJ				
OG0005621		tr|B4E5F1|B4E5F1_BURCJ				
OG0005622		tr|B4E5G6|B4E5G6_BURCJ				
OG0005623		tr|B4E5G9|B4E5G9_BURCJ				
OG0005624		tr|B4E5H2|B4E5H2_BURCJ				
OG0005625		tr|B4E5H4|B4E5H4_BURCJ				
OG0005626		tr|B4E5I3|B4E5I3_BURCJ				
OG0005627		tr|B4E5I4|B4E5I4_BURCJ				
OG0005628		tr|B4E5I5|B4E5I5_BURCJ				
OG0005629		tr|B4E5I6|B4E5I6_BURCJ				
OG0005630		tr|B4E5I9|B4E5I9_BURCJ				
OG0005631		tr|B4E5J1|B4E5J1_BURCJ				
OG0005632		tr|B4E5J6|B4E5J6_BURCJ				
OG0005633		tr|B4E5K2|B4E5K2_BURCJ				
OG0005634		tr|B4E5K4|B4E5K4_BURCJ				
OG0005635		tr|B4E5K5|B4E5K5_BURCJ				
OG0005636		tr|B4E5K6|B4E5K6_BURCJ				
OG0005637		tr|B4E5K9|B4E5K9_BURCJ				
OG0005638		tr|B4E5M9|B4E5M9_BURCJ				
OG0005639		tr|B4E5N9|B4E5N9_BURCJ				
OG0005640		tr|B4E5P0|B4E5P0_BURCJ				
OG0005641		tr|B4E5T2|B4E5T2_BURCJ				
OG0005642		tr|B4E5U4|B4E5U4_BURCJ				
OG0005643		tr|B4E5U7|B4E5U7_BURCJ				
OG0005644		tr|B4E5W1|B4E5W1_BURCJ				
OG0005645		tr|B4E5W8|B4E5W8_BURCJ				
OG0005646		tr|B4E5Y4|B4E5Y4_BURCJ				
OG0005647		tr|B4E5Z5|B4E5Z5_BURCJ				
OG0005648		tr|B4E5Z8|B4E5Z8_BURCJ				
OG0005649		tr|B4E5Z9|B4E5Z9_BURCJ				
OG0005650		tr|B4E600|B4E600_BURCJ				
OG0005651		tr|B4E611|B4E611_BURCJ				
OG0005652		tr|B4E629|B4E629_BURCJ				
OG0005653		tr|B4E659|B4E659_BURCJ				
OG0005654		tr|B4E673|B4E673_BURCJ				
OG0005655		tr|B4E674|B4E674_BURCJ				
OG0005656		tr|B4E677|B4E677_BURCJ				
OG0005657		tr|B4E678|B4E678_BURCJ				
OG0005658		tr|B4E681|B4E681_BURCJ				
OG0005659		tr|B4E683|B4E683_BURCJ				
OG0005660		tr|B4E685|B4E685_BURCJ				
OG0005661		tr|B4E692|B4E692_BURCJ				
OG0005662		tr|B4E699|B4E699_BURCJ				
OG0005663		tr|B4E6A2|B4E6A2_BURCJ				
OG0005664		tr|B4E6B3|B4E6B3_BURCJ				
OG0005665		tr|B4E6B4|B4E6B4_BURCJ				
OG0005666		tr|B4E6B7|B4E6B7_BURCJ				
OG0005667		tr|B4E6C4|B4E6C4_BURCJ				
OG0005668		tr|B4E6C5|B4E6C5_BURCJ				
OG0005669		tr|B4E6C6|B4E6C6_BURCJ				
OG0005670		tr|B4E6D1|B4E6D1_BURCJ				
OG0005671		tr|B4E6D3|B4E6D3_BURCJ				
OG0005672		tr|B4E6E0|B4E6E0_BURCJ				
OG0005673		tr|B4E6E2|B4E6E2_BURCJ				
OG0005674		tr|B4E6F3|B4E6F3_BURCJ				
OG0005675		tr|B4E6F5|B4E6F5_BURCJ				
OG0005676		tr|B4E6G2|B4E6G2_BURCJ				
OG0005677		tr|B4E6G4|B4E6G4_BURCJ				
OG0005678		tr|B4E6H0|B4E6H0_BURCJ				
OG0005679		tr|B4E6I6|B4E6I6_BURCJ				
OG0005680		tr|B4E6I7|B4E6I7_BURCJ				
OG0005681		tr|B4E6K9|B4E6K9_BURCJ				
OG0005682		tr|B4E6L0|B4E6L0_BURCJ				
OG0005683		tr|B4E6L1|B4E6L1_BURCJ				
OG0005684		tr|B4E6L2|B4E6L2_BURCJ				
OG0005685		tr|B4E6L3|B4E6L3_BURCJ				
OG0005686		tr|B4E6L5|B4E6L5_BURCJ				
OG0005687		tr|B4E6M1|B4E6M1_BURCJ				
OG0005688		tr|B4E6M2|B4E6M2_BURCJ				
OG0005689		tr|B4E6P1|B4E6P1_BURCJ				
OG0005690		tr|B4E6P4|B4E6P4_BURCJ				
OG0005691		tr|B4E6P7|B4E6P7_BURCJ				
OG0005692		tr|B4E6Q7|B4E6Q7_BURCJ				
OG0005693		tr|B4E6Q8|B4E6Q8_BURCJ				
OG0005694		tr|B4E6R2|B4E6R2_BURCJ				
OG0005695		tr|B4E6S5|B4E6S5_BURCJ				
OG0005696		tr|B4E6T3|B4E6T3_BURCJ				
OG0005697		tr|B4E6T5|B4E6T5_BURCJ				
OG0005698		tr|B4E6U9|B4E6U9_BURCJ				
OG0005699		tr|B4E6V2|B4E6V2_BURCJ				
OG0005700		tr|B4E6V4|B4E6V4_BURCJ				
OG0005701		tr|B4E6X6|B4E6X6_BURCJ				
OG0005702		tr|B4E6X9|B4E6X9_BURCJ				
OG0005703		tr|B4E6Z0|B4E6Z0_BURCJ				
OG0005704		tr|B4E6Z4|B4E6Z4_BURCJ				
OG0005705		tr|B4E700|B4E700_BURCJ				
OG0005706		tr|B4E712|B4E712_BURCJ				
OG0005707		tr|B4E724|B4E724_BURCJ				
OG0005708		tr|B4E727|B4E727_BURCJ				
OG0005709		tr|B4E729|B4E729_BURCJ				
OG0005710		tr|B4E733|B4E733_BURCJ				
OG0005711		tr|B4E734|B4E734_BURCJ				
OG0005712		tr|B4E735|B4E735_BURCJ				
OG0005713		tr|B4E737|B4E737_BURCJ				
OG0005714		tr|B4E741|B4E741_BURCJ				
OG0005715		tr|B4E743|B4E743_BURCJ				
OG0005716		tr|B4E744|B4E744_BURCJ				
OG0005717		tr|B4E751|B4E751_BURCJ				
OG0005718		tr|B4E752|B4E752_BURCJ				
OG0005719		tr|B4E758|B4E758_BURCJ				
OG0005720		tr|B4E761|B4E761_BURCJ				
OG0005721		tr|B4E765|B4E765_BURCJ				
OG0005722		tr|B4E766|B4E766_BURCJ				
OG0005723		tr|B4E772|B4E772_BURCJ				
OG0005724		tr|B4E781|B4E781_BURCJ				
OG0005725		tr|B4E782|B4E782_BURCJ				
OG0005726		tr|B4E783|B4E783_BURCJ				
OG0005727		tr|B4E786|B4E786_BURCJ				
OG0005728		tr|B4E798|B4E798_BURCJ				
OG0005729		tr|B4E7B9|B4E7B9_BURCJ				
OG0005730		tr|B4E7C3|B4E7C3_BURCJ				
OG0005731		tr|B4E7C6|B4E7C6_BURCJ				
OG0005732		tr|B4E7C7|B4E7C7_BURCJ				
OG0005733		tr|B4E7D9|B4E7D9_BURCJ				
OG0005734		tr|B4E7E0|B4E7E0_BURCJ				
OG0005735		tr|B4E7E2|B4E7E2_BURCJ				
OG0005736		tr|B4E7H6|B4E7H6_BURCJ				
OG0005737		tr|B4E7I0|B4E7I0_BURCJ				
OG0005738		tr|B4E7I1|B4E7I1_BURCJ				
OG0005739		tr|B4E7J6|B4E7J6_BURCJ				
OG0005740		tr|B4E7J9|B4E7J9_BURCJ				
OG0005741		tr|B4E7K0|B4E7K0_BURCJ				
OG0005742		tr|B4E7K2|B4E7K2_BURCJ				
OG0005743		tr|B4E7K3|B4E7K3_BURCJ				
OG0005744		tr|B4E7N0|B4E7N0_BURCJ				
OG0005745		tr|B4E7N1|B4E7N1_BURCJ				
OG0005746		tr|B4E7P5|B4E7P5_BURCJ				
OG0005747		tr|B4E7P7|B4E7P7_BURCJ				
OG0005748		tr|B4E7P8|B4E7P8_BURCJ				
OG0005749		tr|B4E7P9|B4E7P9_BURCJ				
OG0005750		tr|B4E7Q0|B4E7Q0_BURCJ				
OG0005751		tr|B4E7Q2|B4E7Q2_BURCJ				
OG0005752		tr|B4E7Q3|B4E7Q3_BURCJ				
OG0005753		tr|B4E7Q4|B4E7Q4_BURCJ				
OG0005754		tr|B4E7R2|B4E7R2_BURCJ				
OG0005755		tr|B4E7R6|B4E7R6_BURCJ				
OG0005756		tr|B4E7S3|B4E7S3_BURCJ				
OG0005757		tr|B4E7S6|B4E7S6_BURCJ				
OG0005758		tr|B4E7T2|B4E7T2_BURCJ				
OG0005759		tr|B4E7T7|B4E7T7_BURCJ				
OG0005760		tr|B4E7T8|B4E7T8_BURCJ				
OG0005761		tr|B4E7T9|B4E7T9_BURCJ				
OG0005762		tr|B4E7U3|B4E7U3_BURCJ				
OG0005763		tr|B4E7V1|B4E7V1_BURCJ				
OG0005764		tr|B4E7V2|B4E7V2_BURCJ				
OG0005765		tr|B4E7V5|B4E7V5_BURCJ				
OG0005766		tr|B4E7W2|B4E7W2_BURCJ				
OG0005767		tr|B4E7W4|B4E7W4_BURCJ				
OG0005768		tr|B4E7W9|B4E7W9_BURCJ				
OG0005769		tr|B4E7Y7|B4E7Y7_BURCJ				
OG0005770		tr|B4E801|B4E801_BURCJ				
OG0005771		tr|B4E803|B4E803_BURCJ				
OG0005772		tr|B4E805|B4E805_BURCJ				
OG0005773		tr|B4E807|B4E807_BURCJ				
OG0005774		tr|B4E819|B4E819_BURCJ				
OG0005775		tr|B4E822|B4E822_BURCJ				
OG0005776		tr|B4E830|B4E830_BURCJ				
OG0005777		tr|B4E836|B4E836_BURCJ				
OG0005778		tr|B4E855|B4E855_BURCJ				
OG0005779		tr|B4E858|B4E858_BURCJ				
OG0005780		tr|B4E860|B4E860_BURCJ				
OG0005781		tr|B4E861|B4E861_BURCJ				
OG0005782		tr|B4E862|B4E862_BURCJ				
OG0005783		tr|B4E863|B4E863_BURCJ				
OG0005784		tr|B4E865|B4E865_BURCJ				
OG0005785		tr|B4E866|B4E866_BURCJ				
OG0005786		tr|B4E867|B4E867_BURCJ				
OG0005787		tr|B4E868|B4E868_BURCJ				
OG0005788		tr|B4E869|B4E869_BURCJ				
OG0005789		tr|B4E870|B4E870_BURCJ				
OG0005790		tr|B4E871|B4E871_BURCJ				
OG0005791		tr|B4E872|B4E872_BURCJ				
OG0005792		tr|B4E873|B4E873_BURCJ				
OG0005793		tr|B4E874|B4E874_BURCJ				
OG0005794		tr|B4E876|B4E876_BURCJ				
OG0005795		tr|B4E877|B4E877_BURCJ				
OG0005796		tr|B4E878|B4E878_BURCJ				
OG0005797		tr|B4E879|B4E879_BURCJ				
OG0005798		tr|B4E880|B4E880_BURCJ				
OG0005799		tr|B4E882|B4E882_BURCJ				
OG0005800		tr|B4E884|B4E884_BURCJ				
OG0005801		tr|B4E885|B4E885_BURCJ				
OG0005802		tr|B4E886|B4E886_BURCJ				
OG0005803		tr|B4E887|B4E887_BURCJ				
OG0005804		tr|B4E888|B4E888_BURCJ				
OG0005805		tr|B4E889|B4E889_BURCJ				
OG0005806		tr|B4E890|B4E890_BURCJ				
OG0005807		tr|B4E892|B4E892_BURCJ				
OG0005808		tr|B4E893|B4E893_BURCJ				
OG0005809		tr|B4E896|B4E896_BURCJ				
OG0005810		tr|B4E898|B4E898_BURCJ				
OG0005811		tr|B4E899|B4E899_BURCJ				
OG0005812		tr|B4E8A0|B4E8A0_BURCJ				
OG0005813		tr|B4E8A2|B4E8A2_BURCJ				
OG0005814		tr|B4E8B4|B4E8B4_BURCJ				
OG0005815		tr|B4E8D4|B4E8D4_BURCJ				
OG0005816		tr|B4E8D7|B4E8D7_BURCJ				
OG0005817		tr|B4E8E3|B4E8E3_BURCJ				
OG0005818		tr|B4E8F9|B4E8F9_BURCJ				
OG0005819		tr|B4E8G7|B4E8G7_BURCJ				
OG0005820		tr|B4E8H2|B4E8H2_BURCJ				
OG0005821		tr|B4E8H4|B4E8H4_BURCJ				
OG0005822		tr|B4E8I1|B4E8I1_BURCJ				
OG0005823		tr|B4E8I3|B4E8I3_BURCJ				
OG0005824		tr|B4E8J2|B4E8J2_BURCJ				
OG0005825		tr|B4E8J6|B4E8J6_BURCJ				
OG0005826		tr|B4E8M7|B4E8M7_BURCJ				
OG0005827		tr|B4E8P1|B4E8P1_BURCJ				
OG0005828		tr|B4E8P6|B4E8P6_BURCJ				
OG0005829		tr|B4E8P7|B4E8P7_BURCJ				
OG0005830		tr|B4E8P9|B4E8P9_BURCJ				
OG0005831		tr|B4E8Q1|B4E8Q1_BURCJ				
OG0005832		tr|B4E8Q2|B4E8Q2_BURCJ				
OG0005833		tr|B4E8Q3|B4E8Q3_BURCJ				
OG0005834		tr|B4E8Q4|B4E8Q4_BURCJ				
OG0005835		tr|B4E8Q5|B4E8Q5_BURCJ				
OG0005836		tr|B4E8Q8|B4E8Q8_BURCJ				
OG0005837		tr|B4E8R4|B4E8R4_BURCJ				
OG0005838		tr|B4E8R5|B4E8R5_BURCJ				
OG0005839		tr|B4E8R8|B4E8R8_BURCJ				
OG0005840		tr|B4E8S2|B4E8S2_BURCJ				
OG0005841		tr|B4E8S3|B4E8S3_BURCJ				
OG0005842		tr|B4E8U0|B4E8U0_BURCJ				
OG0005843		tr|B4E8X1|B4E8X1_BURCJ				
OG0005844		tr|B4E8X6|B4E8X6_BURCJ				
OG0005845		tr|B4E907|B4E907_BURCJ				
OG0005846		tr|B4E911|B4E911_BURCJ				
OG0005847		tr|B4E914|B4E914_BURCJ				
OG0005848		tr|B4E931|B4E931_BURCJ				
OG0005849		tr|B4E933|B4E933_BURCJ				
OG0005850		tr|B4E938|B4E938_BURCJ				
OG0005851		tr|B4E939|B4E939_BURCJ				
OG0005852		tr|B4E940|B4E940_BURCJ				
OG0005853		tr|B4E946|B4E946_BURCJ				
OG0005854		tr|B4E958|B4E958_BURCJ				
OG0005855		tr|B4E975|B4E975_BURCJ				
OG0005856		tr|B4E976|B4E976_BURCJ				
OG0005857		tr|B4E978|B4E978_BURCJ				
OG0005858		tr|B4E979|B4E979_BURCJ				
OG0005859		tr|B4E981|B4E981_BURCJ				
OG0005860		tr|B4E985|B4E985_BURCJ				
OG0005861		tr|B4E990|B4E990_BURCJ				
OG0005862		tr|B4E9A2|B4E9A2_BURCJ				
OG0005863		tr|B4E9A5|B4E9A5_BURCJ				
OG0005864		tr|B4E9B3|B4E9B3_BURCJ				
OG0005865		tr|B4E9B6|B4E9B6_BURCJ				
OG0005866		tr|B4E9C0|B4E9C0_BURCJ				
OG0005867		tr|B4E9D5|B4E9D5_BURCJ				
OG0005868		tr|B4E9D8|B4E9D8_BURCJ				
OG0005869		tr|B4E9E1|B4E9E1_BURCJ				
OG0005870		tr|B4E9E6|B4E9E6_BURCJ				
OG0005871		tr|B4E9I3|B4E9I3_BURCJ				
OG0005872		tr|B4E9I6|B4E9I6_BURCJ				
OG0005873		tr|B4E9K6|B4E9K6_BURCJ				
OG0005874		tr|B4E9K7|B4E9K7_BURCJ				
OG0005875		tr|B4E9N0|B4E9N0_BURCJ				
OG0005876		tr|B4E9N3|B4E9N3_BURCJ				
OG0005877		tr|B4E9N8|B4E9N8_BURCJ				
OG0005878		tr|B4E9P2|B4E9P2_BURCJ				
OG0005879		tr|B4E9P5|B4E9P5_BURCJ				
OG0005880		tr|B4E9Q0|B4E9Q0_BURCJ				
OG0005881		tr|B4E9Q1|B4E9Q1_BURCJ				
OG0005882		tr|B4E9Q2|B4E9Q2_BURCJ				
OG0005883		tr|B4E9S4|B4E9S4_BURCJ				
OG0005884		tr|B4E9S5|B4E9S5_BURCJ				
OG0005885		tr|B4E9S7|B4E9S7_BURCJ				
OG0005886		tr|B4E9S8|B4E9S8_BURCJ				
OG0005887		tr|B4E9T6|B4E9T6_BURCJ				
OG0005888		tr|B4E9T7|B4E9T7_BURCJ				
OG0005889		tr|B4E9T8|B4E9T8_BURCJ				
OG0005890		tr|B4E9T9|B4E9T9_BURCJ				
OG0005891		tr|B4E9U3|B4E9U3_BURCJ				
OG0005892		tr|B4E9V9|B4E9V9_BURCJ				
OG0005893		tr|B4E9W7|B4E9W7_BURCJ				
OG0005894		tr|B4E9X2|B4E9X2_BURCJ				
OG0005895		tr|B4E9X6|B4E9X6_BURCJ				
OG0005896		tr|B4E9X7|B4E9X7_BURCJ				
OG0005897		tr|B4E9Y0|B4E9Y0_BURCJ				
OG0005898		tr|B4E9Y1|B4E9Y1_BURCJ				
OG0005899		tr|B4E9Y2|B4E9Y2_BURCJ				
OG0005900		tr|B4EA10|B4EA10_BURCJ				
OG0005901		tr|B4EA18|B4EA18_BURCJ				
OG0005902		tr|B4EA52|B4EA52_BURCJ				
OG0005903		tr|B4EA57|B4EA57_BURCJ				
OG0005904		tr|B4EA73|B4EA73_BURCJ				
OG0005905		tr|B4EA76|B4EA76_BURCJ				
OG0005906		tr|B4EAA0|B4EAA0_BURCJ				
OG0005907		tr|B4EAB3|B4EAB3_BURCJ				
OG0005908		tr|B4EAC9|B4EAC9_BURCJ				
OG0005909		tr|B4EAD1|B4EAD1_BURCJ				
OG0005910		tr|B4EAD2|B4EAD2_BURCJ				
OG0005911		tr|B4EAD3|B4EAD3_BURCJ				
OG0005912		tr|B4EAD6|B4EAD6_BURCJ				
OG0005913		tr|B4EAD8|B4EAD8_BURCJ				
OG0005914		tr|B4EAD9|B4EAD9_BURCJ				
OG0005915		tr|B4EAE0|B4EAE0_BURCJ				
OG0005916		tr|B4EAE1|B4EAE1_BURCJ				
OG0005917		tr|B4EAE3|B4EAE3_BURCJ				
OG0005918		tr|B4EAE5|B4EAE5_BURCJ				
OG0005919		tr|B4EAE7|B4EAE7_BURCJ				
OG0005920		tr|B4EAE8|B4EAE8_BURCJ				
OG0005921		tr|B4EAF3|B4EAF3_BURCJ				
OG0005922		tr|B4EAF6|B4EAF6_BURCJ				
OG0005923		tr|B4EAF7|B4EAF7_BURCJ				
OG0005924		tr|B4EAF9|B4EAF9_BURCJ				
OG0005925		tr|B4EAG7|B4EAG7_BURCJ				
OG0005926		tr|B4EAG8|B4EAG8_BURCJ				
OG0005927		tr|B4EAH1|B4EAH1_BURCJ				
OG0005928		tr|B4EAH9|B4EAH9_BURCJ				
OG0005929		tr|B4EAI1|B4EAI1_BURCJ				
OG0005930		tr|B4EAJ1|B4EAJ1_BURCJ				
OG0005931		tr|B4EAK0|B4EAK0_BURCJ				
OG0005932		tr|B4EAK4|B4EAK4_BURCJ				
OG0005933		tr|B4EAL2|B4EAL2_BURCJ				
OG0005934		tr|B4EAL3|B4EAL3_BURCJ				
OG0005935		tr|B4EAL9|B4EAL9_BURCJ				
OG0005936		tr|B4EAM2|B4EAM2_BURCJ				
OG0005937		tr|B4EAN0|B4EAN0_BURCJ				
OG0005938		tr|B4EAN8|B4EAN8_BURCJ				
OG0005939		tr|B4EAP9|B4EAP9_BURCJ				
OG0005940		tr|B4EAT3|B4EAT3_BURCJ				
OG0005941		tr|B4EAU5|B4EAU5_BURCJ				
OG0005942		tr|B4EAU6|B4EAU6_BURCJ				
OG0005943		tr|B4EAU7|B4EAU7_BURCJ				
OG0005944		tr|B4EAU8|B4EAU8_BURCJ				
OG0005945		tr|B4EAU9|B4EAU9_BURCJ				
OG0005946		tr|B4EAV0|B4EAV0_BURCJ				
OG0005947		tr|B4EAV1|B4EAV1_BURCJ				
OG0005948		tr|B4EAV2|B4EAV2_BURCJ				
OG0005949		tr|B4EAV3|B4EAV3_BURCJ				
OG0005950		tr|B4EAV5|B4EAV5_BURCJ				
OG0005951		tr|B4EAV6|B4EAV6_BURCJ				
OG0005952		tr|B4EAV8|B4EAV8_BURCJ				
OG0005953		tr|B4EAV9|B4EAV9_BURCJ				
OG0005954		tr|B4EAX5|B4EAX5_BURCJ				
OG0005955		tr|B4EAY6|B4EAY6_BURCJ				
OG0005956		tr|B4EB07|B4EB07_BURCJ				
OG0005957		tr|B4EB14|B4EB14_BURCJ				
OG0005958		tr|B4EB26|B4EB26_BURCJ				
OG0005959		tr|B4EB38|B4EB38_BURCJ				
OG0005960		tr|B4EB46|B4EB46_BURCJ				
OG0005961		tr|B4EB52|B4EB52_BURCJ				
OG0005962		tr|B4EB53|B4EB53_BURCJ				
OG0005963		tr|B4EB54|B4EB54_BURCJ				
OG0005964		tr|B4EB55|B4EB55_BURCJ				
OG0005965		tr|B4EB56|B4EB56_BURCJ				
OG0005966		tr|B4EB57|B4EB57_BURCJ				
OG0005967		tr|B4EB58|B4EB58_BURCJ				
OG0005968		tr|B4EB59|B4EB59_BURCJ				
OG0005969		tr|B4EB61|B4EB61_BURCJ				
OG0005970		tr|B4EB63|B4EB63_BURCJ				
OG0005971		tr|B4EB64|B4EB64_BURCJ				
OG0005972		tr|B4EB66|B4EB66_BURCJ				
OG0005973		tr|B4EB68|B4EB68_BURCJ				
OG0005974		tr|B4EB69|B4EB69_BURCJ				
OG0005975		tr|B4EB71|B4EB71_BURCJ				
OG0005976		tr|B4EB73|B4EB73_BURCJ				
OG0005977		tr|B4EB74|B4EB74_BURCJ				
OG0005978		tr|B4EB82|B4EB82_BURCJ				
OG0005979		tr|B4EB84|B4EB84_BURCJ				
OG0005980		tr|B4EB92|B4EB92_BURCJ				
OG0005981		tr|B4EB97|B4EB97_BURCJ				
OG0005982		tr|B4EB99|B4EB99_BURCJ				
OG0005983		tr|B4EBA0|B4EBA0_BURCJ				
OG0005984		tr|B4EBA4|B4EBA4_BURCJ				
OG0005985		tr|B4EBA9|B4EBA9_BURCJ				
OG0005986		tr|B4EBD6|B4EBD6_BURCJ				
OG0005987		tr|B4EBE0|B4EBE0_BURCJ				
OG0005988		tr|B4EBG9|B4EBG9_BURCJ				
OG0005989		tr|B4EBH4|B4EBH4_BURCJ				
OG0005990		tr|B4EBI3|B4EBI3_BURCJ				
OG0005991		tr|B4EBI8|B4EBI8_BURCJ				
OG0005992		tr|B4EBI9|B4EBI9_BURCJ				
OG0005993		tr|B4EBK0|B4EBK0_BURCJ				
OG0005994		tr|B4EBK2|B4EBK2_BURCJ				
OG0005995		tr|B4EBN2|B4EBN2_BURCJ				
OG0005996		tr|B4EBN3|B4EBN3_BURCJ				
OG0005997		tr|B4EBN4|B4EBN4_BURCJ				
OG0005998		tr|B4EBN5|B4EBN5_BURCJ				
OG0005999		tr|B4EBN6|B4EBN6_BURCJ				
OG0006000		tr|B4EBN7|B4EBN7_BURCJ				
OG0006001		tr|B4EBP1|B4EBP1_BURCJ				
OG0006002		tr|B4EBQ1|B4EBQ1_BURCJ				
OG0006003		tr|B4EBQ2|B4EBQ2_BURCJ				
OG0006004		tr|B4EBQ3|B4EBQ3_BURCJ				
OG0006005		tr|B4EBQ5|B4EBQ5_BURCJ				
OG0006006		tr|B4EBR2|B4EBR2_BURCJ				
OG0006007		tr|B4EBR5|B4EBR5_BURCJ				
OG0006008		tr|B4EBT2|B4EBT2_BURCJ				
OG0006009		tr|B4EBU4|B4EBU4_BURCJ				
OG0006010		tr|B4EBU7|B4EBU7_BURCJ				
OG0006011		tr|B4EBU9|B4EBU9_BURCJ				
OG0006012		tr|B4EBV1|B4EBV1_BURCJ				
OG0006013		tr|B4EBV7|B4EBV7_BURCJ				
OG0006014		tr|B4EBW1|B4EBW1_BURCJ				
OG0006015		tr|B4EBW2|B4EBW2_BURCJ				
OG0006016		tr|B4EBX2|B4EBX2_BURCJ				
OG0006017		tr|B4EBX3|B4EBX3_BURCJ				
OG0006018		tr|B4EBX7|B4EBX7_BURCJ				
OG0006019		tr|B4EBX8|B4EBX8_BURCJ				
OG0006020		tr|B4EBY2|B4EBY2_BURCJ				
OG0006021		tr|B4EBZ1|B4EBZ1_BURCJ				
OG0006022		tr|B4EBZ4|B4EBZ4_BURCJ				
OG0006023		tr|B4EBZ6|B4EBZ6_BURCJ				
OG0006024		tr|B4EBZ8|B4EBZ8_BURCJ				
OG0006025		tr|B4EC17|B4EC17_BURCJ				
OG0006026		tr|B4EC27|B4EC27_BURCJ				
OG0006027		tr|B4EC29|B4EC29_BURCJ				
OG0006028		tr|B4EC30|B4EC30_BURCJ				
OG0006029		tr|B4EC32|B4EC32_BURCJ				
OG0006030		tr|B4EC41|B4EC41_BURCJ				
OG0006031		tr|B4EC69|B4EC69_BURCJ				
OG0006032		tr|B4EC71|B4EC71_BURCJ				
OG0006033		tr|B4EC74|B4EC74_BURCJ				
OG0006034		tr|B4EC80|B4EC80_BURCJ				
OG0006035		tr|B4EC84|B4EC84_BURCJ				
OG0006036		tr|B4EC85|B4EC85_BURCJ				
OG0006037		tr|B4EC98|B4EC98_BURCJ				
OG0006038		tr|B4EC99|B4EC99_BURCJ				
OG0006039		tr|B4ECA0|B4ECA0_BURCJ				
OG0006040		tr|B4ECA1|B4ECA1_BURCJ				
OG0006041		tr|B4ECA2|B4ECA2_BURCJ				
OG0006042		tr|B4ECA4|B4ECA4_BURCJ				
OG0006043		tr|B4ECB3|B4ECB3_BURCJ				
OG0006044		tr|B4ECB6|B4ECB6_BURCJ				
OG0006045		tr|B4ECB7|B4ECB7_BURCJ				
OG0006046		tr|B4ECD2|B4ECD2_BURCJ				
OG0006047		tr|B4ECD5|B4ECD5_BURCJ				
OG0006048		tr|B4ECE4|B4ECE4_BURCJ				
OG0006049		tr|B4ECK3|B4ECK3_BURCJ				
OG0006050		tr|B4ECL2|B4ECL2_BURCJ				
OG0006051		tr|B4ECL3|B4ECL3_BURCJ				
OG0006052		tr|B4ECL6|B4ECL6_BURCJ				
OG0006053		tr|B4ECP8|B4ECP8_BURCJ				
OG0006054		tr|B4ECQ7|B4ECQ7_BURCJ				
OG0006055		tr|B4ECR4|B4ECR4_BURCJ				
OG0006056		tr|B4ECT4|B4ECT4_BURCJ				
OG0006057		tr|B4ECT9|B4ECT9_BURCJ				
OG0006058		tr|B4ECU0|B4ECU0_BURCJ				
OG0006059		tr|B4ECU1|B4ECU1_BURCJ				
OG0006060		tr|B4ECU2|B4ECU2_BURCJ				
OG0006061		tr|B4ECV3|B4ECV3_BURCJ				
OG0006062		tr|B4ECV4|B4ECV4_BURCJ				
OG0006063		tr|B4ECX7|B4ECX7_BURCJ				
OG0006064		tr|B4ECY6|B4ECY6_BURCJ				
OG0006065		tr|B4ED14|B4ED14_BURCJ				
OG0006066		tr|B4ED21|B4ED21_BURCJ				
OG0006067		tr|B4ED22|B4ED22_BURCJ				
OG0006068		tr|B4ED29|B4ED29_BURCJ				
OG0006069		tr|B4ED38|B4ED38_BURCJ				
OG0006070		tr|B4ED41|B4ED41_BURCJ				
OG0006071		tr|B4ED59|B4ED59_BURCJ				
OG0006072		tr|B4ED60|B4ED60_BURCJ				
OG0006073		tr|B4ED62|B4ED62_BURCJ				
OG0006074		tr|B4ED74|B4ED74_BURCJ				
OG0006075		tr|B4ED81|B4ED81_BURCJ				
OG0006076		tr|B4ED84|B4ED84_BURCJ				
OG0006077		tr|B4ED96|B4ED96_BURCJ				
OG0006078		tr|B4ED99|B4ED99_BURCJ				
OG0006079		tr|B4EDA9|B4EDA9_BURCJ				
OG0006080		tr|B4EDB3|B4EDB3_BURCJ				
OG0006081		tr|B4EDB8|B4EDB8_BURCJ				
OG0006082		tr|B4EDD6|B4EDD6_BURCJ				
OG0006083		tr|B4EDE0|B4EDE0_BURCJ				
OG0006084		tr|B4EDE4|B4EDE4_BURCJ				
OG0006085		tr|B4EDE7|B4EDE7_BURCJ				
OG0006086		tr|B4EDE8|B4EDE8_BURCJ				
OG0006087		tr|B4EDE9|B4EDE9_BURCJ				
OG0006088		tr|B4EDF0|B4EDF0_BURCJ				
OG0006089		tr|B4EDF1|B4EDF1_BURCJ				
OG0006090		tr|B4EDF4|B4EDF4_BURCJ				
OG0006091		tr|B4EDF8|B4EDF8_BURCJ				
OG0006092		tr|B4EDG0|B4EDG0_BURCJ				
OG0006093		tr|B4EDG3|B4EDG3_BURCJ				
OG0006094		tr|B4EDH6|B4EDH6_BURCJ				
OG0006095		tr|B4EDI2|B4EDI2_BURCJ				
OG0006096		tr|B4EDK5|B4EDK5_BURCJ				
OG0006097		tr|B4EDK6|B4EDK6_BURCJ				
OG0006098		tr|B4EDK7|B4EDK7_BURCJ				
OG0006099		tr|B4EDK9|B4EDK9_BURCJ				
OG0006100		tr|B4EDL5|B4EDL5_BURCJ				
OG0006101		tr|B4EDL6|B4EDL6_BURCJ				
OG0006102		tr|B4EDL7|B4EDL7_BURCJ				
OG0006103		tr|B4EDM6|B4EDM6_BURCJ				
OG0006104		tr|B4EDN7|B4EDN7_BURCJ				
OG0006105		tr|B4EDN9|B4EDN9_BURCJ				
OG0006106		tr|B4EDP7|B4EDP7_BURCJ				
OG0006107		tr|B4EDP8|B4EDP8_BURCJ				
OG0006108		tr|B4EDQ2|B4EDQ2_BURCJ				
OG0006109		tr|B4EDS0|B4EDS0_BURCJ				
OG0006110		tr|B4EDS1|B4EDS1_BURCJ				
OG0006111		tr|B4EDT0|B4EDT0_BURCJ				
OG0006112		tr|B4EDV5|B4EDV5_BURCJ				
OG0006113		tr|B4EDV6|B4EDV6_BURCJ				
OG0006114		tr|B4EDV8|B4EDV8_BURCJ				
OG0006115		tr|B4EDY2|B4EDY2_BURCJ				
OG0006116		tr|B4EDY4|B4EDY4_BURCJ				
OG0006117		tr|B4EDZ3|B4EDZ3_BURCJ				
OG0006118		tr|B4EE05|B4EE05_BURCJ				
OG0006119		tr|B4EE11|B4EE11_BURCJ				
OG0006120		tr|B4EE20|B4EE20_BURCJ				
OG0006121		tr|B4EE32|B4EE32_BURCJ				
OG0006122		tr|B4EE62|B4EE62_BURCJ				
OG0006123		tr|B4EE82|B4EE82_BURCJ				
OG0006124		tr|B4EE90|B4EE90_BURCJ				
OG0006125		tr|B4EE93|B4EE93_BURCJ				
OG0006126		tr|B4EE94|B4EE94_BURCJ				
OG0006127		tr|B4EE95|B4EE95_BURCJ				
OG0006128		tr|B4EE96|B4EE96_BURCJ				
OG0006129		tr|B4EEA2|B4EEA2_BURCJ				
OG0006130		tr|B4EEA4|B4EEA4_BURCJ				
OG0006131		tr|B4EEA5|B4EEA5_BURCJ				
OG0006132		tr|B4EEA6|B4EEA6_BURCJ				
OG0006133		tr|B4EEB7|B4EEB7_BURCJ				
OG0006134		tr|B4EEB8|B4EEB8_BURCJ				
OG0006135		tr|B4EEB9|B4EEB9_BURCJ				
OG0006136		tr|B4EED7|B4EED7_BURCJ				
OG0006137		tr|B4EED9|B4EED9_BURCJ				
OG0006138		tr|B4EEE0|B4EEE0_BURCJ				
OG0006139		tr|B4EEF9|B4EEF9_BURCJ				
OG0006140		tr|B4EEG2|B4EEG2_BURCJ				
OG0006141		tr|B4EEG6|B4EEG6_BURCJ				
OG0006142		tr|B4EEG9|B4EEG9_BURCJ				
OG0006143		tr|B4EEI3|B4EEI3_BURCJ				
OG0006144		tr|B4EEI8|B4EEI8_BURCJ				
OG0006145		tr|B4EEJ6|B4EEJ6_BURCJ				
OG0006146		tr|B4EEK4|B4EEK4_BURCJ				
OG0006147		tr|B4EEK6|B4EEK6_BURCJ				
OG0006148		tr|B4EEK7|B4EEK7_BURCJ				
OG0006149		tr|B4EEK9|B4EEK9_BURCJ				
OG0006150		tr|B4EEL0|B4EEL0_BURCJ				
OG0006151		tr|B4EEM2|B4EEM2_BURCJ				
OG0006152		tr|B4EEN7|B4EEN7_BURCJ				
OG0006153		tr|B4EEP0|B4EEP0_BURCJ				
OG0006154		tr|B4EEP6|B4EEP6_BURCJ				
OG0006155		tr|B4EEQ0|B4EEQ0_BURCJ				
OG0006156		tr|B4EEQ1|B4EEQ1_BURCJ				
OG0006157		tr|B4EEQ2|B4EEQ2_BURCJ				
OG0006158		tr|B4EEQ3|B4EEQ3_BURCJ				
OG0006159		tr|B4EEQ4|B4EEQ4_BURCJ				
OG0006160		tr|B4EEQ9|B4EEQ9_BURCJ				
OG0006161		tr|B4EER6|B4EER6_BURCJ				
OG0006162		tr|B4EER8|B4EER8_BURCJ				
OG0006163		tr|B4EES9|B4EES9_BURCJ				
OG0006164		tr|B4EET7|B4EET7_BURCJ				
OG0006165		tr|B4EET9|B4EET9_BURCJ				
OG0006166		tr|B4EEY1|B4EEY1_BURCJ				
OG0006167		tr|B4EF15|B4EF15_BURCJ				
OG0006168		tr|B4EF18|B4EF18_BURCJ				
OG0006169		tr|B4EF20|B4EF20_BURCJ				
OG0006170		tr|B4EF22|B4EF22_BURCJ				
OG0006171		tr|B4EF23|B4EF23_BURCJ				
OG0006172		tr|B4EF25|B4EF25_BURCJ				
OG0006173		tr|B4EF29|B4EF29_BURCJ				
OG0006174		tr|B4EF34|B4EF34_BURCJ				
OG0006175		tr|B4EF39|B4EF39_BURCJ				
OG0006176		tr|B4EF40|B4EF40_BURCJ				
OG0006177		tr|B4EF41|B4EF41_BURCJ				
OG0006178		tr|B4EF42|B4EF42_BURCJ				
OG0006179		tr|B4EF45|B4EF45_BURCJ				
OG0006180		tr|B4EF48|B4EF48_BURCJ				
OG0006181		tr|B4EF49|B4EF49_BURCJ				
OG0006182		tr|B4EF51|B4EF51_BURCJ				
OG0006183		tr|B4EF55|B4EF55_BURCJ				
OG0006184		tr|B4EF56|B4EF56_BURCJ				
OG0006185		tr|B4EF59|B4EF59_BURCJ				
OG0006186		tr|B4EF60|B4EF60_BURCJ				
OG0006187		tr|B4EF61|B4EF61_BURCJ				
OG0006188		tr|B4EF62|B4EF62_BURCJ				
OG0006189		tr|B4EF63|B4EF63_BURCJ				
OG0006190		tr|B4EF74|B4EF74_BURCJ				
OG0006191		tr|B4EF83|B4EF83_BURCJ				
OG0006192		tr|B4EF88|B4EF88_BURCJ				
OG0006193		tr|B4EF90|B4EF90_BURCJ				
OG0006194		tr|B4EFA5|B4EFA5_BURCJ				
OG0006195		tr|B4EFA8|B4EFA8_BURCJ				
OG0006196		tr|B4EFA9|B4EFA9_BURCJ				
OG0006197		tr|B4EFB9|B4EFB9_BURCJ				
OG0006198		tr|B4EFC2|B4EFC2_BURCJ				
OG0006199		tr|B4EFC4|B4EFC4_BURCJ				
OG0006200		tr|B4EFC5|B4EFC5_BURCJ				
OG0006201		tr|B4EFD0|B4EFD0_BURCJ				
OG0006202		tr|B4EFD6|B4EFD6_BURCJ				
OG0006203		tr|B4EFD9|B4EFD9_BURCJ				
OG0006204		tr|B4EFE9|B4EFE9_BURCJ				
OG0006205		tr|B4EFF1|B4EFF1_BURCJ				
OG0006206		tr|B4EFF2|B4EFF2_BURCJ				
OG0006207		tr|B4EFF8|B4EFF8_BURCJ				
OG0006208		tr|B4EFI2|B4EFI2_BURCJ				
OG0006209		tr|B4EFJ7|B4EFJ7_BURCJ				
OG0006210		tr|B4EFK5|B4EFK5_BURCJ				
OG0006211		tr|B4EFL5|B4EFL5_BURCJ				
OG0006212		tr|B4EFM0|B4EFM0_BURCJ				
OG0006213		tr|B4EFN2|B4EFN2_BURCJ				
OG0006214		tr|B4EFN3|B4EFN3_BURCJ				
OG0006215		tr|B4EFN4|B4EFN4_BURCJ				
OG0006216		tr|B4EFN5|B4EFN5_BURCJ				
OG0006217		tr|B4EFN6|B4EFN6_BURCJ				
OG0006218		tr|B4EFN7|B4EFN7_BURCJ				
OG0006219		tr|B4EFN9|B4EFN9_BURCJ				
OG0006220		tr|B4EFP0|B4EFP0_BURCJ				
OG0006221		tr|B4EFP1|B4EFP1_BURCJ				
OG0006222		tr|B4EFP2|B4EFP2_BURCJ				
OG0006223		tr|B4EFP3|B4EFP3_BURCJ				
OG0006224		tr|B4EFP4|B4EFP4_BURCJ				
OG0006225		tr|B4EFP6|B4EFP6_BURCJ				
OG0006226		tr|B4EFP7|B4EFP7_BURCJ				
OG0006227		tr|B4EFP8|B4EFP8_BURCJ				
OG0006228		tr|B4EFP9|B4EFP9_BURCJ				
OG0006229		tr|B4EFQ0|B4EFQ0_BURCJ				
OG0006230		tr|B4EFQ1|B4EFQ1_BURCJ				
OG0006231		tr|B4EFQ2|B4EFQ2_BURCJ				
OG0006232		tr|B4EFQ3|B4EFQ3_BURCJ				
OG0006233		tr|B4EFQ4|B4EFQ4_BURCJ				
OG0006234		tr|B4EFQ5|B4EFQ5_BURCJ				
OG0006235		tr|B4EFQ6|B4EFQ6_BURCJ				
OG0006236		tr|B4EFQ7|B4EFQ7_BURCJ				
OG0006237		tr|B4EFR0|B4EFR0_BURCJ				
OG0006238		tr|B4EFR1|B4EFR1_BURCJ				
OG0006239		tr|B4EFR2|B4EFR2_BURCJ				
OG0006240		tr|B4EFR3|B4EFR3_BURCJ				
OG0006241		tr|B4EFR4|B4EFR4_BURCJ				
OG0006242		tr|B4EFR5|B4EFR5_BURCJ				
OG0006243		tr|B4EFR6|B4EFR6_BURCJ				
OG0006244		tr|B4EFR7|B4EFR7_BURCJ				
OG0006245		tr|B4EFR8|B4EFR8_BURCJ				
OG0006246		tr|B4EFR9|B4EFR9_BURCJ				
OG0006247		tr|B4EFS0|B4EFS0_BURCJ				
OG0006248		tr|B4EFS5|B4EFS5_BURCJ				
OG0006249		tr|B4EFS9|B4EFS9_BURCJ				
OG0006250		tr|B4EFT0|B4EFT0_BURCJ				
OG0006251		tr|B4EFT5|B4EFT5_BURCJ				
OG0006252		tr|B4EFT6|B4EFT6_BURCJ				
OG0006253		tr|B4EFU3|B4EFU3_BURCJ				
OG0006254		tr|B4EFU4|B4EFU4_BURCJ				
OG0006255		tr|B4EFU9|B4EFU9_BURCJ				
OG0006256		tr|B4EFV3|B4EFV3_BURCJ				
OG0006257		tr|B4EFV9|B4EFV9_BURCJ				
OG0006258		tr|B4EFW1|B4EFW1_BURCJ				
OG0006259		tr|B4EFW4|B4EFW4_BURCJ				
OG0006260		tr|B4EFX4|B4EFX4_BURCJ				
OG0006261		tr|B4EFX7|B4EFX7_BURCJ				
OG0006262		tr|B4EFX8|B4EFX8_BURCJ				
OG0006263		tr|B4EFY6|B4EFY6_BURCJ				
OG0006264		tr|B4EFZ1|B4EFZ1_BURCJ				
OG0006265		tr|B4EFZ3|B4EFZ3_BURCJ				
OG0006266		tr|B4EFZ4|B4EFZ4_BURCJ				
OG0006267		tr|B4EFZ8|B4EFZ8_BURCJ				
OG0006268		tr|B4EG05|B4EG05_BURCJ				
OG0006269		tr|B4EG06|B4EG06_BURCJ				
OG0006270		tr|B4EG07|B4EG07_BURCJ				
OG0006271		tr|B4EG11|B4EG11_BURCJ				
OG0006272		tr|B4EG14|B4EG14_BURCJ				
OG0006273		tr|B4EG27|B4EG27_BURCJ				
OG0006274		tr|B4EG30|B4EG30_BURCJ				
OG0006275		tr|B4EG31|B4EG31_BURCJ				
OG0006276		tr|B4EG38|B4EG38_BURCJ				
OG0006277		tr|B4EG40|B4EG40_BURCJ				
OG0006278		tr|B4EG42|B4EG42_BURCJ				
OG0006279		tr|B4EG47|B4EG47_BURCJ				
OG0006280		tr|B4EG48|B4EG48_BURCJ				
OG0006281		tr|B4EG49|B4EG49_BURCJ				
OG0006282		tr|B4EG50|B4EG50_BURCJ				
OG0006283		tr|B4EG51|B4EG51_BURCJ				
OG0006284		tr|B4EG52|B4EG52_BURCJ				
OG0006285		tr|B4EG53|B4EG53_BURCJ				
OG0006286		tr|B4EG54|B4EG54_BURCJ				
OG0006287		tr|B4EG55|B4EG55_BURCJ				
OG0006288		tr|B4EG56|B4EG56_BURCJ				
OG0006289		tr|B4EG57|B4EG57_BURCJ				
OG0006290		tr|B4EG58|B4EG58_BURCJ				
OG0006291		tr|B4EG59|B4EG59_BURCJ				
OG0006292		tr|B4EG60|B4EG60_BURCJ				
OG0006293		tr|B4EG61|B4EG61_BURCJ				
OG0006294		tr|B4EG63|B4EG63_BURCJ				
OG0006295		tr|B4EG65|B4EG65_BURCJ				
OG0006296		tr|B4EG66|B4EG66_BURCJ				
OG0006297		tr|B4EG67|B4EG67_BURCJ				
OG0006298		tr|B4EG69|B4EG69_BURCJ				
OG0006299		tr|B4EG70|B4EG70_BURCJ				
OG0006300		tr|B4EG71|B4EG71_BURCJ				
OG0006301		tr|B4EG72|B4EG72_BURCJ				
OG0006302		tr|B4EG74|B4EG74_BURCJ				
OG0006303		tr|B4EG75|B4EG75_BURCJ				
OG0006304		tr|B4EG76|B4EG76_BURCJ				
OG0006305		tr|B4EG77|B4EG77_BURCJ				
OG0006306		tr|B4EG78|B4EG78_BURCJ				
OG0006307		tr|B4EG84|B4EG84_BURCJ				
OG0006308		tr|B4EGA4|B4EGA4_BURCJ				
OG0006309		tr|B4EGA5|B4EGA5_BURCJ				
OG0006310		tr|B4EGA9|B4EGA9_BURCJ				
OG0006311		tr|B4EGB0|B4EGB0_BURCJ				
OG0006312		tr|B4EGB7|B4EGB7_BURCJ				
OG0006313		tr|B4EGD6|B4EGD6_BURCJ				
OG0006314		tr|B4EGD9|B4EGD9_BURCJ				
OG0006315		tr|B4EGE4|B4EGE4_BURCJ				
OG0006316		tr|B4EGE5|B4EGE5_BURCJ				
OG0006317		tr|B4EGF5|B4EGF5_BURCJ				
OG0006318		tr|B4EGH5|B4EGH5_BURCJ				
OG0006319		tr|B4EGH6|B4EGH6_BURCJ				
OG0006320		tr|B4EGI8|B4EGI8_BURCJ				
OG0006321		tr|B4EGJ4|B4EGJ4_BURCJ				
OG0006322		tr|B4EGJ5|B4EGJ5_BURCJ				
OG0006323		tr|B4EGJ6|B4EGJ6_BURCJ				
OG0006324		tr|B4EGK7|B4EGK7_BURCJ				
OG0006325		tr|B4EGL4|B4EGL4_BURCJ				
OG0006326		tr|B4EGL5|B4EGL5_BURCJ				
OG0006327		tr|B4EGL6|B4EGL6_BURCJ				
OG0006328		tr|B4EGM6|B4EGM6_BURCJ				
OG0006329		tr|B4EGN3|B4EGN3_BURCJ				
OG0006330		tr|B4EGP2|B4EGP2_BURCJ				
OG0006331		tr|B4EGP5|B4EGP5_BURCJ				
OG0006332		tr|B4EGP8|B4EGP8_BURCJ				
OG0006333		tr|B4EGQ4|B4EGQ4_BURCJ				
OG0006334		tr|B4EGQ9|B4EGQ9_BURCJ				
OG0006335		tr|B4EGR4|B4EGR4_BURCJ				
OG0006336		tr|B4EGR8|B4EGR8_BURCJ				
OG0006337		tr|B4EGR9|B4EGR9_BURCJ				
OG0006338		tr|B4EGS0|B4EGS0_BURCJ				
OG0006339		tr|B4EGS1|B4EGS1_BURCJ				
OG0006340		tr|B4EGS2|B4EGS2_BURCJ				
OG0006341		tr|B4EGT1|B4EGT1_BURCJ				
OG0006342		tr|B4EGT4|B4EGT4_BURCJ				
OG0006343		tr|B4EGT5|B4EGT5_BURCJ				
OG0006344		tr|B4EGT8|B4EGT8_BURCJ				
OG0006345		tr|B4EGU0|B4EGU0_BURCJ				
OG0006346		tr|B4EGU3|B4EGU3_BURCJ				
OG0006347		tr|B4EGV2|B4EGV2_BURCJ				
OG0006348		tr|B4EGV3|B4EGV3_BURCJ				
OG0006349		tr|B4EGW2|B4EGW2_BURCJ				
OG0006350		tr|B4EGW6|B4EGW6_BURCJ				
OG0006351		tr|B4EGY4|B4EGY4_BURCJ				
OG0006352		tr|B4EGY8|B4EGY8_BURCJ				
OG0006353		tr|B4EGZ0|B4EGZ0_BURCJ				
OG0006354		tr|B4EGZ9|B4EGZ9_BURCJ				
OG0006355		tr|B4EH06|B4EH06_BURCJ				
OG0006356		tr|B4EH15|B4EH15_BURCJ				
OG0006357		tr|B4EH20|B4EH20_BURCJ				
OG0006358		tr|B4EH30|B4EH30_BURCJ				
OG0006359		tr|B4EH47|B4EH47_BURCJ				
OG0006360		tr|B4EH59|B4EH59_BURCJ				
OG0006361		tr|B4EH60|B4EH60_BURCJ				
OG0006362		tr|B4EH63|B4EH63_BURCJ				
OG0006363		tr|B4EH65|B4EH65_BURCJ				
OG0006364		tr|B4EH68|B4EH68_BURCJ				
OG0006365		tr|B4EH74|B4EH74_BURCJ				
OG0006366		tr|B4EH76|B4EH76_BURCJ				
OG0006367		tr|B4EH87|B4EH87_BURCJ				
OG0006368		tr|B4EH91|B4EH91_BURCJ				
OG0006369		tr|B4EH95|B4EH95_BURCJ				
OG0006370		tr|B4EHA0|B4EHA0_BURCJ				
OG0006371		tr|B4EHA3|B4EHA3_BURCJ				
OG0006372		tr|B4EHA5|B4EHA5_BURCJ				
OG0006373		tr|B4EHA9|B4EHA9_BURCJ				
OG0006374		tr|B4EHB0|B4EHB0_BURCJ				
OG0006375		tr|B4EHB4|B4EHB4_BURCJ				
OG0006376		tr|B4EHB8|B4EHB8_BURCJ				
OG0006377		tr|B4EHC4|B4EHC4_BURCJ				
OG0006378		tr|B4EHC5|B4EHC5_BURCJ				
OG0006379		tr|B4EHC6|B4EHC6_BURCJ				
OG0006380		tr|B4EHC8|B4EHC8_BURCJ				
OG0006381		tr|B4EHD4|B4EHD4_BURCJ				
OG0006382		tr|B4EHD8|B4EHD8_BURCJ				
OG0006383		tr|B4EHD9|B4EHD9_BURCJ				
OG0006384		tr|B4EHE0|B4EHE0_BURCJ				
OG0006385		tr|B4EHF6|B4EHF6_BURCJ				
OG0006386		tr|B4EHG5|B4EHG5_BURCJ				
OG0006387		tr|B4EHH9|B4EHH9_BURCJ				
OG0006388		tr|B4EHJ3|B4EHJ3_BURCJ				
OG0006389		tr|B4EHJ4|B4EHJ4_BURCJ				
OG0006390		tr|B4EHJ8|B4EHJ8_BURCJ				
OG0006391		tr|B4EHK2|B4EHK2_BURCJ				
OG0006392		tr|B4EHK6|B4EHK6_BURCJ				
OG0006393		tr|B4EHK8|B4EHK8_BURCJ				
OG0006394		tr|B4EHK9|B4EHK9_BURCJ				
OG0006395		tr|B4EHL0|B4EHL0_BURCJ				
OG0006396		tr|B4EHM3|B4EHM3_BURCJ				
OG0006397		tr|B4EHM4|B4EHM4_BURCJ				
OG0006398		tr|B4EHM6|B4EHM6_BURCJ				
OG0006399		tr|B4EHM8|B4EHM8_BURCJ				
OG0006400		tr|B4EHN4|B4EHN4_BURCJ				
OG0006401		tr|B4EHN5|B4EHN5_BURCJ				
OG0006402		tr|B4EHN6|B4EHN6_BURCJ				
OG0006403		tr|B4EHN7|B4EHN7_BURCJ				
OG0006404		tr|B4EHP3|B4EHP3_BURCJ				
OG0006405		tr|B4EHP6|B4EHP6_BURCJ				
OG0006406		tr|B4EHP8|B4EHP8_BURCJ				
OG0006407		tr|B4EHP9|B4EHP9_BURCJ				
OG0006408		tr|B4EHQ9|B4EHQ9_BURCJ				
OG0006409		tr|B4EHR2|B4EHR2_BURCJ				
OG0006410		tr|B4EHR3|B4EHR3_BURCJ				
OG0006411		tr|B4EHR9|B4EHR9_BURCJ				
OG0006412		tr|B4EHS1|B4EHS1_BURCJ				
OG0006413		tr|B4EHS3|B4EHS3_BURCJ				
OG0006414		tr|B4EHS4|B4EHS4_BURCJ				
OG0006415		tr|B4EHS5|B4EHS5_BURCJ				
OG0006416		tr|B4EHT7|B4EHT7_BURCJ				
OG0006417		tr|B4EHU2|B4EHU2_BURCJ				
OG0006418		tr|B4EHU4|B4EHU4_BURCJ				
OG0006419		tr|B4EHU5|B4EHU5_BURCJ				
OG0006420		tr|B4EHU8|B4EHU8_BURCJ				
OG0006421		tr|B4EHV7|B4EHV7_BURCJ				
OG0006422		tr|B4EHV8|B4EHV8_BURCJ				
OG0006423		tr|B4EHW0|B4EHW0_BURCJ				
OG0006424		tr|B4EHW6|B4EHW6_BURCJ				
OG0006425		tr|B4EHW7|B4EHW7_BURCJ				
OG0006426		tr|B4EHX3|B4EHX3_BURCJ				
OG0006427		tr|B4EHX4|B4EHX4_BURCJ				
OG0006428		tr|B4EHX5|B4EHX5_BURCJ				
OG0006429		tr|B4EHX6|B4EHX6_BURCJ				
OG0006430		tr|B4EHY4|B4EHY4_BURCJ				
OG0006431		tr|B4EHY5|B4EHY5_BURCJ				
OG0006432		tr|B4EHY7|B4EHY7_BURCJ				
OG0006433		tr|B4EHZ4|B4EHZ4_BURCJ				
OG0006434		tr|B4EI20|B4EI20_BURCJ				
OG0006435		tr|B4EI33|B4EI33_BURCJ				
OG0006436		tr|B4EI34|B4EI34_BURCJ				
OG0006437		tr|B4EI36|B4EI36_BURCJ				
OG0006438		tr|B4EI41|B4EI41_BURCJ				
OG0006439		tr|B4EI44|B4EI44_BURCJ				
OG0006440		tr|B4EI51|B4EI51_BURCJ				
OG0006441		tr|B4EI53|B4EI53_BURCJ				
OG0006442		tr|B4EI56|B4EI56_BURCJ				
OG0006443		tr|B4EI57|B4EI57_BURCJ				
OG0006444		tr|B4EI68|B4EI68_BURCJ				
OG0006445		tr|B4EI71|B4EI71_BURCJ				
OG0006446		tr|B4EI72|B4EI72_BURCJ				
OG0006447		tr|B4EI73|B4EI73_BURCJ				
OG0006448		tr|B4EI74|B4EI74_BURCJ				
OG0006449		tr|B4EI75|B4EI75_BURCJ				
OG0006450		tr|B4EI80|B4EI80_BURCJ				
OG0006451		tr|B4EI81|B4EI81_BURCJ				
OG0006452		tr|B4EI86|B4EI86_BURCJ				
OG0006453		tr|B4EI90|B4EI90_BURCJ				
OG0006454		tr|B4EIA7|B4EIA7_BURCJ				
OG0006455		tr|B4EIC0|B4EIC0_BURCJ				
OG0006456		tr|B4EIC1|B4EIC1_BURCJ				
OG0006457		tr|B4EIC2|B4EIC2_BURCJ				
OG0006458		tr|B4EIC3|B4EIC3_BURCJ				
OG0006459		tr|B4EID0|B4EID0_BURCJ				
OG0006460		tr|B4EID9|B4EID9_BURCJ				
OG0006461		tr|B4EIF5|B4EIF5_BURCJ				
OG0006462		tr|B4EIG4|B4EIG4_BURCJ				
OG0006463		tr|B4EIG5|B4EIG5_BURCJ				
OG0006464		tr|B4EII0|B4EII0_BURCJ				
OG0006465		tr|B4EII6|B4EII6_BURCJ				
OG0006466		tr|B4EIJ3|B4EIJ3_BURCJ				
OG0006467		tr|B4EIJ5|B4EIJ5_BURCJ				
OG0006468		tr|B4EIK1|B4EIK1_BURCJ				
OG0006469		tr|B4EIK4|B4EIK4_BURCJ				
OG0006470		tr|B4EIK6|B4EIK6_BURCJ				
OG0006471		tr|B4EIK7|B4EIK7_BURCJ				
OG0006472		tr|B4EIL1|B4EIL1_BURCJ				
OG0006473		tr|B4EIM3|B4EIM3_BURCJ				
OG0006474		tr|B4EIM4|B4EIM4_BURCJ				
OG0006475		tr|B4EIM5|B4EIM5_BURCJ				
OG0006476		tr|B4EIM6|B4EIM6_BURCJ				
OG0006477		tr|B4EIM9|B4EIM9_BURCJ				
OG0006478		tr|B4EIP0|B4EIP0_BURCJ				
OG0006479		tr|B4EIQ4|B4EIQ4_BURCJ				
OG0006480		tr|B4EIQ7|B4EIQ7_BURCJ				
OG0006481		tr|B4EIQ8|B4EIQ8_BURCJ				
OG0006482		tr|B4EIR6|B4EIR6_BURCJ				
OG0006483		tr|B4EIR7|B4EIR7_BURCJ				
OG0006484		tr|B4EIR8|B4EIR8_BURCJ				
OG0006485		tr|B4EIR9|B4EIR9_BURCJ				
OG0006486		tr|B4EIS0|B4EIS0_BURCJ				
OG0006487		tr|B4EIS1|B4EIS1_BURCJ				
OG0006488		tr|B4EIS2|B4EIS2_BURCJ				
OG0006489		tr|B4EIS3|B4EIS3_BURCJ				
OG0006490		tr|B4EIS4|B4EIS4_BURCJ				
OG0006491		tr|B4EIS8|B4EIS8_BURCJ				
OG0006492		tr|B4EIT4|B4EIT4_BURCJ				
OG0006493		tr|B4EIT5|B4EIT5_BURCJ				
OG0006494		tr|B4EIT6|B4EIT6_BURCJ				
OG0006495		tr|B4EIV5|B4EIV5_BURCJ				
OG0006496		tr|B4EIV8|B4EIV8_BURCJ				
OG0006497		tr|B4EIW1|B4EIW1_BURCJ				
OG0006498		tr|B4EIW2|B4EIW2_BURCJ				
OG0006499		tr|B4EIW4|B4EIW4_BURCJ				
OG0006500		tr|B4EIX7|B4EIX7_BURCJ				
OG0006501		tr|B4EIZ1|B4EIZ1_BURCJ				
OG0006502		tr|B4EIZ3|B4EIZ3_BURCJ				
OG0006503		tr|B4EJ02|B4EJ02_BURCJ				
OG0006504		tr|B4EJ18|B4EJ18_BURCJ				
OG0006505		tr|B4EJ19|B4EJ19_BURCJ				
OG0006506		tr|B4EJ32|B4EJ32_BURCJ				
OG0006507		tr|B4EJ35|B4EJ35_BURCJ				
OG0006508		tr|B4EJ50|B4EJ50_BURCJ				
OG0006509		tr|B4EJ63|B4EJ63_BURCJ				
OG0006510		tr|B4EJ66|B4EJ66_BURCJ				
OG0006511		tr|B4EJ69|B4EJ69_BURCJ				
OG0006512		tr|B4EJ70|B4EJ70_BURCJ				
OG0006513		tr|B4EJ80|B4EJ80_BURCJ				
OG0006514		tr|B4EJ85|B4EJ85_BURCJ				
OG0006515		tr|B4EJ94|B4EJ94_BURCJ				
OG0006516		tr|B4EJ95|B4EJ95_BURCJ				
OG0006517		tr|B4EJ96|B4EJ96_BURCJ				
OG0006518		tr|B4EJA0|B4EJA0_BURCJ				
OG0006519		tr|B4EJA1|B4EJA1_BURCJ				
OG0006520		tr|B4EJB2|B4EJB2_BURCJ				
OG0006521		tr|B4EJB5|B4EJB5_BURCJ				
OG0006522		tr|B4EJB6|B4EJB6_BURCJ				
OG0006523		tr|B4EJB8|B4EJB8_BURCJ				
OG0006524		tr|B4EJB9|B4EJB9_BURCJ				
OG0006525		tr|B4EJD0|B4EJD0_BURCJ				
OG0006526		tr|B4EJD6|B4EJD6_BURCJ				
OG0006527		tr|B4EJD7|B4EJD7_BURCJ				
OG0006528		tr|B4EJE1|B4EJE1_BURCJ				
OG0006529		tr|B4EJF1|B4EJF1_BURCJ				
OG0006530		tr|B4EJF2|B4EJF2_BURCJ				
OG0006531		tr|B4EJF5|B4EJF5_BURCJ				
OG0006532		tr|B4EJF6|B4EJF6_BURCJ				
OG0006533		tr|B4EJG7|B4EJG7_BURCJ				
OG0006534		tr|B4EJG8|B4EJG8_BURCJ				
OG0006535		tr|B4EJG9|B4EJG9_BURCJ				
OG0006536		tr|B4EJH5|B4EJH5_BURCJ				
OG0006537		tr|B4EJH6|B4EJH6_BURCJ				
OG0006538		tr|B4EJH7|B4EJH7_BURCJ				
OG0006539		tr|B4EJH9|B4EJH9_BURCJ				
OG0006540		tr|B4EJI1|B4EJI1_BURCJ				
OG0006541		tr|B4EJI3|B4EJI3_BURCJ				
OG0006542		tr|B4EJJ2|B4EJJ2_BURCJ				
OG0006543		tr|B4EJJ7|B4EJJ7_BURCJ				
OG0006544		tr|B4EJJ9|B4EJJ9_BURCJ				
OG0006545		tr|B4EJK1|B4EJK1_BURCJ				
OG0006546		tr|B4EJK2|B4EJK2_BURCJ				
OG0006547		tr|B4EJK3|B4EJK3_BURCJ				
OG0006548		tr|B4EJK8|B4EJK8_BURCJ				
OG0006549		tr|B4EJM0|B4EJM0_BURCJ				
OG0006550		tr|B4EJM5|B4EJM5_BURCJ				
OG0006551		tr|B4EJN3|B4EJN3_BURCJ				
OG0006552		tr|B4EJN4|B4EJN4_BURCJ				
OG0006553		tr|B4EJN6|B4EJN6_BURCJ				
OG0006554		tr|B4EJN7|B4EJN7_BURCJ				
OG0006555		tr|B4EJP0|B4EJP0_BURCJ				
OG0006556		tr|B4EJP7|B4EJP7_BURCJ				
OG0006557		tr|B4EJP9|B4EJP9_BURCJ				
OG0006558		tr|B4EJQ5|B4EJQ5_BURCJ				
OG0006559		tr|B4EJT9|B4EJT9_BURCJ				
OG0006560		tr|B4EJU6|B4EJU6_BURCJ				
OG0006561		tr|B4EJV2|B4EJV2_BURCJ				
OG0006562		tr|B4EJW0|B4EJW0_BURCJ				
OG0006563		tr|B4EJW9|B4EJW9_BURCJ				
OG0006564		tr|B4EJX0|B4EJX0_BURCJ				
OG0006565		tr|B4EJX6|B4EJX6_BURCJ				
OG0006566		tr|B4EJX7|B4EJX7_BURCJ				
OG0006567		tr|B4EJX8|B4EJX8_BURCJ				
OG0006568		tr|B4EJX9|B4EJX9_BURCJ				
OG0006569		tr|B4EJY1|B4EJY1_BURCJ				
OG0006570		tr|B4EJZ5|B4EJZ5_BURCJ				
OG0006571		tr|B4EJZ6|B4EJZ6_BURCJ				
OG0006572		tr|B4EJZ7|B4EJZ7_BURCJ				
OG0006573		tr|B4EJZ8|B4EJZ8_BURCJ				
OG0006574		tr|B4EK00|B4EK00_BURCJ				
OG0006575		tr|B4EK03|B4EK03_BURCJ				
OG0006576		tr|B4EK05|B4EK05_BURCJ				
OG0006577		tr|B4EK12|B4EK12_BURCJ				
OG0006578		tr|B4EK18|B4EK18_BURCJ				
OG0006579		tr|B4EK19|B4EK19_BURCJ				
OG0006580		tr|B4EK32|B4EK32_BURCJ				
OG0006581		tr|B4EK40|B4EK40_BURCJ				
OG0006582		tr|B4EK43|B4EK43_BURCJ				
OG0006583		tr|B4EK55|B4EK55_BURCJ				
OG0006584		tr|B4EK65|B4EK65_BURCJ				
OG0006585		tr|B4EK66|B4EK66_BURCJ				
OG0006586		tr|B4EK67|B4EK67_BURCJ				
OG0006587		tr|B4EK80|B4EK80_BURCJ				
OG0006588		tr|B4EK95|B4EK95_BURCJ				
OG0006589		tr|B4EKA8|B4EKA8_BURCJ				
OG0006590		tr|B4EKA9|B4EKA9_BURCJ				
OG0006591		tr|B4EKB0|B4EKB0_BURCJ				
OG0006592		tr|B4EKB9|B4EKB9_BURCJ				
OG0006593		tr|B4EKC0|B4EKC0_BURCJ				
OG0006594		tr|B4EKC4|B4EKC4_BURCJ				
OG0006595		tr|B4EKC6|B4EKC6_BURCJ				
OG0006596		tr|B4EKD1|B4EKD1_BURCJ				
OG0006597		tr|B4EKD4|B4EKD4_BURCJ				
OG0006598		tr|B4EKE5|B4EKE5_BURCJ				
OG0006599		tr|B4EKF2|B4EKF2_BURCJ				
OG0006600		tr|B4EKF5|B4EKF5_BURCJ				
OG0006601		tr|B4EKF7|B4EKF7_BURCJ				
OG0006602		tr|B4EKF8|B4EKF8_BURCJ				
OG0006603		tr|B4EKG1|B4EKG1_BURCJ				
OG0006604		tr|B4EKG6|B4EKG6_BURCJ				
OG0006605		tr|B4EKG8|B4EKG8_BURCJ				
OG0006606		tr|B4EKH1|B4EKH1_BURCJ				
OG0006607		tr|B4EKH3|B4EKH3_BURCJ				
OG0006608		tr|B4EKH6|B4EKH6_BURCJ				
OG0006609		tr|B4EKH7|B4EKH7_BURCJ				
OG0006610		tr|B4EKH9|B4EKH9_BURCJ				
OG0006611		tr|B4EKI2|B4EKI2_BURCJ				
OG0006612		tr|B4EKI8|B4EKI8_BURCJ				
OG0006613		tr|B4EKJ0|B4EKJ0_BURCJ				
OG0006614		tr|B4EKJ1|B4EKJ1_BURCJ				
OG0006615		tr|B4EKJ6|B4EKJ6_BURCJ				
OG0006616		tr|B4EKJ8|B4EKJ8_BURCJ				
OG0006617		tr|B4EKJ9|B4EKJ9_BURCJ				
OG0006618		tr|B4EKK2|B4EKK2_BURCJ				
OG0006619		tr|B4EKK8|B4EKK8_BURCJ				
OG0006620		tr|B4EKL7|B4EKL7_BURCJ				
OG0006621		tr|B4EKL9|B4EKL9_BURCJ				
OG0006622		tr|B4EKM5|B4EKM5_BURCJ				
OG0006623		tr|B4EKM7|B4EKM7_BURCJ				
OG0006624		tr|B4EKP0|B4EKP0_BURCJ				
OG0006625		tr|B4EKP1|B4EKP1_BURCJ				
OG0006626		tr|B4EKQ5|B4EKQ5_BURCJ				
OG0006627		tr|B4EKQ8|B4EKQ8_BURCJ				
OG0006628		tr|B4EKQ9|B4EKQ9_BURCJ				
OG0006629		tr|B4EKR6|B4EKR6_BURCJ				
OG0006630		tr|B4EKR7|B4EKR7_BURCJ				
OG0006631		tr|B4EKS5|B4EKS5_BURCJ				
OG0006632		tr|B4EKS7|B4EKS7_BURCJ				
OG0006633		tr|B4EKU0|B4EKU0_BURCJ				
OG0006634		tr|B4EKU3|B4EKU3_BURCJ				
OG0006635		tr|B4EKU6|B4EKU6_BURCJ				
OG0006636		tr|B4EKU7|B4EKU7_BURCJ				
OG0006637		tr|B4EKU8|B4EKU8_BURCJ				
OG0006638		tr|B4EKV4|B4EKV4_BURCJ				
OG0006639		tr|B4EKV5|B4EKV5_BURCJ				
OG0006640		tr|B4EKW1|B4EKW1_BURCJ				
OG0006641		tr|B4EKY1|B4EKY1_BURCJ				
OG0006642		tr|B4EKY2|B4EKY2_BURCJ				
OG0006643		tr|B4EKZ0|B4EKZ0_BURCJ				
OG0006644		tr|B4EL04|B4EL04_BURCJ				
OG0006645		tr|B4EL05|B4EL05_BURCJ				
OG0006646		tr|B4EL10|B4EL10_BURCJ				
OG0006647		tr|B4EL17|B4EL17_BURCJ				
OG0006648		tr|B4EL21|B4EL21_BURCJ				
OG0006649		tr|B4EL24|B4EL24_BURCJ				
OG0006650		tr|B4EL28|B4EL28_BURCJ				
OG0006651		tr|B4EL37|B4EL37_BURCJ				
OG0006652		tr|B4EL39|B4EL39_BURCJ				
OG0006653		tr|B4EL42|B4EL42_BURCJ				
OG0006654		tr|B4EL45|B4EL45_BURCJ				
OG0006655		tr|B4EL49|B4EL49_BURCJ				
OG0006656		tr|B4EL54|B4EL54_BURCJ				
OG0006657		tr|B4EL55|B4EL55_BURCJ				
OG0006658		tr|B4EL67|B4EL67_BURCJ				
OG0006659		tr|B4EL74|B4EL74_BURCJ				
OG0006660		tr|B4EL75|B4EL75_BURCJ				
OG0006661		tr|B4EL76|B4EL76_BURCJ				
OG0006662		tr|B4EL81|B4EL81_BURCJ				
OG0006663		tr|B4EL84|B4EL84_BURCJ				
OG0006664		tr|B4EL93|B4EL93_BURCJ				
OG0006665		tr|B4ELA2|B4ELA2_BURCJ				
OG0006666		tr|B4ELA4|B4ELA4_BURCJ				
OG0006667		tr|B4ELB7|B4ELB7_BURCJ				
OG0006668		tr|B4ELB8|B4ELB8_BURCJ				
OG0006669		tr|B4ELB9|B4ELB9_BURCJ				
OG0006670		tr|B4ELC0|B4ELC0_BURCJ				
OG0006671		tr|B4ELC4|B4ELC4_BURCJ				
OG0006672		tr|B4ELC7|B4ELC7_BURCJ				
OG0006673		tr|B4ELD8|B4ELD8_BURCJ				
OG0006674		tr|B4ELD9|B4ELD9_BURCJ				
OG0006675		tr|B4ELE0|B4ELE0_BURCJ				
OG0006676		tr|B4ELE1|B4ELE1_BURCJ				
OG0006677		tr|B4ELF4|B4ELF4_BURCJ				
OG0006678		tr|B4ELF5|B4ELF5_BURCJ				
OG0006679		tr|B4ELF8|B4ELF8_BURCJ				
OG0006680		tr|B4ELF9|B4ELF9_BURCJ				
OG0006681		tr|B4ELG0|B4ELG0_BURCJ				
OG0006682		tr|B4ELG4|B4ELG4_BURCJ				
OG0006683		tr|B4ELG5|B4ELG5_BURCJ				
OG0006684		tr|B4ELG7|B4ELG7_BURCJ				
OG0006685		tr|B4ELH9|B4ELH9_BURCJ				
OG0006686		tr|B4ELI0|B4ELI0_BURCJ				
OG0006687		tr|B4ELI1|B4ELI1_BURCJ				
OG0006688		tr|B4ELK5|B4ELK5_BURCJ				
OG0006689		tr|B4ELL2|B4ELL2_BURCJ				
OG0006690		tr|B4ELM0|B4ELM0_BURCJ				
OG0006691		tr|B4ELM7|B4ELM7_BURCJ				
OG0006692		tr|B4ELM9|B4ELM9_BURCJ				
OG0006693		tr|B4ELN0|B4ELN0_BURCJ				
OG0006694		tr|B4ELN9|B4ELN9_BURCJ				
OG0006695		tr|B4ELP0|B4ELP0_BURCJ				
OG0006696		tr|B4ELP1|B4ELP1_BURCJ				
OG0006697		tr|B4ELP2|B4ELP2_BURCJ				
OG0006698		tr|B4ELP4|B4ELP4_BURCJ				
OG0006699		tr|B4ELP5|B4ELP5_BURCJ				
OG0006700		tr|B4ELQ2|B4ELQ2_BURCJ				
OG0006701		tr|B4ELR0|B4ELR0_BURCJ				
OG0006702		tr|B4ELR1|B4ELR1_BURCJ				
OG0006703		tr|B4ELS0|B4ELS0_BURCJ				
OG0006704		tr|B4ELS7|B4ELS7_BURCJ				
OG0006705		tr|B4ELT2|B4ELT2_BURCJ				
OG0006706		tr|B4ELT7|B4ELT7_BURCJ				
OG0006707		tr|B4ELU1|B4ELU1_BURCJ				
OG0006708		tr|B4ELU4|B4ELU4_BURCJ				
OG0006709		tr|B4ELV9|B4ELV9_BURCJ				
OG0006710		tr|B4ELW0|B4ELW0_BURCJ				
OG0006711		tr|B4ELW1|B4ELW1_BURCJ				
OG0006712		tr|B4ELY1|B4ELY1_BURCJ				
OG0006713		tr|B4ELY9|B4ELY9_BURCJ				
OG0006714		tr|B4ELZ1|B4ELZ1_BURCJ				
OG0006715		tr|B4EM08|B4EM08_BURCJ				
OG0006716		tr|B4EM12|B4EM12_BURCJ				
OG0006717		tr|B4EM21|B4EM21_BURCJ				
OG0006718		tr|B4EM22|B4EM22_BURCJ				
OG0006719		tr|B4EM25|B4EM25_BURCJ				
OG0006720		tr|B4EM31|B4EM31_BURCJ				
OG0006721		tr|B4EM32|B4EM32_BURCJ				
OG0006722		tr|B4EM33|B4EM33_BURCJ				
OG0006723		tr|B4EM47|B4EM47_BURCJ				
OG0006724		tr|B4EM52|B4EM52_BURCJ				
OG0006725		tr|B4EM55|B4EM55_BURCJ				
OG0006726		tr|B4EM56|B4EM56_BURCJ				
OG0006727		tr|B4EM60|B4EM60_BURCJ				
OG0006728		tr|B4EM66|B4EM66_BURCJ				
OG0006729		tr|B4EM68|B4EM68_BURCJ				
OG0006730		tr|B4EM70|B4EM70_BURCJ				
OG0006731		tr|B4EM75|B4EM75_BURCJ				
OG0006732		tr|B4EM78|B4EM78_BURCJ				
OG0006733		tr|B4EM82|B4EM82_BURCJ				
OG0006734		tr|B4EM90|B4EM90_BURCJ				
OG0006735		tr|B4EM92|B4EM92_BURCJ				
OG0006736		tr|B4EM93|B4EM93_BURCJ				
OG0006737		tr|B4EM95|B4EM95_BURCJ				
OG0006738		tr|B4EM97|B4EM97_BURCJ				
OG0006739		tr|B4EM98|B4EM98_BURCJ				
OG0006740		tr|B4EM99|B4EM99_BURCJ				
OG0006741		tr|B4EMB9|B4EMB9_BURCJ				
OG0006742		tr|B4EMC0|B4EMC0_BURCJ				
OG0006743		tr|B4EMC1|B4EMC1_BURCJ				
OG0006744		tr|B4EMC5|B4EMC5_BURCJ				
OG0006745		tr|B4EMD3|B4EMD3_BURCJ				
OG0006746		tr|B4EMD4|B4EMD4_BURCJ				
OG0006747		tr|B4EMD5|B4EMD5_BURCJ				
OG0006748		tr|B4EMD7|B4EMD7_BURCJ				
OG0006749		tr|B4EMD8|B4EMD8_BURCJ				
OG0006750		tr|B4EMD9|B4EMD9_BURCJ				
OG0006751		tr|B4EME0|B4EME0_BURCJ				
OG0006752		tr|B4EME1|B4EME1_BURCJ				
OG0006753		tr|B4EME2|B4EME2_BURCJ				
OG0006754		tr|B4EME4|B4EME4_BURCJ				
OG0006755		tr|B4EME7|B4EME7_BURCJ				
OG0006756		tr|B4EME9|B4EME9_BURCJ				
OG0006757		tr|B4EMF0|B4EMF0_BURCJ				
OG0006758		tr|B4EMF1|B4EMF1_BURCJ				
OG0006759		tr|B4EMF3|B4EMF3_BURCJ				
OG0006760		tr|B4EMF4|B4EMF4_BURCJ				
OG0006761		tr|B4EMF5|B4EMF5_BURCJ				
OG0006762		tr|B4EMF6|B4EMF6_BURCJ				
OG0006763		tr|B4EMF7|B4EMF7_BURCJ				
OG0006764		tr|B4EMF8|B4EMF8_BURCJ				
OG0006765		tr|B4EMF9|B4EMF9_BURCJ				
OG0006766		tr|B4EMG0|B4EMG0_BURCJ				
OG0006767		tr|B4EMG1|B4EMG1_BURCJ				
OG0006768		tr|B4EMG2|B4EMG2_BURCJ				
OG0006769		tr|B4EMG3|B4EMG3_BURCJ				
OG0006770		tr|B4EMG4|B4EMG4_BURCJ				
OG0006771		tr|B4EMG5|B4EMG5_BURCJ				
OG0006772		tr|B4EMG6|B4EMG6_BURCJ				
OG0006773		tr|B4EMG7|B4EMG7_BURCJ				
OG0006774		tr|B4EMG8|B4EMG8_BURCJ				
OG0006775		tr|B4EMG9|B4EMG9_BURCJ				
OG0006776		tr|B4EMH0|B4EMH0_BURCJ				
OG0006777		tr|B4EMH2|B4EMH2_BURCJ				
OG0006778		tr|B4EMH3|B4EMH3_BURCJ				
OG0006779		tr|B4EMH4|B4EMH4_BURCJ				
OG0006780		tr|B4EMH5|B4EMH5_BURCJ				
OG0006781		tr|B4EMH6|B4EMH6_BURCJ				
OG0006782		tr|B4EMH7|B4EMH7_BURCJ				
OG0006783		tr|B4EMH8|B4EMH8_BURCJ				
OG0006784		tr|B4EMI2|B4EMI2_BURCJ				
OG0006785		tr|B4EMI3|B4EMI3_BURCJ				
OG0006786		tr|B4EMI4|B4EMI4_BURCJ				
OG0006787		tr|B4EMI5|B4EMI5_BURCJ				
OG0006788		tr|B4EMI9|B4EMI9_BURCJ				
OG0006789		tr|B4EMJ0|B4EMJ0_BURCJ				
OG0006790		tr|B4EMJ2|B4EMJ2_BURCJ				
OG0006791		tr|B4EMJ9|B4EMJ9_BURCJ				
OG0006792		tr|B4EMK2|B4EMK2_BURCJ				
OG0006793		tr|B4EML0|B4EML0_BURCJ				
OG0006794		tr|B4EML3|B4EML3_BURCJ				
OG0006795		tr|B4EMN0|B4EMN0_BURCJ				
OG0006796		tr|B4EMP0|B4EMP0_BURCJ				
OG0006797		tr|B4EMP3|B4EMP3_BURCJ				
OG0006798		tr|B4EMQ2|B4EMQ2_BURCJ				
OG0006799		tr|B4EMQ4|B4EMQ4_BURCJ				
OG0006800		tr|B4EMS4|B4EMS4_BURCJ				
OG0006801		tr|B4EMT9|B4EMT9_BURCJ				
OG0006802		tr|B4EMU1|B4EMU1_BURCJ				
OG0006803		tr|B4EMU5|B4EMU5_BURCJ				
OG0006804		tr|B4EMU6|B4EMU6_BURCJ				
OG0006805		tr|B4EMW2|B4EMW2_BURCJ				
OG0006806		tr|B4EMW7|B4EMW7_BURCJ				
OG0006807		tr|B4EMX0|B4EMX0_BURCJ				
OG0006808		tr|B4EMX1|B4EMX1_BURCJ				
OG0006809		tr|B4EMX9|B4EMX9_BURCJ				
OG0006810		tr|B4EMY0|B4EMY0_BURCJ				
OG0006811		tr|B4EMY1|B4EMY1_BURCJ				
OG0006812		tr|B4EMZ3|B4EMZ3_BURCJ				
OG0006813		tr|B4EN02|B4EN02_BURCJ				
OG0006814		tr|B4EN16|B4EN16_BURCJ				
OG0006815		tr|B4EN18|B4EN18_BURCJ				
OG0006816		tr|B4EN26|B4EN26_BURCJ				
OG0006817		tr|B4EN38|B4EN38_BURCJ				
OG0006818		tr|B4EN43|B4EN43_BURCJ				
OG0006819		tr|B4EN44|B4EN44_BURCJ				
OG0006820		tr|B4EN49|B4EN49_BURCJ				
OG0006821		tr|B4EN56|B4EN56_BURCJ				
OG0006822		tr|B4EN57|B4EN57_BURCJ				
OG0006823		tr|B4EN68|B4EN68_BURCJ				
OG0006824		tr|B4EN69|B4EN69_BURCJ				
OG0006825		tr|B4EN71|B4EN71_BURCJ				
OG0006826		tr|B4EN72|B4EN72_BURCJ				
OG0006827		tr|B4EN73|B4EN73_BURCJ				
OG0006828		tr|B4EN74|B4EN74_BURCJ				
OG0006829		tr|B4EN82|B4EN82_BURCJ				
OG0006830		tr|B4EN90|B4EN90_BURCJ				
OG0006831		tr|B4EN93|B4EN93_BURCJ				
OG0006832		tr|B4EN95|B4EN95_BURCJ				
OG0006833		tr|B4EN96|B4EN96_BURCJ				
OG0006834		tr|B4EN97|B4EN97_BURCJ				
OG0006835		tr|B4ENB3|B4ENB3_BURCJ				
OG0006836		tr|B4ENB5|B4ENB5_BURCJ				
OG0006837		tr|B4ENC5|B4ENC5_BURCJ				
OG0006838		tr|B4ENC8|B4ENC8_BURCJ				
OG0006839		tr|B4ENE0|B4ENE0_BURCJ				
OG0006840		tr|B4ENE3|B4ENE3_BURCJ				
OG0006841		tr|B4ENF2|B4ENF2_BURCJ				
OG0006842		tr|B4ENF6|B4ENF6_BURCJ				
OG0006843		tr|B4ENG2|B4ENG2_BURCJ				
OG0006844		tr|B4ENG5|B4ENG5_BURCJ				
OG0006845		tr|B4ENH4|B4ENH4_BURCJ				
OG0006846		tr|B4ENH5|B4ENH5_BURCJ				
OG0006847		tr|B4ENI0|B4ENI0_BURCJ				
OG0006848		tr|B4ENI1|B4ENI1_BURCJ				
OG0006849		tr|B4ENI3|B4ENI3_BURCJ				
OG0006850		tr|B4ENI5|B4ENI5_BURCJ				
OG0006851		tr|B4ENI6|B4ENI6_BURCJ				
OG0006852		tr|B4ENJ1|B4ENJ1_BURCJ				
OG0006853		tr|B4ENK1|B4ENK1_BURCJ				
OG0006854		tr|B4ENK4|B4ENK4_BURCJ				
OG0006855		tr|B4ENK5|B4ENK5_BURCJ				
OG0006856		tr|B4ENK7|B4ENK7_BURCJ				
OG0006857		tr|B4ENK8|B4ENK8_BURCJ				
OG0006858		tr|B4ENL4|B4ENL4_BURCJ				
OG0006859		tr|B4ENL5|B4ENL5_BURCJ				
OG0006860		tr|B4ENM2|B4ENM2_BURCJ				
OG0006861		tr|B4ENM3|B4ENM3_BURCJ				
OG0006862		tr|B4ENM8|B4ENM8_BURCJ				
OG0006863		tr|B4ENM9|B4ENM9_BURCJ				
OG0006864		tr|B4ENN6|B4ENN6_BURCJ				
OG0006865		tr|B4ENP7|B4ENP7_BURCJ				
OG0006866		tr|B4ENP8|B4ENP8_BURCJ				
OG0006867		tr|B4ENQ1|B4ENQ1_BURCJ				
OG0006868		tr|B4ENQ2|B4ENQ2_BURCJ				
OG0006869		tr|B4ENQ4|B4ENQ4_BURCJ				
OG0006870		tr|B4ENQ7|B4ENQ7_BURCJ				
OG0006871		tr|B4ENQ8|B4ENQ8_BURCJ				
OG0006872		tr|B4ENR0|B4ENR0_BURCJ				
OG0006873		tr|B4ENR1|B4ENR1_BURCJ				
OG0006874		tr|B4ENR2|B4ENR2_BURCJ				
OG0006875		tr|B4ENR3|B4ENR3_BURCJ				
OG0006876		tr|B4ENR5|B4ENR5_BURCJ				
OG0006877		tr|B4ENR6|B4ENR6_BURCJ				
OG0006878		tr|B4ENR7|B4ENR7_BURCJ				
OG0006879		tr|B4ENR8|B4ENR8_BURCJ				
OG0006880		tr|B4ENR9|B4ENR9_BURCJ				
OG0006881		tr|B4ENS1|B4ENS1_BURCJ				
OG0006882		tr|B4ENS4|B4ENS4_BURCJ				
OG0006883		tr|B4ENS5|B4ENS5_BURCJ				
OG0006884		tr|B4ENS6|B4ENS6_BURCJ				
OG0006885		tr|B4ENS7|B4ENS7_BURCJ				
OG0006886		tr|B4ENS8|B4ENS8_BURCJ				
OG0006887		tr|B4ENS9|B4ENS9_BURCJ				
OG0006888		tr|B4ENT2|B4ENT2_BURCJ				
OG0006889		tr|B4ENT3|B4ENT3_BURCJ				
OG0006890		tr|B4ENT4|B4ENT4_BURCJ				
OG0006891		tr|B4ENT5|B4ENT5_BURCJ				
OG0006892		tr|B4ENT7|B4ENT7_BURCJ				
OG0006893		tr|B4ENT8|B4ENT8_BURCJ				
OG0006894		tr|B4ENT9|B4ENT9_BURCJ				
OG0006895		tr|B4ENU0|B4ENU0_BURCJ				
OG0006896		tr|B4ENU1|B4ENU1_BURCJ				
OG0006897		tr|B4ENU2|B4ENU2_BURCJ				
OG0006898		tr|B4ENU3|B4ENU3_BURCJ				
OG0006899		tr|B4ENU4|B4ENU4_BURCJ				
OG0006900		tr|B4ENU5|B4ENU5_BURCJ				
OG0006901		tr|B4ENU6|B4ENU6_BURCJ				
OG0006902		tr|B4ENU7|B4ENU7_BURCJ				
OG0006903		tr|B4ENU8|B4ENU8_BURCJ				
OG0006904		tr|B4ENV1|B4ENV1_BURCJ				
OG0006905		tr|B4ENV2|B4ENV2_BURCJ				
OG0006906		tr|B4ENV3|B4ENV3_BURCJ				
OG0006907		tr|B4ENW5|B4ENW5_BURCJ				
OG0006908		tr|B4ENW8|B4ENW8_BURCJ				
OG0006909		tr|B4ENX6|B4ENX6_BURCJ				
OG0006910		tr|B4ENX7|B4ENX7_BURCJ				
OG0006911		tr|B4ENZ0|B4ENZ0_BURCJ				
OG0006912		tr|B4ENZ4|B4ENZ4_BURCJ				
OG0006913		tr|B4ENZ8|B4ENZ8_BURCJ				
OG0006914		tr|B4EP08|B4EP08_BURCJ				
OG0006915		tr|B4EP11|B4EP11_BURCJ				
OG0006916		tr|B4EP15|B4EP15_BURCJ				
OG0006917		tr|B4EP18|B4EP18_BURCJ				
OG0006918		tr|B4EP23|B4EP23_BURCJ				
OG0006919		tr|B4EP27|B4EP27_BURCJ				
OG0006920		tr|B4EP30|B4EP30_BURCJ				
OG0006921		tr|B4EP33|B4EP33_BURCJ				
OG0006922		tr|B4EP50|B4EP50_BURCJ				
OG0006923		tr|B4EP51|B4EP51_BURCJ				
OG0006924		tr|B4EP53|B4EP53_BURCJ				
OG0006925		tr|B4EP54|B4EP54_BURCJ				
OG0006926		tr|B4EP55|B4EP55_BURCJ				
OG0006927		tr|B4EP56|B4EP56_BURCJ				
OG0006928		tr|B4EP58|B4EP58_BURCJ				
OG0006929		tr|B4EP59|B4EP59_BURCJ				
OG0006930		tr|B4EP63|B4EP63_BURCJ				
OG0006931		tr|B4EP64|B4EP64_BURCJ				
OG0006932		tr|B4EP66|B4EP66_BURCJ				
OG0006933		tr|B4EP67|B4EP67_BURCJ				
OG0006934		tr|B4EP68|B4EP68_BURCJ				
OG0006935		tr|B4EP69|B4EP69_BURCJ				
OG0006936		tr|B4EP70|B4EP70_BURCJ				
OG0006937		tr|B4EP71|B4EP71_BURCJ				
OG0006938		tr|B4EP72|B4EP72_BURCJ				
OG0006939		tr|B4EP74|B4EP74_BURCJ				
OG0006940		tr|B4EP75|B4EP75_BURCJ				
OG0006941		tr|B4EP78|B4EP78_BURCJ				
OG0006942		tr|B4EP79|B4EP79_BURCJ				
OG0006943		tr|B4EP80|B4EP80_BURCJ				
OG0006944		tr|B4EP81|B4EP81_BURCJ				
OG0006945		tr|B4EP82|B4EP82_BURCJ				
OG0006946		tr|B4EP90|B4EP90_BURCJ				
OG0006947		tr|B4EPA6|B4EPA6_BURCJ				
OG0006948		tr|B4EPA7|B4EPA7_BURCJ				
OG0006949		tr|B4EPA9|B4EPA9_BURCJ				
OG0006950		tr|B4EPC9|B4EPC9_BURCJ				
OG0006951		tr|B4EPD2|B4EPD2_BURCJ				
OG0006952		tr|B4EPD3|B4EPD3_BURCJ				
OG0006953		tr|B4EPD5|B4EPD5_BURCJ				
OG0006954		tr|B4EPD6|B4EPD6_BURCJ				
OG0006955		tr|B4EPD8|B4EPD8_BURCJ				
OG0006956		tr|B4EPE2|B4EPE2_BURCJ				
OG0006957		tr|B4EPE3|B4EPE3_BURCJ				
OG0006958		tr|B4EPE4|B4EPE4_BURCJ				
OG0006959		tr|B4EPE5|B4EPE5_BURCJ				
OG0006960		tr|B4EPE7|B4EPE7_BURCJ				
OG0006961		tr|B4EPG2|B4EPG2_BURCJ				
OG0006962		tr|B4EPG4|B4EPG4_BURCJ				
OG0006963		tr|B4EPG5|B4EPG5_BURCJ				
OG0006964		tr|B4EPH6|B4EPH6_BURCJ				
OG0006965		tr|B4EPI0|B4EPI0_BURCJ				
OG0006966		tr|B4EPI1|B4EPI1_BURCJ				
OG0006967		tr|B4EPJ1|B4EPJ1_BURCJ				
OG0006968		tr|B4EPK6|B4EPK6_BURCJ				
OG0006969		tr|B4EPL1|B4EPL1_BURCJ				
OG0006970		tr|B4EPL9|B4EPL9_BURCJ				
OG0006971		tr|B4EPM0|B4EPM0_BURCJ				
OG0006972		tr|B4EPM3|B4EPM3_BURCJ				
OG0006973		tr|B4EPM6|B4EPM6_BURCJ				
OG0006974		tr|B4EPN3|B4EPN3_BURCJ				
OG0006975		tr|B4EPP2|B4EPP2_BURCJ				
OG0006976		tr|B4EPP4|B4EPP4_BURCJ				
OG0006977		tr|B4EPR0|B4EPR0_BURCJ				
OG0006978		tr|B4EPR4|B4EPR4_BURCJ				
OG0006979		tr|B4EPR6|B4EPR6_BURCJ				
OG0006980		tr|B4EPR7|B4EPR7_BURCJ				
OG0006981		tr|B4EPR9|B4EPR9_BURCJ				
OG0006982		tr|B4EPS0|B4EPS0_BURCJ				
OG0006983		tr|B4EPS1|B4EPS1_BURCJ				
OG0006984		tr|B4EPS5|B4EPS5_BURCJ				
OG0006985		tr|B4EPT7|B4EPT7_BURCJ				
OG0006986		tr|B4EPU0|B4EPU0_BURCJ				
OG0006987		tr|B4EPU3|B4EPU3_BURCJ				
OG0006988		tr|B4EPU4|B4EPU4_BURCJ				
OG0006989		tr|B4EPU8|B4EPU8_BURCJ				
OG0006990		tr|B4EPV5|B4EPV5_BURCJ				
OG0006991		tr|B4EPV6|B4EPV6_BURCJ				
OG0006992		tr|B4EPW1|B4EPW1_BURCJ				
OG0006993		tr|B4EPW3|B4EPW3_BURCJ				
OG0006994		tr|B4EPW8|B4EPW8_BURCJ				
OG0006995		tr|B4EPW9|B4EPW9_BURCJ				
OG0006996		tr|B4EPX0|B4EPX0_BURCJ				
OG0006997		tr|B4EPX3|B4EPX3_BURCJ				
OG0006998		tr|B4EPX4|B4EPX4_BURCJ				
OG0006999		tr|B4EPX7|B4EPX7_BURCJ				
OG0007000		tr|B4EPY0|B4EPY0_BURCJ				
OG0007001		tr|B4EPY1|B4EPY1_BURCJ				
OG0007002		tr|B4EPY3|B4EPY3_BURCJ				
OG0007003		tr|B4EPY4|B4EPY4_BURCJ				
OG0007004		tr|B4EPY5|B4EPY5_BURCJ				
OG0007005		tr|B4EQ04|B4EQ04_BURCJ				
OG0007006		tr|B4EQ09|B4EQ09_BURCJ				
OG0007007		tr|B4EQ10|B4EQ10_BURCJ				
OG0007008		tr|B4EQ11|B4EQ11_BURCJ				
OG0007009		tr|B4EQ13|B4EQ13_BURCJ				
OG0007010		tr|B4EQ14|B4EQ14_BURCJ				
OG0007011		tr|B4EQ15|B4EQ15_BURCJ				
OG0007012		tr|B4EQ19|B4EQ19_BURCJ				
OG0007013		tr|B4EQ20|B4EQ20_BURCJ				
OG0007014		tr|B4EQ25|B4EQ25_BURCJ				
OG0007015		tr|B4EQ26|B4EQ26_BURCJ				
OG0007016		tr|B4EQ27|B4EQ27_BURCJ				
OG0007017		tr|B4EQ28|B4EQ28_BURCJ				
OG0007018		tr|B4EQ48|B4EQ48_BURCJ				
OG0007019		tr|B4EQ52|B4EQ52_BURCJ				
OG0007020		tr|B4EQ56|B4EQ56_BURCJ				
OG0007021		tr|B4EQ68|B4EQ68_BURCJ				
OG0007022		tr|B4EQ69|B4EQ69_BURCJ				
OG0007023		tr|B4EQ71|B4EQ71_BURCJ				
OG0007024		tr|B4EQ72|B4EQ72_BURCJ				
OG0007025		tr|B4EQ75|B4EQ75_BURCJ				
OG0007026		tr|B4EQ77|B4EQ77_BURCJ				
OG0007027		tr|B4EQ88|B4EQ88_BURCJ				
OG0007028		tr|B4EQ97|B4EQ97_BURCJ				
OG0007029		tr|B4EQA2|B4EQA2_BURCJ				
OG0007030		tr|B4EQC7|B4EQC7_BURCJ				
OG0007031		tr|B4EQE0|B4EQE0_BURCJ				
OG0007032		tr|B4EQE4|B4EQE4_BURCJ				
OG0007033		tr|B4EQF8|B4EQF8_BURCJ				
OG0007034		tr|B4EQF9|B4EQF9_BURCJ				
OG0007035		tr|B4EQG1|B4EQG1_BURCJ				
OG0007036		tr|B4EQG2|B4EQG2_BURCJ				
OG0007037		tr|B4EQG3|B4EQG3_BURCJ				
OG0007038		tr|B4EQG4|B4EQG4_BURCJ				
OG0007039		tr|B4EQG5|B4EQG5_BURCJ				
OG0007040		tr|B4EQG6|B4EQG6_BURCJ				
OG0007041		tr|B4EQG7|B4EQG7_BURCJ				
OG0007042		tr|B4EQG8|B4EQG8_BURCJ				
OG0007043		tr|B4EQG9|B4EQG9_BURCJ				
OG0007044		tr|B4EQH1|B4EQH1_BURCJ				
OG0007045		tr|B4EQH4|B4EQH4_BURCJ				
OG0007046		tr|B4EQH5|B4EQH5_BURCJ				
OG0007047		tr|B4EQH6|B4EQH6_BURCJ				
OG0007048		tr|B4EQH7|B4EQH7_BURCJ				
OG0007049		tr|B4EQH8|B4EQH8_BURCJ				
OG0007050		tr|B4EQH9|B4EQH9_BURCJ				
OG0007051		tr|B4EQI0|B4EQI0_BURCJ				
OG0007052		tr|B4EQI2|B4EQI2_BURCJ				
OG0007053		tr|B4EQI3|B4EQI3_BURCJ				
OG0007054		tr|B4EQI4|B4EQI4_BURCJ				
OG0007055		tr|B4EQI5|B4EQI5_BURCJ				
OG0007056		tr|B4EQI6|B4EQI6_BURCJ				
OG0007057		tr|B4EQI7|B4EQI7_BURCJ				
OG0007058		tr|B4EQI9|B4EQI9_BURCJ				
OG0007059		tr|B4EQJ1|B4EQJ1_BURCJ				
OG0007060		tr|B4EQJ2|B4EQJ2_BURCJ				
OG0007061		tr|B4EQJ3|B4EQJ3_BURCJ				
OG0007062		tr|B4EQJ5|B4EQJ5_BURCJ				
OG0007063		tr|B4EQJ7|B4EQJ7_BURCJ				
OG0007064		tr|B4EQJ8|B4EQJ8_BURCJ				
OG0007065		tr|B4EQJ9|B4EQJ9_BURCJ				
OG0007066		tr|B4EQK0|B4EQK0_BURCJ				
OG0007067		tr|B4EQK1|B4EQK1_BURCJ				
OG0007068		tr|B4EQK2|B4EQK2_BURCJ				
OG0007069		tr|B4EQK4|B4EQK4_BURCJ				
OG0007070		tr|B4EQK5|B4EQK5_BURCJ				
OG0007071		tr|B4EQK6|B4EQK6_BURCJ				
OG0007072		tr|B4EQK7|B4EQK7_BURCJ				
OG0007073		tr|B4EQK8|B4EQK8_BURCJ				
OG0007074		tr|B4EQK9|B4EQK9_BURCJ				
OG0007075		tr|B4EQL1|B4EQL1_BURCJ				
OG0007076		tr|B4EQL2|B4EQL2_BURCJ				
OG0007077		tr|B4EQL3|B4EQL3_BURCJ				
OG0007078		tr|B4EQL5|B4EQL5_BURCJ				
OG0007079		tr|B4EQL7|B4EQL7_BURCJ				
OG0007080		tr|B4EQL8|B4EQL8_BURCJ				
OG0007081		tr|B4EQM2|B4EQM2_BURCJ				
OG0007082		tr|B4EQM3|B4EQM3_BURCJ				
OG0007083		tr|B4EQM6|B4EQM6_BURCJ				
OG0007084		tr|B4EQN1|B4EQN1_BURCJ				
OG0007085		tr|B4EQN2|B4EQN2_BURCJ				
OG0007086		tr|B4EQN3|B4EQN3_BURCJ				
OG0007087		tr|B4EQN5|B4EQN5_BURCJ				
OG0007088		tr|B4EQN7|B4EQN7_BURCJ				
OG0007089		tr|B4EQP3|B4EQP3_BURCJ				
OG0007090		tr|B4EQP4|B4EQP4_BURCJ				
OG0007091		tr|B4EQP7|B4EQP7_BURCJ				
OG0007092		tr|B4EQP8|B4EQP8_BURCJ				
OG0007093		tr|B4EQP9|B4EQP9_BURCJ				
OG0007094		tr|B4EQQ0|B4EQQ0_BURCJ				
OG0007095		tr|B4EQQ1|B4EQQ1_BURCJ				
OG0007096		tr|B4EQQ2|B4EQQ2_BURCJ				
OG0007097			sp|A5A616|MGTS_ECOLI			
OG0007098			sp|P00363|FRDA_ECOLI			
OG0007099			sp|P00509|AAT_ECOLI			
OG0007100			sp|P00963|ASNA_ECOLI			
OG0007101			sp|P02916|MALF_ECOLI			
OG0007102			sp|P02920|LACY_ECOLI			
OG0007103			sp|P02943|LAMB_ECOLI			
OG0007104			sp|P04982|RBSD_ECOLI			
OG0007105			sp|P05050|ALKB_ECOLI			
OG0007106			sp|P06611|BTUD_ECOLI			
OG0007107			sp|P06722|MUTH_ECOLI			
OG0007108			sp|P06972|FHUB_ECOLI			
OG0007109			sp|P07013|PRIB_ECOLI			
OG0007110			sp|P07623|METAS_ECOLI			
OG0007111			sp|P08142|ILVB_ECOLI			
OG0007112			sp|P09169|OMPT_ECOLI			
OG0007113			sp|P0A703|HYBF_ECOLI			
OG0007114			sp|P0A853|TNAA_ECOLI			
OG0007115			sp|P0A8H3|ZUPT_ECOLI			
OG0007116			sp|P0A8H6|YIHI_ECOLI			
OG0007117			sp|P0A8M0|SYN_ECOLI			
OG0007118			sp|P0A8M6|TMAR_ECOLI			
OG0007119			sp|P0A8N0|MATP_ECOLI			
OG0007120			sp|P0A8Q0|FRDC_ECOLI			
OG0007121			sp|P0A8Q3|FRDD_ECOLI			
OG0007122			sp|P0A8V6|FADR_ECOLI			
OG0007123			sp|P0A903|BAMC_ECOLI			
OG0007124			sp|P0A991|ALF1_ECOLI			
OG0007125			sp|P0A9C0|GLPA_ECOLI			
OG0007126			sp|P0A9M5|XGPT_ECOLI			
OG0007127			sp|P0A9Q1|ARCA_ECOLI			
OG0007128			sp|P0A9V8|SQUU_ECOLI			
OG0007129			sp|P0AA41|TRUC_ECOLI			
OG0007130			sp|P0AAA9|ZRAP_ECOLI			
OG0007131			sp|P0AAH4|SAPD_ECOLI			
OG0007132			sp|P0AAM1|CYBH_ECOLI			
OG0007133			sp|P0AAM3|HYPC_ECOLI			
OG0007134			sp|P0AAW9|ACRZ_ECOLI			
OG0007135			sp|P0AB38|LPOB_ECOLI			
OG0007136			sp|P0ABK7|CSGB_ECOLI			
OG0007137			sp|P0ABK9|NRFA_ECOLI			
OG0007138			sp|P0ABP8|DEOD_ECOLI			
OG0007139			sp|P0ABS8|HOLE_ECOLI			
OG0007140			sp|P0ABU7|EXBB_ECOLI			
OG0007141			sp|P0AC00|FRLB_ECOLI			
OG0007142			sp|P0AC47|FRDB_ECOLI			
OG0007143			sp|P0AC98|SATP_ECOLI			
OG0007144			sp|P0ACB4|HEMG_ECOLI			
OG0007145			sp|P0ACV6|MPAA_ECOLI			
OG0007146			sp|P0ADC1|LPTE_ECOLI			
OG0007147			sp|P0ADN0|VIAA_ECOLI			
OG0007148			sp|P0ADN2|MAOP_ECOLI			
OG0007149			sp|P0ADV9|LPTC_ECOLI			
OG0007150			sp|P0AE22|APHA_ECOLI			
OG0007151			sp|P0AE70|MAZF_ECOLI			
OG0007152			sp|P0AE72|MAZE_ECOLI			
OG0007153			sp|P0AEE5|MGLB_ECOLI			
OG0007154			sp|P0AEE8|DMA_ECOLI			
OG0007155			sp|P0AES0|GSP_ECOLI			
OG0007156			sp|P0AES9|HDEA_ECOLI			
OG0007157			sp|P0AET2|HDEB_ECOLI			
OG0007158			sp|P0AEV1|RSSB_ECOLI			
OG0007159			sp|P0AEW6|INGK_ECOLI			
OG0007160			sp|P0AF36|ZAPB_ECOLI			
OG0007161			sp|P0AF61|GHOS_ECOLI			
OG0007162			sp|P0AFB1|NLPI_ECOLI			
OG0007163			sp|P0AFF2|NUPC_ECOLI			
OG0007164			sp|P0AFM6|PSPA_ECOLI			
OG0007165			sp|P0AFW0|RFAH_ECOLI			
OG0007166			sp|P0AFY8|SEQA_ECOLI			
OG0007167			sp|P0AFZ5|SULA_ECOLI			
OG0007168			sp|P0AG74|RUSA_ECOLI			
OG0007169			sp|P0AGC0|UHPT_ECOLI			
OG0007170			sp|P0C077|RELE_ECOLI			
OG0007171			sp|P0C0T5|MEPA_ECOLI			
OG0007172			sp|P0DTV7|SPEFL_ECOLI			
OG0007173			sp|P12758|UDP_ECOLI			
OG0007174			sp|P13518|CSRD_ECOLI			
OG0007175			sp|P15373|PRLF_ECOLI			
OG0007176			sp|P17411|CHBF_ECOLI			
OG0007177			sp|P19934|TOLA_ECOLI			
OG0007178			sp|P21437|GLPX2_ECOLI			
OG0007179			sp|P22523|MUKB_ECOLI			
OG0007180			sp|P22525|YCBB_ECOLI			
OG0007181			sp|P23256|MALY_ECOLI			
OG0007182			sp|P23862|PRIC_ECOLI			
OG0007183			sp|P23886|CYDC_ECOLI			
OG0007184			sp|P23890|CADC_ECOLI			
OG0007185			sp|P24205|LPXM_ECOLI			
OG0007186			sp|P25718|AMY1_ECOLI			
OG0007187			sp|P27125|RHAT_ECOLI			
OG0007188			sp|P27243|WAAL_ECOLI			
OG0007189			sp|P27278|NADR_ECOLI			
OG0007190			sp|P28632|HOLD_ECOLI			
OG0007191			sp|P29745|PEPT_ECOLI			
OG0007192			sp|P30140|THIH_ECOLI			
OG0007193			sp|P31119|AAS_ECOLI			
OG0007194			sp|P31572|CAIB_ECOLI			
OG0007195			sp|P32099|LPLA_ECOLI			
OG0007196			sp|P32169|RHAD_ECOLI			
OG0007197			sp|P32170|RHAA_ECOLI			
OG0007198			sp|P32719|ALSE_ECOLI			
OG0007199			sp|P33015|TSUA_ECOLI			
OG0007200			sp|P33025|PSUG_ECOLI			
OG0007201			sp|P33219|YEBF_ECOLI			
OG0007202			sp|P33226|TORC_ECOLI			
OG0007203			sp|P33647|CHPB_ECOLI			
OG0007204			sp|P36937|KDPF_ECOLI			
OG0007205			sp|P37001|PAGP_ECOLI			
OG0007206			sp|P37095|PEPB_ECOLI			
OG0007207			sp|P37349|DHAM_ECOLI			
OG0007208			sp|P37597|PUNC_ECOLI			
OG0007209			sp|P37672|DLGD_ECOLI			
OG0007210			sp|P37677|LYXK_ECOLI			
OG0007211			sp|P38036|CAS3_ECOLI			
OG0007212			sp|P38506|XNI_ECOLI			
OG0007213			sp|P39180|AG43_ECOLI			
OG0007214			sp|P39301|ULAA_ECOLI			
OG0007215			sp|P39371|NANM_ECOLI			
OG0007216			sp|P39394|SYME_ECOLI			
OG0007217			sp|P39411|NCPP_ECOLI			
OG0007218			sp|P39838|RCSD_ECOLI			
OG0007219			sp|P40191|PDXK_ECOLI			
OG0007220			sp|P45541|FRLC_ECOLI			
OG0007221			sp|P45577|PROQ_ECOLI			
OG0007222			sp|P45956|CAS2_ECOLI			
OG0007223			sp|P46133|ABGT_ECOLI			
OG0007224			sp|P52101|GLRK_ECOLI			
OG0007225			sp|P52106|CSGD_ECOLI			
OG0007226			sp|P52126|ABPB_ECOLI			
OG0007227			sp|P52129|RNLA_ECOLI			
OG0007228			sp|P54745|MNGA_ECOLI			
OG0007229			sp|P55734|YGAP_ECOLI			
OG0007230			sp|P56580|PTHB_ECOLI			
OG0007231			sp|P56976|BLR_ECOLI			
OG0007232			sp|P60560|GUAC_ECOLI			
OG0007233			sp|P61320|LOLB_ECOLI			
OG0007234			sp|P61889|MDH_ECOLI			
OG0007235			sp|P64512|MGRB_ECOLI			
OG0007236			sp|P64534|RCNB_ECOLI			
OG0007237			sp|P64594|YHAV_ECOLI			
OG0007238			sp|P64602|MLAB_ECOLI			
OG0007239			sp|P67444|XANQ_ECOLI			
OG0007240			sp|P67603|AC4CH_ECOLI			
OG0007241			sp|P68739|NFI_ECOLI			
OG0007242			sp|P69346|YEFM_ECOLI			
OG0007243			sp|P69348|YOEB_ECOLI			
OG0007244			sp|P69411|RCSF_ECOLI			
OG0007245			sp|P69791|PTQA_ECOLI			
OG0007246			sp|P69795|PTQB_ECOLI			
OG0007247			sp|P69828|PTKA_ECOLI			
OG0007248			sp|P69856|NANC_ECOLI			
OG0007249			sp|P69922|FUCI_ECOLI			
OG0007250			sp|P75825|HCP_ECOLI			
OG0007251			sp|P75862|ZAPC_ECOLI			
OG0007252			sp|P75914|YCDX_ECOLI			
OG0007253			sp|P76045|OMPG_ECOLI			
OG0007254			sp|P76334|DRPB_ECOLI			
OG0007255			sp|P76344|ZINT_ECOLI			
OG0007256			sp|P76491|5DNU_ECOLI			
OG0007257			sp|P76541|EUTL_ECOLI			
OG0007258			sp|P76562|TMCA_ECOLI			
OG0007259			sp|P76621|GLAH_ECOLI			
OG0007260			sp|P76632|CSE2_ECOLI			
OG0007261			sp|P77335|HLYE_ECOLI			
OG0007262			sp|P77667|SUFA_ECOLI			
OG0007263			sp|Q46810|MOCA_ECOLI			
OG0007264			sp|Q46822|IDI_ECOLI			
OG0007265			sp|Q46856|YQHD_ECOLI			
OG0007266			sp|Q46864|MQSA_ECOLI			
OG0007267			sp|Q46865|MQSR_ECOLI			
OG0007268			sp|Q46897|CAS6_ECOLI			
OG0007269			sp|Q46898|CAS5_ECOLI			
OG0007270			sp|Q46899|CASC_ECOLI			
OG0007271			sp|Q46901|CSE1_ECOLI			
OG0007272			sp|Q47149|YAFQ_ECOLI			
OG0007273			sp|Q47150|DINJ_ECOLI			
OG0007274			sp|A5A627|TISB_ECOLI			
OG0007275			sp|P03817|MIOC_ECOLI			
OG0007276			sp|P04335|FRSA_ECOLI			
OG0007277			sp|P05706|PTHA_ECOLI			
OG0007278			sp|P05847|TTDA_ECOLI			
OG0007279			sp|P08365|CHPS_ECOLI			
OG0007280			sp|P09053|AVTA_ECOLI			
OG0007281			sp|P09836|UHPC_ECOLI			
OG0007282			sp|P0A761|NANE_ECOLI			
OG0007283			sp|P0A7F3|PYRI_ECOLI			
OG0007284			sp|P0A881|TRPR_ECOLI			
OG0007285			sp|P0A8F4|URK_ECOLI			
OG0007286			sp|P0A8U6|METJ_ECOLI			
OG0007287			sp|P0A9W0|ULAR_ECOLI			
OG0007288			sp|P0AAA7|WZXE_ECOLI			
OG0007289			sp|P0AAD4|TYRP_ECOLI			
OG0007290			sp|P0AAN9|IRAP_ECOLI			
OG0007291			sp|P0AB06|MEPK_ECOLI			
OG0007292			sp|P0ABL1|NRFB_ECOLI			
OG0007293			sp|P0ABM9|CCMH_ECOLI			
OG0007294			sp|P0ACV4|LAPA_ECOLI			
OG0007295			sp|P0ACZ4|EVGA_ECOLI			
OG0007296			sp|P0AD03|LETA_ECOLI			
OG0007297			sp|P0AD42|PGPC_ECOLI			
OG0007298			sp|P0AD89|LPTN_ECOLI			
OG0007299			sp|P0ADC3|LOLC_ECOLI			
OG0007300			sp|P0ADD2|YJJB_ECOLI			
OG0007301			sp|P0ADD5|YJJP_ECOLI			
OG0007302			sp|P0ADF8|ILVN_ECOLI			
OG0007303			sp|P0ADG1|ILVM_ECOLI			
OG0007304			sp|P0ADN6|LPTM_ECOLI			
OG0007305			sp|P0ADP7|UBIJ_ECOLI			
OG0007306			sp|P0ADW3|ZAPG_ECOLI			
OG0007307			sp|P0AEA2|CSGG_ECOLI			
OG0007308			sp|P0AEE1|DCRB_ECOLI			
OG0007309			sp|P0AEF4|DPIA_ECOLI			
OG0007310			sp|P0AEJ8|EUTN_ECOLI			
OG0007311			sp|P0AFN2|PSPC_ECOLI			
OG0007312			sp|P0DMC9|RCSA_ECOLI			
OG0007313			sp|P0DW56|SPFP_ECOLI			
OG0007314			sp|P11553|FUCK_ECOLI			
OG0007315			sp|P13033|GLPB_ECOLI			
OG0007316			sp|P17334|PTQC_ECOLI			
OG0007317			sp|P19642|PTOCB_ECOLI			
OG0007318			sp|P21517|MALZ_ECOLI			
OG0007319			sp|P22524|MUKE_ECOLI			
OG0007320			sp|P23200|MGLC_ECOLI			
OG0007321			sp|P23331|KITH_ECOLI			
OG0007322			sp|P24251|CRL_ECOLI			
OG0007323			sp|P25396|TEHA_ECOLI			
OG0007324			sp|P26218|BGLH_ECOLI			
OG0007325			sp|P27241|WAAZ_ECOLI			
OG0007326			sp|P27242|WAAU_ECOLI			
OG0007327			sp|P28307|CSGA_ECOLI			
OG0007328			sp|P30843|BASR_ECOLI			
OG0007329			sp|P31058|YADC_ECOLI			
OG0007330			sp|P31441|ADEC_ECOLI			
OG0007331			sp|P32053|INTA_ECOLI			
OG0007332			sp|P32125|MOBB_ECOLI			
OG0007333			sp|P32141|SQUT_ECOLI			
OG0007334			sp|P32144|CSQR_ECOLI			
OG0007335			sp|P33229|RALR_ECOLI			
OG0007336			sp|P36560|ASR_ECOLI			
OG0007337			sp|P36662|TORD_ECOLI			
OG0007338			sp|P36673|TRER_ECOLI			
OG0007339			sp|P37661|EPTB_ECOLI			
OG0007340			sp|P37669|WECH_ECOLI			
OG0007341			sp|P38684|TORR_ECOLI			
OG0007342			sp|P39300|ULAG_ECOLI			
OG0007343			sp|P39310|YTFB_ECOLI			
OG0007344			sp|P39370|NANS_ECOLI			
OG0007345			sp|P39375|IRAD_ECOLI			
OG0007346			sp|P39404|BGLJ_ECOLI			
OG0007347			sp|P42592|YGJK_ECOLI			
OG0007348			sp|P42604|UXAA_ECOLI			
OG0007349			sp|P42615|MZRA_ECOLI			
OG0007350			sp|P45523|FKBA_ECOLI			
OG0007351			sp|P45578|LUXS_ECOLI			
OG0007352			sp|P46130|YBHC_ECOLI			
OG0007353			sp|P52005|TORY_ECOLI			
OG0007354			sp|P52130|RNLB_ECOLI			
OG0007355			sp|P52645|YDBH_ECOLI			
OG0007356			sp|P58034|YMGF_ECOLI			
OG0007357			sp|P60293|MUKF_ECOLI			
OG0007358			sp|P62395|SECM_ECOLI			
OG0007359			sp|P63746|EUTS_ECOLI			
OG0007360			sp|P64550|ALAE_ECOLI			
OG0007361			sp|P64578|HIGB_ECOLI			
OG0007362			sp|P65643|EUTT_ECOLI			
OG0007363			sp|P67697|HICB_ECOLI			
OG0007364			sp|P68191|SRA_ECOLI			
OG0007365			sp|P69330|CITD_ECOLI			
OG0007366			sp|P69506|YTFE_ECOLI			
OG0007367			sp|P75726|CILA_ECOLI			
OG0007368			sp|P75869|SXY_ECOLI			
OG0007369			sp|P75987|IRAM_ECOLI			
OG0007370			sp|P75993|ARIR_ECOLI			
OG0007371			sp|P76041|GGAP_ECOLI			
OG0007372			sp|P76044|YCJR_ECOLI			
OG0007373			sp|P76106|HICA_ECOLI			
OG0007374			sp|P76136|SAFA_ECOLI			
OG0007375			sp|P76143|LSRF_ECOLI			
OG0007376			sp|P76395|PRP3_ECOLI			
OG0007377			sp|P76425|RCNA_ECOLI			
OG0007378			sp|P76578|A2MG_ECOLI			
OG0007379			sp|P76773|OMPL_ECOLI			
OG0007380			sp|P77257|LSRA_ECOLI			
OG0007381			sp|P77279|FETA_ECOLI			
OG0007382			sp|Q2EES9|TORI_ECOLI			
OG0007383			sp|Q47157|YAFO_ECOLI			
OG0007384			sp|A5A618|YNHF_ECOLI			
OG0007385			sp|C1P607|IBSA_ECOLI			
OG0007386			sp|C1P615|IBSC_ECOLI			
OG0007387			sp|C1P616|IBSD_ECOLI			
OG0007388			sp|C1P617|IBSE_ECOLI			
OG0007389			sp|P03825|GSPB_ECOLI			
OG0007390			sp|P06282|CDH_ECOLI			
OG0007391			sp|P06966|DICA_ECOLI			
OG0007392			sp|P0A6G5|CITX_ECOLI			
OG0007393			sp|P0A6L7|UXAB_ECOLI			
OG0007394			sp|P0A7C6|PEPE_ECOLI			
OG0007395			sp|P0A8G3|UXAC_ECOLI			
OG0007396			sp|P0A8S5|USPB_ECOLI			
OG0007397			sp|P0A8U0|SYDP_ECOLI			
OG0007398			sp|P0A9E9|YEIL_ECOLI			
OG0007399			sp|P0AA73|YHBE_ECOLI			
OG0007400			sp|P0AAR0|TOMB_ECOLI			
OG0007401			sp|P0AAY6|YBJN_ECOLI			
OG0007402			sp|P0AB20|HSPQ_ECOLI			
OG0007403			sp|P0AB33|BSSS_ECOLI			
OG0007404			sp|P0ABC0|ATPZ_ECOLI			
OG0007405			sp|P0ABM5|CCMD_ECOLI			
OG0007406			sp|P0AC35|TTDB_ECOLI			
OG0007407			sp|P0AC59|GLRX2_ECOLI			
OG0007408			sp|P0ACK8|FUCR_ECOLI			
OG0007409			sp|P0ACQ7|TDCA_ECOLI			
OG0007410			sp|P0ACX3|YDHR_ECOLI			
OG0007411			sp|P0ACX5|FUMD_ECOLI			
OG0007412			sp|P0ADQ2|FABY_ECOLI			
OG0007413			sp|P0ADQ7|YGAM_ECOLI			
OG0007414			sp|P0ADW6|YHCC_ECOLI			
OG0007415			sp|P0AE60|CEDA_ECOLI			
OG0007416			sp|P0AE95|CSGE_ECOLI			
OG0007417			sp|P0AE98|CSGF_ECOLI			
OG0007418			sp|P0AEW1|HYFE_ECOLI			
OG0007419			sp|P0AF40|YIJD_ECOLI			
OG0007420			sp|P0AFA5|NFRB_ECOLI			
OG0007421			sp|P0AFM9|PSPB_ECOLI			
OG0007422			sp|P0AFS1|LSRD_ECOLI			
OG0007423			sp|P0AFV8|PSPD_ECOLI			
OG0007424			sp|P0CK95|ACFD_ECOLI			
OG0007425			sp|P0DKB3|MNTS_ECOLI			
OG0007426			sp|P11072|LIT_ECOLI			
OG0007427			sp|P11989|BGLG_ECOLI			
OG0007428			sp|P15006|MCRC_ECOLI			
OG0007429			sp|P16525|TUS_ECOLI			
OG0007430			sp|P17410|CHBR_ECOLI			
OG0007431			sp|P21515|ACPH_ECOLI			
OG0007432			sp|P23910|ARAJ_ECOLI			
OG0007433			sp|P24202|MRR_ECOLI			
OG0007434			sp|P24244|APPX_ECOLI			
OG0007435			sp|P25772|LIGB_ECOLI			
OG0007436			sp|P25960|LEP4_ECOLI			
OG0007437			sp|P26612|AMY2_ECOLI			
OG0007438			sp|P26649|GLGS_ECOLI			
OG0007439			sp|P27126|WAAS_ECOLI			
OG0007440			sp|P27240|WAAY_ECOLI			
OG0007441			sp|P27832|WECD_ECOLI			
OG0007442			sp|P27835|WZYE_ECOLI			
OG0007443			sp|P27836|WECG_ECOLI			
OG0007444			sp|P31060|MODF_ECOLI			
OG0007445			sp|P31442|EMRD_ECOLI			
OG0007446			sp|P31452|PTXC_ECOLI			
OG0007447			sp|P31462|MDTL_ECOLI			
OG0007448			sp|P31549|THIP_ECOLI			
OG0007449			sp|P31825|TRMN6_ECOLI			
OG0007450			sp|P32154|PTFLB_ECOLI			
OG0007451			sp|P32155|PTFLA_ECOLI			
OG0007452			sp|P32696|PSPG_ECOLI			
OG0007453			sp|P33014|TSUB_ECOLI			
OG0007454			sp|P33228|RECT_ECOLI			
OG0007455			sp|P33230|RCBA_ECOLI			
OG0007456			sp|P33340|YEHA_ECOLI			
OG0007457			sp|P33343|YEHD_ECOLI			
OG0007458			sp|P36678|GSPM_ECOLI			
OG0007459			sp|P37016|YADK_ECOLI			
OG0007460			sp|P37017|YADL_ECOLI			
OG0007461			sp|P37018|YADM_ECOLI			
OG0007462			sp|P37050|YADN_ECOLI			
OG0007463			sp|P37180|HYBB_ECOLI			
OG0007464			sp|P37590|PMRD_ECOLI			
OG0007465			sp|P37664|YIAC_ECOLI			
OG0007466			sp|P37749|WBBI_ECOLI			
OG0007467			sp|P38393|KILR_ECOLI			
OG0007468			sp|P38683|TORT_ECOLI			
OG0007469			sp|P39297|BSMA_ECOLI			
OG0007470			sp|P39334|BDCR_ECOLI			
OG0007471			sp|P39362|SGCE_ECOLI			
OG0007472			sp|P39399|LGOR_ECOLI			
OG0007473			sp|P39410|YJJJ_ECOLI			
OG0007474			sp|P40876|YCBF_ECOLI			
OG0007475			sp|P42624|YHAK_ECOLI			
OG0007476			sp|P42626|YHAM_ECOLI			
OG0007477			sp|P42912|AGAI_ECOLI			
OG0007478			sp|P45530|TUSB_ECOLI			
OG0007479			sp|P45565|AIS_ECOLI			
OG0007480			sp|P45750|HOFP_ECOLI			
OG0007481			sp|P45751|HOFO_ECOLI			
OG0007482			sp|P45753|HOFM_ECOLI			
OG0007483			sp|P45756|GSPA_ECOLI			
OG0007484			sp|P45763|GSPL_ECOLI			
OG0007485			sp|P45767|YHDX_ECOLI			
OG0007486			sp|P45768|YHDY_ECOLI			
OG0007487			sp|P45800|IGAA_ECOLI			
OG0007488			sp|P46068|DSDC_ECOLI			
OG0007489			sp|P52127|ABPA_ECOLI			
OG0007490			sp|P52627|FLIZ_ECOLI			
OG0007491			sp|P52647|NIFJ_ECOLI			
OG0007492			sp|P56258|WECF_ECOLI			
OG0007493			sp|P56579|PTHC_ECOLI			
OG0007494			sp|P64426|DIGH_ECOLI			
OG0007495			sp|P64634|HOFN_ECOLI			
OG0007496			sp|P75687|RCLB_ECOLI			
OG0007497			sp|P75920|OPGC_ECOLI			
OG0007498			sp|P75948|THIK_ECOLI			
OG0007499			sp|P75969|INTE_ECOLI			
OG0007500			sp|P76043|YCJQ_ECOLI			
OG0007501			sp|P76046|YCJX_ECOLI			
OG0007502			sp|P76062|RACR_ECOLI			
OG0007503			sp|P76102|INSQ_ECOLI			
OG0007504			sp|P76142|LSRB_ECOLI			
OG0007505			sp|P76187|YDHF_ECOLI			
OG0007506			sp|P76192|YDHV_ECOLI			
OG0007507			sp|P76224|YNJC_ECOLI			
OG0007508			sp|P76273|RSMF_ECOLI			
OG0007509			sp|P76329|MPGP_ECOLI			
OG0007510			sp|P76393|YEGI_ECOLI			
OG0007511			sp|P76498|YFCO_ECOLI			
OG0007512			sp|P76499|YFCP_ECOLI			
OG0007513			sp|P76540|EUTK_ECOLI			
OG0007514			sp|P76551|EUTA_ECOLI			
OG0007515			sp|P76556|EUTP_ECOLI			
OG0007516			sp|P76909|YNJD_ECOLI			
OG0007517			sp|P77265|MDLA_ECOLI			
OG0007518			sp|P77390|CITC_ECOLI			
OG0007519			sp|P77409|YDHU_ECOLI			
OG0007520			sp|P77416|HYFD_ECOLI			
OG0007521			sp|P77432|LSRK_ECOLI			
OG0007522			sp|P77437|HYFF_ECOLI			
OG0007523			sp|P77445|EUTE_ECOLI			
OG0007524			sp|P77494|HOKB_ECOLI			
OG0007525			sp|P77549|YFCJ_ECOLI			
OG0007526			sp|P77672|LSRC_ECOLI			
OG0007527			sp|P77682|GTRA_ECOLI			
OG0007528			sp|P78067|YNJE_ECOLI			
OG0007529			sp|Q46803|YGEW_ECOLI			
OG0007530			sp|Q46811|YGFK_ECOLI			
OG0007531			sp|Q46824|YGFX_ECOLI			
OG0007532			sp|Q46915|GUDX_ECOLI			
OG0007533			sp|Q47013|ELAD_ECOLI			
OG0007534			sp|Q47156|YAFN_ECOLI			
OG0007535			sp|Q47706|UIDC_ECOLI			
OG0007536			sp|A5A605|YKFM_ECOLI			
OG0007537			sp|A5A615|YNCL_ECOLI			
OG0007538			sp|A5A624|DINQ_ECOLI			
OG0007539			sp|A5A628|YJBT_ECOLI			
OG0007540			sp|A5A630|YTCA_ECOLI			
OG0007541			sp|A8DYP9|LPFUR_ECOLI			
OG0007542			sp|C1P5Z7|SGRT_ECOLI			
OG0007543			sp|C1P5Z8|YKGR_ECOLI			
OG0007544			sp|C1P601|RZOQ_ECOLI			
OG0007545			sp|C1P602|YOAK_ECOLI			
OG0007546			sp|C1P603|YOAJ_ECOLI			
OG0007547			sp|C1P605|AZUC_ECOLI			
OG0007548			sp|C1P608|IBSB_ECOLI			
OG0007549			sp|C1P609|YOHP_ECOLI			
OG0007550			sp|C1P610|YPDK_ECOLI			
OG0007551			sp|C1P611|SHOB_ECOLI			
OG0007552			sp|E2JKY7|LPMG_ECOLI			
OG0007553			sp|G3MTW7|PMRR_ECOLI			
OG0007554			sp|O32528|YPDI_ECOLI			
OG0007555			sp|P03061|LPIV_ECOLI			
OG0007556			sp|P03841|MALM_ECOLI			
OG0007557			sp|P06965|DICC_ECOLI			
OG0007558			sp|P08371|PPDB_ECOLI			
OG0007559			sp|P08372|PPDC_ECOLI			
OG0007560			sp|P09557|DICB_ECOLI			
OG0007561			sp|P0A6N8|EFPL_ECOLI			
OG0007562			sp|P0A8A2|YEEN_ECOLI			
OG0007563			sp|P0A8D9|YFBV_ECOLI			
OG0007564			sp|P0A8E1|YCFP_ECOLI			
OG0007565			sp|P0A8L7|YCIU_ECOLI			
OG0007566			sp|P0A8R7|YCJF_ECOLI			
OG0007567			sp|P0A8U2|YAFD_ECOLI			
OG0007568			sp|P0A8W8|YFBU_ECOLI			
OG0007569			sp|P0A8X4|YCCT_ECOLI			
OG0007570			sp|P0A9K1|PHOH_ECOLI			
OG0007571			sp|P0A9V5|YIAG_ECOLI			
OG0007572			sp|P0AA49|YFDV_ECOLI			
OG0007573			sp|P0AAA1|YAGU_ECOLI			
OG0007574			sp|P0AAA3|ECPA_ECOLI			
OG0007575			sp|P0AAA5|YMCE_ECOLI			
OG0007576			sp|P0AAN1|HYBE_ECOLI			
OG0007577			sp|P0AAP5|IPRA_ECOLI			
OG0007578			sp|P0AAP7|YAIY_ECOLI			
OG0007579			sp|P0AAQ0|YAIZ_ECOLI			
OG0007580			sp|P0AAQ2|YAJD_ECOLI			
OG0007581			sp|P0AAS0|YLAC_ECOLI			
OG0007582			sp|P0AAU7|YBFE_ECOLI			
OG0007583			sp|P0AAV0|YBGE_ECOLI			
OG0007584			sp|P0AAW5|YBHQ_ECOLI			
OG0007585			sp|P0AAY1|BSSR_ECOLI			
OG0007586			sp|P0AAZ0|YBJO_ECOLI			
OG0007587			sp|P0AB14|YCCJ_ECOLI			
OG0007588			sp|P0AB26|YCEB_ECOLI			
OG0007589			sp|P0AB49|YCHH_ECOLI			
OG0007590			sp|P0AB52|YCHN_ECOLI			
OG0007591			sp|P0ABR1|DINI_ECOLI			
OG0007592			sp|P0ABY2|FLIT_ECOLI			
OG0007593			sp|P0AC73|EBGC_ECOLI			
OG0007594			sp|P0ACH1|SFSB_ECOLI			
OG0007595			sp|P0AD24|YEJL_ECOLI			
OG0007596			sp|P0AD35|YFDO_ECOLI			
OG0007597			sp|P0AD44|YFHG_ECOLI			
OG0007598			sp|P0AD72|LPF_ECOLI			
OG0007599			sp|P0AD79|LPL_ECOLI			
OG0007600			sp|P0AD83|LPPY_ECOLI			
OG0007601			sp|P0AD86|LPT_ECOLI			
OG0007602			sp|P0AD92|LPW_ECOLI			
OG0007603			sp|P0ADA5|YAJG_ECOLI			
OG0007604			sp|P0ADD7|YJJQ_ECOLI			
OG0007605			sp|P0ADE2|YTFK_ECOLI			
OG0007606			sp|P0ADF3|LPRH_ECOLI			
OG0007607			sp|P0ADI9|YHHN_ECOLI			
OG0007608			sp|P0ADJ3|YHJR_ECOLI			
OG0007609			sp|P0ADJ5|BCSF_ECOLI			
OG0007610			sp|P0ADK6|YIBA_ECOLI			
OG0007611			sp|P0ADK8|YIBL_ECOLI			
OG0007612			sp|P0ADL6|YIDG_ECOLI			
OG0007613			sp|P0ADT2|YGIB_ECOLI			
OG0007614			sp|P0ADX7|YHHA_ECOLI			
OG0007615			sp|P0AE28|AROM_ECOLI			
OG0007616			sp|P0AE48|YTFP_ECOLI			
OG0007617			sp|P0AE58|CAIF_ECOLI			
OG0007618			sp|P0AE63|CHAB_ECOLI			
OG0007619			sp|P0AEH8|YJIG_ECOLI			
OG0007620			sp|P0AET5|HDED_ECOLI			
OG0007621			sp|P0AEV4|HYCA_ECOLI			
OG0007622			sp|P0AEX5|KPPR_ECOLI			
OG0007623			sp|P0AF45|YJBE_ECOLI			
OG0007624			sp|P0AF86|YJFY_ECOLI			
OG0007625			sp|P0AFZ1|SSEB_ECOLI			
OG0007626			sp|P0AGC7|SMP_ECOLI			
OG0007627			sp|P0AGJ5|YFIF_ECOLI			
OG0007628			sp|P0CB62|YMIA_ECOLI			
OG0007629			sp|P0DP63|YBEH_ECOLI			
OG0007630			sp|P0DPC4|YTIC_ECOLI			
OG0007631			sp|P0DPC5|YTID_ECOLI			
OG0007632			sp|P0DPC6|IDLP_ECOLI			
OG0007633			sp|P0DPC7|RSED_ECOLI			
OG0007634			sp|P0DPP2|YOAL_ECOLI			
OG0007635			sp|P0DQD7|GNDA_ECOLI			
OG0007636			sp|P0DSE4|ARGL_ECOLI			
OG0007637			sp|P0DSG0|PSSL_ECOLI			
OG0007638			sp|P0DSH2|BAXL_ECOLI			
OG0007639			sp|P0DSH3|YIBX_ECOLI			
OG0007640			sp|P0DUM3|TIMP_ECOLI			
OG0007641			sp|P0DXX6|XTPA_ECOLI			
OG0007642			sp|P11286|YIAB_ECOLI			
OG0007643			sp|P11291|YZCX_ECOLI			
OG0007644			sp|P11866|TDCR_ECOLI			
OG0007645			sp|P15081|GUTM_ECOLI			
OG0007646			sp|P15286|FLK_ECOLI			
OG0007647			sp|P18390|YJJA_ECOLI			
OG0007648			sp|P19931|HYAE_ECOLI			
OG0007649			sp|P19932|HYAF_ECOLI			
OG0007650			sp|P21361|YCIG_ECOLI			
OG0007651			sp|P21362|YCIF_ECOLI			
OG0007652			sp|P21365|YCIC_ECOLI			
OG0007653			sp|P23325|ARPA_ECOLI			
OG0007654			sp|P23840|DIND_ECOLI			
OG0007655			sp|P25738|MSYB_ECOLI			
OG0007656			sp|P27375|YJAZ_ECOLI			
OG0007657			sp|P27843|YIGG_ECOLI			
OG0007658			sp|P28697|MBIA_ECOLI			
OG0007659			sp|P28721|GLTF_ECOLI			
OG0007660			sp|P31063|YEDD_ECOLI			
OG0007661			sp|P31130|YDEI_ECOLI			
OG0007662			sp|P31433|YICH_ECOLI			
OG0007663			sp|P31437|YICL_ECOLI			
OG0007664			sp|P31446|YIDI_ECOLI			
OG0007665			sp|P31456|CBRA_ECOLI			
OG0007666			sp|P31468|CBRB_ECOLI			
OG0007667			sp|P31470|YIEK_ECOLI			
OG0007668			sp|P31827|YDDB_ECOLI			
OG0007669			sp|P32051|YDEK_ECOLI			
OG0007670			sp|P32139|YIHR_ECOLI			
OG0007671			sp|P32152|FRVR_ECOLI			
OG0007672			sp|P32709|NRFD_ECOLI			
OG0007673			sp|P33349|YEHM_ECOLI			
OG0007674			sp|P33353|YEHQ_ECOLI			
OG0007675			sp|P33354|YEHR_ECOLI			
OG0007676			sp|P33554|PPDA_ECOLI			
OG0007677			sp|P33634|YFIE_ECOLI			
OG0007678			sp|P33666|YDBA_ECOLI			
OG0007679			sp|P33997|ALPA_ECOLI			
OG0007680			sp|P34209|YDCF_ECOLI			
OG0007681			sp|P36646|HOFC_ECOLI			
OG0007682			sp|P36881|YADI_ECOLI			
OG0007683			sp|P36930|GATR_ECOLI			
OG0007684			sp|P37005|LAST_ECOLI			
OG0007685			sp|P37056|YAEF_ECOLI			
OG0007686			sp|P37057|OGRK_ECOLI			
OG0007687			sp|P37325|YBCH_ECOLI			
OG0007688			sp|P37342|YJJI_ECOLI			
OG0007689			sp|P37630|YHIM_ECOLI			
OG0007690			sp|P37655|BCSQP_ECOLI			
OG0007691			sp|P37663|YHJY_ECOLI			
OG0007692			sp|P37682|YIAU_ECOLI			
OG0007693			sp|P37748|WZY_ECOLI			
OG0007694			sp|P38392|SIEB_ECOLI			
OG0007695			sp|P39187|YTFJ_ECOLI			
OG0007696			sp|P39263|YFCC_ECOLI			
OG0007697			sp|P39284|YJEO_ECOLI			
OG0007698			sp|P39336|YJGL_ECOLI			
OG0007699			sp|P39349|YJGX_ECOLI			
OG0007700			sp|P39361|SGCR_ECOLI			
OG0007701			sp|P39367|YJHP_ECOLI			
OG0007702			sp|P39368|YJHQ_ECOLI			
OG0007703			sp|P39369|YJHR_ECOLI			
OG0007704			sp|P39379|YJIH_ECOLI			
OG0007705			sp|P39383|YJIL_ECOLI			
OG0007706			sp|P39384|YJIM_ECOLI			
OG0007707			sp|P39393|YJIV_ECOLI			
OG0007708			sp|P39901|YBFI_ECOLI			
OG0007709			sp|P42603|YGJV_ECOLI			
OG0007710			sp|P45546|YHFT_ECOLI			
OG0007711			sp|P45566|YHDT_ECOLI			
OG0007712			sp|P45757|GSPC_ECOLI			
OG0007713			sp|P45771|YRDD_ECOLI			
OG0007714			sp|P45848|YCIQ_ECOLI			
OG0007715			sp|P46119|YBJC_ECOLI			
OG0007716			sp|P46122|YAJI_ECOLI			
OG0007717			sp|P46141|YGBE_ECOLI			
OG0007718			sp|P52007|YECM_ECOLI			
OG0007719			sp|P52044|YGFI_ECOLI			
OG0007720			sp|P52107|CSGC_ECOLI			
OG0007721			sp|P52133|YFJR_ECOLI			
OG0007722			sp|P60995|LPHI_ECOLI			
OG0007723			sp|P62522|LPID_ECOLI			
OG0007724			sp|P63264|CBPM_ECOLI			
OG0007725			sp|P64439|YBJM_ECOLI			
OG0007726			sp|P64442|YCEO_ECOLI			
OG0007727			sp|P64455|YDCY_ECOLI			
OG0007728			sp|P64481|YDJM_ECOLI			
OG0007729			sp|P64496|YOAG_ECOLI			
OG0007730			sp|P64503|YEBV_ECOLI			
OG0007731			sp|P64506|YEBY_ECOLI			
OG0007732			sp|P64508|YOBF_ECOLI			
OG0007733			sp|P64515|YECN_ECOLI			
OG0007734			sp|P64519|YODD_ECOLI			
OG0007735			sp|P64545|YFGG_ECOLI			
OG0007736			sp|P64567|YQGB_ECOLI			
OG0007737			sp|P65290|YFGH_ECOLI			
OG0007738			sp|P65807|YGEY_ECOLI			
OG0007739			sp|P67553|YNFC_ECOLI			
OG0007740			sp|P67601|YOBD_ECOLI			
OG0007741			sp|P68661|YBCO_ECOLI			
OG0007742			sp|P71237|WCAC_ECOLI			
OG0007743			sp|P71238|WCAD_ECOLI			
OG0007744			sp|P71239|WCAE_ECOLI			
OG0007745			sp|P71242|WCAK_ECOLI			
OG0007746			sp|P71244|WCAM_ECOLI			
OG0007747			sp|P75697|YAIX_ECOLI			
OG0007748			sp|P75734|CHIQ_ECOLI			
OG0007749			sp|P75828|YBJD_ECOLI			
OG0007750			sp|P75885|GFCA_ECOLI			
OG0007751			sp|P75955|YCFT_ECOLI			
OG0007752			sp|P75961|YCFZ_ECOLI			
OG0007753			sp|P75970|VXIS_ECOLI			
OG0007754			sp|P75971|YMFH_ECOLI			
OG0007755			sp|P75991|YCGZ_ECOLI			
OG0007756			sp|P75992|YMGA_ECOLI			
OG0007757			sp|P76034|YCIT_ECOLI			
OG0007758			sp|P76057|YDAQ_ECOLI			
OG0007759			sp|P76064|YDAT_ECOLI			
OG0007760			sp|P76100|YDCK_ECOLI			
OG0007761			sp|P76116|YNCE_ECOLI			
OG0007762			sp|P76117|YNCG_ECOLI			
OG0007763			sp|P76127|BDM_ECOLI			
OG0007764			sp|P76138|YNEL_ECOLI			
OG0007765			sp|P76161|REQ2_ECOLI			
OG0007766			sp|P76164|YDFW_ECOLI			
OG0007767			sp|P76170|YNFB_ECOLI			
OG0007768			sp|P76176|YDGD_ECOLI			
OG0007769			sp|P76180|YDGK_ECOLI			
OG0007770			sp|P76220|YDJY_ECOLI			
OG0007771			sp|P76221|YDJZ_ECOLI			
OG0007772			sp|P76223|YNJB_ECOLI			
OG0007773			sp|P76228|YNJI_ECOLI			
OG0007774			sp|P76297|FLHE_ECOLI			
OG0007775			sp|P76361|YEER_ECOLI			
OG0007776			sp|P76419|YEGV_ECOLI			
OG0007777			sp|P76471|YFAZ_ECOLI			
OG0007778			sp|P76483|YFBM_ECOLI			
OG0007779			sp|P76509|YFDM_ECOLI			
OG0007780			sp|P76514|YFDR_ECOLI			
OG0007781			sp|P76520|YFDX_ECOLI			
OG0007782			sp|P76538|YFEZ_ECOLI			
OG0007783			sp|P76573|YFGI_ECOLI			
OG0007784			sp|P76616|YGAQ_ECOLI			
OG0007785			sp|P76639|YGEH_ECOLI			
OG0007786			sp|P77169|YAGJ_ECOLI			
OG0007787			sp|P77199|YAIT_ECOLI			
OG0007788			sp|P77234|YBEQ_ECOLI			
OG0007789			sp|P77330|BORD_ECOLI			
OG0007790			sp|P77354|YAFU_ECOLI			
OG0007791			sp|P77402|YDIP_ECOLI			
OG0007792			sp|P77528|PEAD_ECOLI			
OG0007793			sp|P77539|YDJL_ECOLI			
OG0007794			sp|P77609|FLXA_ECOLI			
OG0007795			sp|P77694|ECPD_ECOLI			
OG0007796			sp|P77698|YBCK_ECOLI			
OG0007797			sp|P77713|YAGH_ECOLI			
OG0007798			sp|P77739|KT3K_ECOLI			
OG0007799			sp|P77802|ECPC_ECOLI			
OG0007800			sp|P77808|CINAL_ECOLI			
OG0007801			sp|Q2EES1|YNID_ECOLI			
OG0007802			sp|Q2EES6|YOHO_ECOLI			
OG0007803			sp|Q2EET0|YPDJ_ECOLI			
OG0007804			sp|Q2EET2|YPFN_ECOLI			
OG0007805			sp|Q46755|SIRB2_ECOLI			
OG0007806			sp|Q46791|YGEK_ECOLI			
OG0007807			sp|Q46795|YGEO_ECOLI			
OG0007808			sp|Q46797|YGEQ_ECOLI			
OG0007809			sp|Q46812|SSNA_ECOLI			
OG0007810			sp|Q46832|YGHD_ECOLI			
OG0007811			sp|Q46834|YGHF_ECOLI			
OG0007812			sp|Q46835|YGHG_ECOLI			
OG0007813			sp|Q46841|YGHQ_ECOLI			
OG0007814			sp|Q46867|YGIZ_ECOLI			
OG0007815			sp|Q46907|YGCQ_ECOLI			
OG0007816			sp|Q46942|YQEI_ECOLI			
OG0007817			sp|Q47153|LFHA_ECOLI			
OG0007818			sp|Q47154|LAFU_ECOLI			
OG0007819			sp|Q47158|YAFP_ECOLI			
OG0007820			sp|Q47269|YBCN_ECOLI			
OG0007821			sp|Q47274|REQ1_ECOLI			
OG0007822			sp|Q47534|YAIO_ECOLI			
OG0007823			sp|A0A385XJK5|YPAB_ECOLI			
OG0007824			sp|A0A385XJL2|YGDT_ECOLI			
OG0007825			sp|A5A611|YMGI_ECOLI			
OG0007826			sp|A5A612|YMGJ_ECOLI			
OG0007827			sp|A5A613|YCIY_ECOLI			
OG0007828			sp|A5A614|YCIZ_ECOLI			
OG0007829			sp|A5A617|YDGU_ECOLI			
OG0007830			sp|A5A619|YOJO_ECOLI			
OG0007831			sp|A5A621|YPFM_ECOLI			
OG0007832			sp|A5A625|YIBV_ECOLI			
OG0007833			sp|A8DYQ1|YTHA_ECOLI			
OG0007834			sp|C1P5Z9|YMIB_ECOLI			
OG0007835			sp|C1P600|YNBG_ECOLI			
OG0007836			sp|C1P604|YOBI_ECOLI			
OG0007837			sp|C1P606|YOEI_ECOLI			
OG0007838			sp|C1P612|YQCG_ECOLI			
OG0007839			sp|C1P613|YQEL_ECOLI			
OG0007840			sp|C1P614|YQFG_ECOLI			
OG0007841			sp|C1P618|YRBN_ECOLI			
OG0007842			sp|C1P619|ILVX_ECOLI			
OG0007843			sp|C1P620|YSHB_ECOLI			
OG0007844			sp|C1P621|YJEV_ECOLI			
OG0007845			sp|P02338|PRTL_ECOLI			
OG0007846			sp|P07010|REM_ECOLI			
OG0007847			sp|P08370|YGDB_ECOLI			
OG0007848			sp|P0A828|SMG_ECOLI			
OG0007849			sp|P0A8E5|YACL_ECOLI			
OG0007850			sp|P0A8K5|YAEP_ECOLI			
OG0007851			sp|P0AA95|YACC_ECOLI			
OG0007852			sp|P0AAN5|YAIA_ECOLI			
OG0007853			sp|P0AAQ6|YBAA_ECOLI			
OG0007854			sp|P0AAT9|YBEL_ECOLI			
OG0007855			sp|P0AAU2|YBFA_ECOLI			
OG0007856			sp|P0AAU5|YBFB_ECOLI			
OG0007857			sp|P0AAV6|YBGS_ECOLI			
OG0007858			sp|P0AAY4|YBJH_ECOLI			
OG0007859			sp|P0AB03|YCBJ_ECOLI			
OG0007860			sp|P0AB46|YMGD_ECOLI			
OG0007861			sp|P0AB61|YCIN_ECOLI			
OG0007862			sp|P0ACV8|YMJA_ECOLI			
OG0007863			sp|P0ACW2|YDBJ_ECOLI			
OG0007864			sp|P0ACW6|YDCH_ECOLI			
OG0007865			sp|P0AD07|YECF_ECOLI			
OG0007866			sp|P0AD10|YECJ_ECOLI			
OG0007867			sp|P0AD21|YEJG_ECOLI			
OG0007868			sp|P0AD53|YGAC_ECOLI			
OG0007869			sp|P0AD74|LPF2_ECOLI			
OG0007870			sp|P0ADD9|YJJY_ECOLI			
OG0007871			sp|P0ADF0|LPFS_ECOLI			
OG0007872			sp|P0ADK0|YIAF_ECOLI			
OG0007873			sp|P0ADL3|YICN_ECOLI			
OG0007874			sp|P0ADM6|YIDX_ECOLI			
OG0007875			sp|P0ADP9|YIHD_ECOLI			
OG0007876			sp|P0ADS9|YGGN_ECOLI			
OG0007877			sp|P0ADX5|YHFG_ECOLI			
OG0007878			sp|P0AEG8|DSRB_ECOLI			
OG0007879			sp|P0AF56|YJCO_ECOLI			
OG0007880			sp|P0AF59|YJDI_ECOLI			
OG0007881			sp|P0CD93|YMJD_ECOLI			
OG0007882			sp|P0DN74|YTIA_ECOLI			
OG0007883			sp|P0DPM5|YABR_ECOLI			
OG0007884			sp|P0DPM6|YACM_ECOLI			
OG0007885			sp|P0DPM7|YADW_ECOLI			
OG0007886			sp|P0DPM9|YKGV_ECOLI			
OG0007887			sp|P0DPN0|YAHV_ECOLI			
OG0007888			sp|P0DPN1|YKIC_ECOLI			
OG0007889			sp|P0DPN2|YKID_ECOLI			
OG0007890			sp|P0DPN3|YLCJ_ECOLI			
OG0007891			sp|P0DPN4|YLDA_ECOLI			
OG0007892			sp|P0DPN5|YBGU_ECOLI			
OG0007893			sp|P0DPN6|YLIM_ECOLI			
OG0007894			sp|P0DPN7|YMDG_ECOLI			
OG0007895			sp|P0DPN8|YMGK_ECOLI			
OG0007896			sp|P0DPN9|YMGL_ECOLI			
OG0007897			sp|P0DPO0|YMGM_ECOLI			
OG0007898			sp|P0DPO1|YMIC_ECOLI			
OG0007899			sp|P0DPO2|YMJE_ECOLI			
OG0007900			sp|P0DPO3|YNAL_ECOLI			
OG0007901			sp|P0DPO5|YNCO_ECOLI			
OG0007902			sp|P0DPO6|YDDY_ECOLI			
OG0007903			sp|P0DPO7|YNEP_ECOLI			
OG0007904			sp|P0DPO9|YNFR_ECOLI			
OG0007905			sp|P0DPP0|YNFS_ECOLI			
OG0007906			sp|P0DPP1|YNFP_ECOLI			
OG0007907			sp|P0DPP3|YECU_ECOLI			
OG0007908			sp|P0DPP4|YQFH_ECOLI			
OG0007909			sp|P0DPP5|YQFI_ECOLI			
OG0007910			sp|P0DPP6|YQHI_ECOLI			
OG0007911			sp|P0DPP7|YQID_ECOLI			
OG0007912			sp|P0DPP8|YSDD_ECOLI			
OG0007913			sp|P0DSE3|YADX_ECOLI			
OG0007914			sp|P0DSE5|YTIB_ECOLI			
OG0007915			sp|P0DSE6|YBGV_ECOLI			
OG0007916			sp|P0DSE7|YBIE_ECOLI			
OG0007917			sp|P0DSE8|YLJB_ECOLI			
OG0007918			sp|P0DSE9|YCHT_ECOLI			
OG0007919			sp|P0DSF0|YMID_ECOLI			
OG0007920			sp|P0DSF1|YNAN_ECOLI			
OG0007921			sp|P0DSF2|YNCP_ECOLI			
OG0007922			sp|P0DSF3|MGTT_ECOLI			
OG0007923			sp|P0DSF4|YNFU_ECOLI			
OG0007924			sp|P0DSF5|YDGV_ECOLI			
OG0007925			sp|P0DSF6|YECV_ECOLI			
OG0007926			sp|P0DSF7|YOAM_ECOLI			
OG0007927			sp|P0DSF8|YODE_ECOLI			
OG0007928			sp|P0DSF9|EVGL_ECOLI			
OG0007929			sp|P0DSG2|YQGG_ECOLI			
OG0007930			sp|P0DSG3|YQGH_ECOLI			
OG0007931			sp|P0DSG4|YQHJ_ECOLI			
OG0007932			sp|P0DSG5|YQIM_ECOLI			
OG0007933			sp|P0DSG6|YHGO_ECOLI			
OG0007934			sp|P0DSG7|YHGP_ECOLI			
OG0007935			sp|P0DSG8|YHIY_ECOLI			
OG0007936			sp|P0DSG9|YRIA_ECOLI			
OG0007937			sp|P0DSH0|YRIB_ECOLI			
OG0007938			sp|P0DSH1|YSAE_ECOLI			
OG0007939			sp|P0DSH4|YIBY_ECOLI			
OG0007940			sp|P0DSH5|YICU_ECOLI			
OG0007941			sp|P0DSH6|YSDE_ECOLI			
OG0007942			sp|P0DSH7|YSGD_ECOLI			
OG0007943			sp|P0DSH8|YTGA_ECOLI			
OG0007944			sp|P0DSH9|YKIE_ECOLI			
OG0007945			sp|P0DSI0|YTHB_ECOLI			
OG0007946			sp|P0DUW0|YKFO_ECOLI			
OG0007947			sp|P0DUW1|YMGN_ECOLI			
OG0007948			sp|P0DUW2|YNHH_ECOLI			
OG0007949			sp|P0DUW3|YOEJ_ECOLI			
OG0007950			sp|P0DUW4|YPED_ECOLI			
OG0007951			sp|P0DV19|YRFJ_ECOLI			
OG0007952			sp|P0DV20|YTCB_ECOLI			
OG0007953			sp|P0DV21|YTGB_ECOLI			
OG0007954			sp|P0DV22|YTIE_ECOLI			
OG0007955			sp|P0DV23|YTJE_ECOLI			
OG0007956			sp|P11289|YFIL_ECOLI			
OG0007957			sp|P11864|YHAC_ECOLI			
OG0007958			sp|P11865|YHAB_ECOLI			
OG0007959			sp|P15033|RACC_ECOLI			
OG0007960			sp|P21418|YDFC_ECOLI			
OG0007961			sp|P25666|HTRL_ECOLI			
OG0007962			sp|P25728|YGBA_ECOLI			
OG0007963			sp|P28696|YAAI_ECOLI			
OG0007964			sp|P28915|YBFC_ECOLI			
OG0007965			sp|P29009|YDFB_ECOLI			
OG0007966			sp|P29010|YDFD_ECOLI			
OG0007967			sp|P31121|MARB_ECOLI			
OG0007968			sp|P31455|YIDR_ECOLI			
OG0007969			sp|P31991|YDCD_ECOLI			
OG0007970			sp|P32106|YIBG_ECOLI			
OG0007971			sp|P32134|YIHM_ECOLI			
OG0007972			sp|P32151|YIIG_ECOLI			
OG0007973			sp|P32160|YIIQ_ECOLI			
OG0007974			sp|P32680|YJAG_ECOLI			
OG0007975			sp|P32681|YJAH_ECOLI			
OG0007976			sp|P32685|YJBD_ECOLI			
OG0007977			sp|P32690|YJBI_ECOLI			
OG0007978			sp|P32693|YJBL_ECOLI			
OG0007979			sp|P32694|YJBM_ECOLI			
OG0007980			sp|P32700|YJCB_ECOLI			
OG0007981			sp|P32704|YJCF_ECOLI			
OG0007982			sp|P33344|YEHE_ECOLI			
OG0007983			sp|P33347|YEHK_ECOLI			
OG0007984			sp|P33352|YEHP_ECOLI			
OG0007985			sp|P33669|YBBD_ECOLI			
OG0007986			sp|P36661|YCCE_ECOLI			
OG0007987			sp|P36682|YACH_ECOLI			
OG0007988			sp|P37003|YBFG_ECOLI			
OG0007989			sp|P37615|YHHM_ECOLI			
OG0007990			sp|P37635|YHIS_ECOLI			
OG0007991			sp|P38394|YDAE_ECOLI			
OG0007992			sp|P39220|YABP_ECOLI			
OG0007993			sp|P39221|YABQ_ECOLI			
OG0007994			sp|P39267|YJCZ_ECOLI			
OG0007995			sp|P39279|YJEJ_ECOLI			
OG0007996			sp|P39283|YJEN_ECOLI			
OG0007997			sp|P39293|YJFK_ECOLI			
OG0007998			sp|P39295|YJFM_ECOLI			
OG0007999			sp|P39309|YTFA_ECOLI			
OG0008000			sp|P39317|YTFI_ECOLI			
OG0008001			sp|P39351|YJGZ_ECOLI			
OG0008002			sp|P39354|YJHD_ECOLI			
OG0008003			sp|P39390|YJIS_ECOLI			
OG0008004			sp|P39391|YJIT_ECOLI			
OG0008005			sp|P42591|YGJJ_ECOLI			
OG0008006			sp|P42625|YHAL_ECOLI			
OG0008007			sp|P45421|YHCE_ECOLI			
OG0008008			sp|P45505|YFAH_ECOLI			
OG0008009			sp|P45545|YHFS_ECOLI			
OG0008010			sp|P45551|YHFY_ECOLI			
OG0008011			sp|P45552|YHFZ_ECOLI			
OG0008012			sp|P45564|YFEN_ECOLI			
OG0008013			sp|P45736|YCJD_ECOLI			
OG0008014			sp|P45795|YRDB_ECOLI			
OG0008015			sp|P45804|YHGE_ECOLI			
OG0008016			sp|P45807|YBAM_ECOLI			
OG0008017			sp|P46142|YGGM_ECOLI			
OG0008018			sp|P46144|YEDJ_ECOLI			
OG0008019			sp|P46856|YRHA_ECOLI			
OG0008020			sp|P46857|YRHB_ECOLI			
OG0008021			sp|P46879|YQGD_ECOLI			
OG0008022			sp|P46887|YECH_ECOLI			
OG0008023			sp|P52048|YGGP_ECOLI			
OG0008024			sp|P52060|YGGU_ECOLI			
OG0008025			sp|P52123|YFJH_ECOLI			
OG0008026			sp|P52128|YFJM_ECOLI			
OG0008027			sp|P52134|YPJK_ECOLI			
OG0008028			sp|P52138|YFJW_ECOLI			
OG0008029			sp|P52644|HSLJ_ECOLI			
OG0008030			sp|P54901|CSIE_ECOLI			
OG0008031			sp|P55914|YJJZ_ECOLI			
OG0008032			sp|P56257|YKGL_ECOLI			
OG0008033			sp|P56259|YIFN_ECOLI			
OG0008034			sp|P58036|YJBS_ECOLI			
OG0008035			sp|P58037|YRHD_ECOLI			
OG0008036			sp|P58094|YCIX_ECOLI			
OG0008037			sp|P62066|YCEQ_ECOLI			
OG0008038			sp|P62768|YAEH_ECOLI			
OG0008039			sp|P64435|YBCW_ECOLI			
OG0008040			sp|P64445|YNAJ_ECOLI			
OG0008041			sp|P64451|YDCL_ECOLI			
OG0008042			sp|P64459|YNCJ_ECOLI			
OG0008043			sp|P64463|YDFZ_ECOLI			
OG0008044			sp|P64471|YDHI_ECOLI			
OG0008045			sp|P64476|YDIH_ECOLI			
OG0008046			sp|P64479|YDIZ_ECOLI			
OG0008047			sp|P64488|YEAR_ECOLI			
OG0008048			sp|P64490|YOAC_ECOLI			
OG0008049			sp|P64499|YEBO_ECOLI			
OG0008050			sp|P64526|YEEW_ECOLI			
OG0008051			sp|P64536|YEIS_ECOLI			
OG0008052			sp|P64540|YFCL_ECOLI			
OG0008053			sp|P64557|YGFM_ECOLI			
OG0008054			sp|P64562|YQFE_ECOLI			
OG0008055			sp|P64570|YQGC_ECOLI			
OG0008056			sp|P64574|YGHW_ECOLI			
OG0008057			sp|P64610|YRBL_ECOLI			
OG0008058			sp|P64616|YHCO_ECOLI			
OG0008059			sp|P64619|YHDU_ECOLI			
OG0008060			sp|P64622|YHDV_ECOLI			
OG0008061			sp|P64627|YHFL_ECOLI			
OG0008062			sp|P64631|YHFU_ECOLI			
OG0008063			sp|P67338|YOAH_ECOLI			
OG0008064			sp|P67762|YHBP_ECOLI			
OG0008065			sp|P71296|YAGM_ECOLI			
OG0008066			sp|P71297|YAGN_ECOLI			
OG0008067			sp|P75617|YAAW_ECOLI			
OG0008068			sp|P75620|YAAY_ECOLI			
OG0008069			sp|P75684|YAGP_ECOLI			
OG0008070			sp|P75688|Y309_ECOLI			
OG0008071			sp|P75692|YAHM_ECOLI			
OG0008072			sp|P75711|YBBV_ECOLI			
OG0008073			sp|P75717|EXOD_ECOLI			
OG0008074			sp|P75718|REND_ECOLI			
OG0008075			sp|P75737|YBFP_ECOLI			
OG0008076			sp|P75818|YBJP_ECOLI			
OG0008077			sp|P75829|YBJX_ECOLI			
OG0008078			sp|P75910|YCDU_ECOLI			
OG0008079			sp|P75946|YCFL_ECOLI			
OG0008080			sp|P75967|YMFD_ECOLI			
OG0008081			sp|P75968|YMFE_ECOLI			
OG0008082			sp|P75972|YMFI_ECOLI			
OG0008083			sp|P75973|YMFJ_ECOLI			
OG0008084			sp|P75975|CROE_ECOLI			
OG0008085			sp|P75976|YMFL_ECOLI			
OG0008086			sp|P75977|YMFM_ECOLI			
OG0008087			sp|P75978|YMFN_ECOLI			
OG0008088			sp|P75979|YMFR_ECOLI			
OG0008089			sp|P75980|BEEE_ECOLI			
OG0008090			sp|P75982|YMFQ_ECOLI			
OG0008091			sp|P75994|YMGC_ECOLI			
OG0008092			sp|P76012|YCGY_ECOLI			
OG0008093			sp|P76023|YCHS_ECOLI			
OG0008094			sp|P76035|YCIW_ECOLI			
OG0008095			sp|P76061|YDAG_ECOLI			
OG0008096			sp|P76066|YDAW_ECOLI			
OG0008097			sp|P76068|YNAK_ECOLI			
OG0008098			sp|P76096|MOKB_ECOLI			
OG0008099			sp|P76118|YNCH_ECOLI			
OG0008100			sp|P76122|YDDJ_ECOLI			
OG0008101			sp|P76123|YDDK_ECOLI			
OG0008102			sp|P76148|YNEG_ECOLI			
OG0008103			sp|P76150|YNEK_ECOLI			
OG0008104			sp|P76157|YNFN_ECOLI			
OG0008105			sp|P76158|RZPQ_ECOLI			
OG0008106			sp|P76160|YDFR_ECOLI			
OG0008107			sp|P76162|YDFU_ECOLI			
OG0008108			sp|P76163|YDFV_ECOLI			
OG0008109			sp|P76165|YDFX_ECOLI			
OG0008110			sp|P76177|YDGH_ECOLI			
OG0008111			sp|P76196|YDIL_ECOLI			
OG0008112			sp|P76205|ARPB_ECOLI			
OG0008113			sp|P76206|YDIY_ECOLI			
OG0008114			sp|P76208|YNIB_ECOLI			
OG0008115			sp|P76210|YDJO_ECOLI			
OG0008116			sp|P76227|YNJH_ECOLI			
OG0008117			sp|P76239|YOAI_ECOLI			
OG0008118			sp|P76275|YEBW_ECOLI			
OG0008119			sp|P76308|YECR_ECOLI			
OG0008120			sp|P76322|YEDM_ECOLI			
OG0008121			sp|P76349|YEEL_ECOLI			
OG0008122			sp|P76394|YEGJ_ECOLI			
OG0008123			sp|P76396|YEGL_ECOLI			
OG0008124			sp|P76406|YEGR_ECOLI			
OG0008125			sp|P76481|YFBK_ECOLI			
OG0008126			sp|P76484|YFBN_ECOLI			
OG0008127			sp|P76485|YFBO_ECOLI			
OG0008128			sp|P76486|YFBP_ECOLI			
OG0008129			sp|P76505|YFDF_ECOLI			
OG0008130			sp|P76507|YFDI_ECOLI			
OG0008131			sp|P76510|YFDN_ECOLI			
OG0008132			sp|P76512|YFDP_ECOLI			
OG0008133			sp|P76513|YFDQ_ECOLI			
OG0008134			sp|P76515|YFDS_ECOLI			
OG0008135			sp|P76516|YFDT_ECOLI			
OG0008136			sp|P76521|YFDY_ECOLI			
OG0008137			sp|P76537|YFEY_ECOLI			
OG0008138			sp|P76543|YFFL_ECOLI			
OG0008139			sp|P76544|YFFM_ECOLI			
OG0008140			sp|P76545|YFFN_ECOLI			
OG0008141			sp|P76546|YFFO_ECOLI			
OG0008142			sp|P76547|YFFP_ECOLI			
OG0008143			sp|P76548|YFFQ_ECOLI			
OG0008144			sp|P76549|YFFR_ECOLI			
OG0008145			sp|P76550|YFFS_ECOLI			
OG0008146			sp|P76575|YFGJ_ECOLI			
OG0008147			sp|P76585|YPHG_ECOLI			
OG0008148			sp|P76612|YPJB_ECOLI			
OG0008149			sp|P76613|YPJC_ECOLI			
OG0008150			sp|P76692|YZGL_ECOLI			
OG0008151			sp|P77136|YQEK_ECOLI			
OG0008152			sp|P77147|YDHT_ECOLI			
OG0008153			sp|P77148|YDHS_ECOLI			
OG0008154			sp|P77180|YKGH_ECOLI			
OG0008155			sp|P77221|YAHG_ECOLI			
OG0008156			sp|P77301|YBAP_ECOLI			
OG0008157			sp|P77339|YAFT_ECOLI			
OG0008158			sp|P77393|YAHL_ECOLI			
OG0008159			sp|P77460|YBCY_ECOLI			
OG0008160			sp|P77506|YBDJ_ECOLI			
OG0008161			sp|P77564|YDHW_ECOLI			
OG0008162			sp|P77607|YAGL_ECOLI			
OG0008163			sp|P77658|YNAA_ECOLI			
OG0008164			sp|P77688|YLBG_ECOLI			
OG0008165			sp|Q2EEQ3|YAHH_ECOLI			
OG0008166			sp|Q2EER5|YMJC_ECOLI			
OG0008167			sp|Q2EES3|YOEF_ECOLI			
OG0008168			sp|Q2M7M3|YSAB_ECOLI			
OG0008169			sp|Q2M7R5|YIBT_ECOLI			
OG0008170			sp|Q2M7X4|YICS_ECOLI			
OG0008171			sp|Q2MB16|YOBH_ECOLI			
OG0008172			sp|Q46786|YGEF_ECOLI			
OG0008173			sp|Q46789|YGEI_ECOLI			
OG0008174			sp|Q46793|YGEN_ECOLI			
OG0008175			sp|Q46796|YGEP_ECOLI			
OG0008176			sp|Q46809|YQEC_ECOLI			
OG0008177			sp|Q46831|YQGA_ECOLI			
OG0008178			sp|Q46858|YQHG_ECOLI			
OG0008179			sp|Q46943|YQEJ_ECOLI			
OG0008180			sp|Q47138|YDFE_ECOLI			
OG0008181			sp|Q47268|YLCH_ECOLI			
OG0008182			sp|Q47270|NINE_ECOLI			
OG0008183			sp|Q47272|YLCG_ECOLI			
OG0008184			sp|Q47702|YFEK_ECOLI			
OG0008185			sp|Q47710|YQJK_ECOLI			
OG0008186			sp|Q47719|YJHV_ECOLI			
OG0008187			sp|Q6BEX5|YJDP_ECOLI			
OG0008188			sp|Q7DFV3|YMGG_ECOLI			
OG0008189			sp|Q7DFV4|YMDE_ECOLI			
OG0008190			sp|Q9Z3A0|YJGW_ECOLI			
OG0008191				sp|B1MK49|PHY_MYCA9		
OG0008192				sp|B1MB15|M2355_MYCA9		
OG0008193				tr|B1MFL1|B1MFL1_MYCA9		
OG0008194				tr|B1MJD3|B1MJD3_MYCA9		
OG0008195				tr|B1MAE1|B1MAE1_MYCA9		
OG0008196				tr|B1MB45|B1MB45_MYCA9		
OG0008197				tr|B1MBU2|B1MBU2_MYCA9		
OG0008198				tr|B1MCU6|B1MCU6_MYCA9		
OG0008199				tr|B1MD48|B1MD48_MYCA9		
OG0008200				tr|B1MFT4|B1MFT4_MYCA9		
OG0008201				tr|B1MHT6|B1MHT6_MYCA9		
OG0008202				tr|B1MJL9|B1MJL9_MYCA9		
OG0008203				tr|B1MM56|B1MM56_MYCA9		
OG0008204				tr|B1MN63|B1MN63_MYCA9		
OG0008205				tr|B1MPC9|B1MPC9_MYCA9		
OG0008206				tr|B1MAD4|B1MAD4_MYCA9		
OG0008207				tr|B1MAD5|B1MAD5_MYCA9		
OG0008208				tr|B1MAD6|B1MAD6_MYCA9		
OG0008209				tr|B1MAE0|B1MAE0_MYCA9		
OG0008210				tr|B1MAE5|B1MAE5_MYCA9		
OG0008211				tr|B1MAE6|B1MAE6_MYCA9		
OG0008212				tr|B1MAE7|B1MAE7_MYCA9		
OG0008213				tr|B1MAE9|B1MAE9_MYCA9		
OG0008214				tr|B1MAF0|B1MAF0_MYCA9		
OG0008215				tr|B1MAF1|B1MAF1_MYCA9		
OG0008216				tr|B1MAF2|B1MAF2_MYCA9		
OG0008217				tr|B1MAF4|B1MAF4_MYCA9		
OG0008218				tr|B1MAI4|B1MAI4_MYCA9		
OG0008219				tr|B1MAJ0|B1MAJ0_MYCA9		
OG0008220				tr|B1MAM3|B1MAM3_MYCA9		
OG0008221				tr|B1MAM4|B1MAM4_MYCA9		
OG0008222				tr|B1MAP6|B1MAP6_MYCA9		
OG0008223				tr|B1MAR8|B1MAR8_MYCA9		
OG0008224				tr|B1MAT6|B1MAT6_MYCA9		
OG0008225				tr|B1MAT7|B1MAT7_MYCA9		
OG0008226				tr|B1MAT8|B1MAT8_MYCA9		
OG0008227				tr|B1MAU0|B1MAU0_MYCA9		
OG0008228				tr|B1MAU1|B1MAU1_MYCA9		
OG0008229				tr|B1MAU2|B1MAU2_MYCA9		
OG0008230				tr|B1MAU8|B1MAU8_MYCA9		
OG0008231				tr|B1MAV1|B1MAV1_MYCA9		
OG0008232				tr|B1MAV2|B1MAV2_MYCA9		
OG0008233				tr|B1MAX3|B1MAX3_MYCA9		
OG0008234				tr|B1MAY6|B1MAY6_MYCA9		
OG0008235				tr|B1MAY7|B1MAY7_MYCA9		
OG0008236				tr|B1MAZ1|B1MAZ1_MYCA9		
OG0008237				tr|B1MB04|B1MB04_MYCA9		
OG0008238				tr|B1MB06|B1MB06_MYCA9		
OG0008239				tr|B1MB10|B1MB10_MYCA9		
OG0008240				tr|B1MB23|B1MB23_MYCA9		
OG0008241				tr|B1MB43|B1MB43_MYCA9		
OG0008242				tr|B1MB47|B1MB47_MYCA9		
OG0008243				tr|B1MB50|B1MB50_MYCA9		
OG0008244				tr|B1MB76|B1MB76_MYCA9		
OG0008245				tr|B1MB79|B1MB79_MYCA9		
OG0008246				tr|B1MBA1|B1MBA1_MYCA9		
OG0008247				tr|B1MBA2|B1MBA2_MYCA9		
OG0008248				tr|B1MBA8|B1MBA8_MYCA9		
OG0008249				tr|B1MBB2|B1MBB2_MYCA9		
OG0008250				tr|B1MBC4|B1MBC4_MYCA9		
OG0008251				tr|B1MBE0|B1MBE0_MYCA9		
OG0008252				tr|B1MBE3|B1MBE3_MYCA9		
OG0008253				tr|B1MBE4|B1MBE4_MYCA9		
OG0008254				tr|B1MBE6|B1MBE6_MYCA9		
OG0008255				tr|B1MBE7|B1MBE7_MYCA9		
OG0008256				tr|B1MBF3|B1MBF3_MYCA9		
OG0008257				tr|B1MBG1|B1MBG1_MYCA9		
OG0008258				tr|B1MBH4|B1MBH4_MYCA9		
OG0008259				tr|B1MBI6|B1MBI6_MYCA9		
OG0008260				tr|B1MBJ2|B1MBJ2_MYCA9		
OG0008261				tr|B1MBK0|B1MBK0_MYCA9		
OG0008262				tr|B1MBK2|B1MBK2_MYCA9		
OG0008263				tr|B1MBK9|B1MBK9_MYCA9		
OG0008264				tr|B1MBL1|B1MBL1_MYCA9		
OG0008265				tr|B1MBL4|B1MBL4_MYCA9		
OG0008266				tr|B1MBL5|B1MBL5_MYCA9		
OG0008267				tr|B1MBN4|B1MBN4_MYCA9		
OG0008268				tr|B1MBP0|B1MBP0_MYCA9		
OG0008269				tr|B1MBP4|B1MBP4_MYCA9		
OG0008270				tr|B1MBP8|B1MBP8_MYCA9		
OG0008271				tr|B1MBP9|B1MBP9_MYCA9		
OG0008272				tr|B1MBQ1|B1MBQ1_MYCA9		
OG0008273				tr|B1MBQ2|B1MBQ2_MYCA9		
OG0008274				tr|B1MBQ4|B1MBQ4_MYCA9		
OG0008275				tr|B1MBQ6|B1MBQ6_MYCA9		
OG0008276				tr|B1MBQ9|B1MBQ9_MYCA9		
OG0008277				tr|B1MBR0|B1MBR0_MYCA9		
OG0008278				tr|B1MBR1|B1MBR1_MYCA9		
OG0008279				tr|B1MBS1|B1MBS1_MYCA9		
OG0008280				tr|B1MBU6|B1MBU6_MYCA9		
OG0008281				tr|B1MBW1|B1MBW1_MYCA9		
OG0008282				tr|B1MC02|B1MC02_MYCA9		
OG0008283				tr|B1MC03|B1MC03_MYCA9		
OG0008284				tr|B1MC04|B1MC04_MYCA9		
OG0008285				tr|B1MC06|B1MC06_MYCA9		
OG0008286				tr|B1MC12|B1MC12_MYCA9		
OG0008287				tr|B1MC17|B1MC17_MYCA9		
OG0008288				tr|B1MC64|B1MC64_MYCA9		
OG0008289				tr|B1MC72|B1MC72_MYCA9		
OG0008290				tr|B1MC73|B1MC73_MYCA9		
OG0008291				tr|B1MC79|B1MC79_MYCA9		
OG0008292				tr|B1MC80|B1MC80_MYCA9		
OG0008293				tr|B1MC81|B1MC81_MYCA9		
OG0008294				tr|B1MC83|B1MC83_MYCA9		
OG0008295				tr|B1MC84|B1MC84_MYCA9		
OG0008296				tr|B1MCA6|B1MCA6_MYCA9		
OG0008297				tr|B1MCA9|B1MCA9_MYCA9		
OG0008298				tr|B1MCC7|B1MCC7_MYCA9		
OG0008299				tr|B1MCG0|B1MCG0_MYCA9		
OG0008300				tr|B1MCG3|B1MCG3_MYCA9		
OG0008301				tr|B1MCH2|B1MCH2_MYCA9		
OG0008302				tr|B1MCH8|B1MCH8_MYCA9		
OG0008303				tr|B1MCJ7|B1MCJ7_MYCA9		
OG0008304				tr|B1MCL3|B1MCL3_MYCA9		
OG0008305				tr|B1MCL4|B1MCL4_MYCA9		
OG0008306				tr|B1MCL5|B1MCL5_MYCA9		
OG0008307				tr|B1MCM2|B1MCM2_MYCA9		
OG0008308				tr|B1MCM3|B1MCM3_MYCA9		
OG0008309				tr|B1MCM5|B1MCM5_MYCA9		
OG0008310				tr|B1MCM8|B1MCM8_MYCA9		
OG0008311				tr|B1MCQ0|B1MCQ0_MYCA9		
OG0008312				tr|B1MCQ1|B1MCQ1_MYCA9		
OG0008313				tr|B1MCR0|B1MCR0_MYCA9		
OG0008314				tr|B1MCR1|B1MCR1_MYCA9		
OG0008315				tr|B1MCR3|B1MCR3_MYCA9		
OG0008316				tr|B1MCR4|B1MCR4_MYCA9		
OG0008317				tr|B1MCR7|B1MCR7_MYCA9		
OG0008318				tr|B1MCS7|B1MCS7_MYCA9		
OG0008319				tr|B1MCT1|B1MCT1_MYCA9		
OG0008320				tr|B1MCT7|B1MCT7_MYCA9		
OG0008321				tr|B1MCW7|B1MCW7_MYCA9		
OG0008322				tr|B1MCW8|B1MCW8_MYCA9		
OG0008323				tr|B1MCX2|B1MCX2_MYCA9		
OG0008324				tr|B1MCX7|B1MCX7_MYCA9		
OG0008325				tr|B1MCX8|B1MCX8_MYCA9		
OG0008326				tr|B1MCY8|B1MCY8_MYCA9		
OG0008327				tr|B1MD04|B1MD04_MYCA9		
OG0008328				tr|B1MD06|B1MD06_MYCA9		
OG0008329				tr|B1MD15|B1MD15_MYCA9		
OG0008330				tr|B1MD22|B1MD22_MYCA9		
OG0008331				tr|B1MD36|B1MD36_MYCA9		
OG0008332				tr|B1MD53|B1MD53_MYCA9		
OG0008333				tr|B1MD67|B1MD67_MYCA9		
OG0008334				tr|B1MD70|B1MD70_MYCA9		
OG0008335				tr|B1MD71|B1MD71_MYCA9		
OG0008336				tr|B1MD82|B1MD82_MYCA9		
OG0008337				tr|B1MD83|B1MD83_MYCA9		
OG0008338				tr|B1MD93|B1MD93_MYCA9		
OG0008339				tr|B1MD97|B1MD97_MYCA9		
OG0008340				tr|B1MDC8|B1MDC8_MYCA9		
OG0008341				tr|B1MDC9|B1MDC9_MYCA9		
OG0008342				tr|B1MDD8|B1MDD8_MYCA9		
OG0008343				tr|B1MDF0|B1MDF0_MYCA9		
OG0008344				tr|B1MDF4|B1MDF4_MYCA9		
OG0008345				tr|B1MDF8|B1MDF8_MYCA9		
OG0008346				tr|B1MDG2|B1MDG2_MYCA9		
OG0008347				tr|B1MDG4|B1MDG4_MYCA9		
OG0008348				tr|B1MDH5|B1MDH5_MYCA9		
OG0008349				tr|B1MDJ0|B1MDJ0_MYCA9		
OG0008350				tr|B1MDJ2|B1MDJ2_MYCA9		
OG0008351				tr|B1MDK4|B1MDK4_MYCA9		
OG0008352				tr|B1MDK6|B1MDK6_MYCA9		
OG0008353				tr|B1MDL9|B1MDL9_MYCA9		
OG0008354				tr|B1MDM1|B1MDM1_MYCA9		
OG0008355				tr|B1MDQ4|B1MDQ4_MYCA9		
OG0008356				tr|B1MDR2|B1MDR2_MYCA9		
OG0008357				tr|B1MDX7|B1MDX7_MYCA9		
OG0008358				tr|B1MDX8|B1MDX8_MYCA9		
OG0008359				tr|B1MDY3|B1MDY3_MYCA9		
OG0008360				tr|B1ME00|B1ME00_MYCA9		
OG0008361				tr|B1ME09|B1ME09_MYCA9		
OG0008362				tr|B1ME16|B1ME16_MYCA9		
OG0008363				tr|B1ME17|B1ME17_MYCA9		
OG0008364				tr|B1ME18|B1ME18_MYCA9		
OG0008365				tr|B1ME28|B1ME28_MYCA9		
OG0008366				tr|B1ME37|B1ME37_MYCA9		
OG0008367				tr|B1ME41|B1ME41_MYCA9		
OG0008368				tr|B1ME46|B1ME46_MYCA9		
OG0008369				tr|B1ME48|B1ME48_MYCA9		
OG0008370				tr|B1ME54|B1ME54_MYCA9		
OG0008371				tr|B1ME57|B1ME57_MYCA9		
OG0008372				tr|B1ME68|B1ME68_MYCA9		
OG0008373				tr|B1ME78|B1ME78_MYCA9		
OG0008374				tr|B1ME80|B1ME80_MYCA9		
OG0008375				tr|B1MEC9|B1MEC9_MYCA9		
OG0008376				tr|B1MEE2|B1MEE2_MYCA9		
OG0008377				tr|B1MEE4|B1MEE4_MYCA9		
OG0008378				tr|B1MEE6|B1MEE6_MYCA9		
OG0008379				tr|B1MEF2|B1MEF2_MYCA9		
OG0008380				tr|B1MEF5|B1MEF5_MYCA9		
OG0008381				tr|B1MEH1|B1MEH1_MYCA9		
OG0008382				tr|B1MEH3|B1MEH3_MYCA9		
OG0008383				tr|B1MEI3|B1MEI3_MYCA9		
OG0008384				tr|B1MEI4|B1MEI4_MYCA9		
OG0008385				tr|B1MEI5|B1MEI5_MYCA9		
OG0008386				tr|B1MEJ8|B1MEJ8_MYCA9		
OG0008387				tr|B1MEL8|B1MEL8_MYCA9		
OG0008388				tr|B1MEM0|B1MEM0_MYCA9		
OG0008389				tr|B1MEM3|B1MEM3_MYCA9		
OG0008390				tr|B1MEM4|B1MEM4_MYCA9		
OG0008391				tr|B1MEP1|B1MEP1_MYCA9		
OG0008392				tr|B1MEP6|B1MEP6_MYCA9		
OG0008393				tr|B1MEP8|B1MEP8_MYCA9		
OG0008394				tr|B1MEQ9|B1MEQ9_MYCA9		
OG0008395				tr|B1MER2|B1MER2_MYCA9		
OG0008396				tr|B1MER3|B1MER3_MYCA9		
OG0008397				tr|B1MER4|B1MER4_MYCA9		
OG0008398				tr|B1MER5|B1MER5_MYCA9		
OG0008399				tr|B1MET4|B1MET4_MYCA9		
OG0008400				tr|B1MET6|B1MET6_MYCA9		
OG0008401				tr|B1MEU6|B1MEU6_MYCA9		
OG0008402				tr|B1MEV0|B1MEV0_MYCA9		
OG0008403				tr|B1MEV1|B1MEV1_MYCA9		
OG0008404				tr|B1MEV8|B1MEV8_MYCA9		
OG0008405				tr|B1MEW6|B1MEW6_MYCA9		
OG0008406				tr|B1MEW7|B1MEW7_MYCA9		
OG0008407				tr|B1MEX0|B1MEX0_MYCA9		
OG0008408				tr|B1MEX9|B1MEX9_MYCA9		
OG0008409				tr|B1MF28|B1MF28_MYCA9		
OG0008410				tr|B1MF38|B1MF38_MYCA9		
OG0008411				tr|B1MF40|B1MF40_MYCA9		
OG0008412				tr|B1MF41|B1MF41_MYCA9		
OG0008413				tr|B1MF46|B1MF46_MYCA9		
OG0008414				tr|B1MF53|B1MF53_MYCA9		
OG0008415				tr|B1MF69|B1MF69_MYCA9		
OG0008416				tr|B1MF79|B1MF79_MYCA9		
OG0008417				tr|B1MF92|B1MF92_MYCA9		
OG0008418				tr|B1MF97|B1MF97_MYCA9		
OG0008419				tr|B1MF98|B1MF98_MYCA9		
OG0008420				tr|B1MFA6|B1MFA6_MYCA9		
OG0008421				tr|B1MFA8|B1MFA8_MYCA9		
OG0008422				tr|B1MFC2|B1MFC2_MYCA9		
OG0008423				tr|B1MFC3|B1MFC3_MYCA9		
OG0008424				tr|B1MFC5|B1MFC5_MYCA9		
OG0008425				tr|B1MFC6|B1MFC6_MYCA9		
OG0008426				tr|B1MFC7|B1MFC7_MYCA9		
OG0008427				tr|B1MFC8|B1MFC8_MYCA9		
OG0008428				tr|B1MFC9|B1MFC9_MYCA9		
OG0008429				tr|B1MFD0|B1MFD0_MYCA9		
OG0008430				tr|B1MFD1|B1MFD1_MYCA9		
OG0008431				tr|B1MFD2|B1MFD2_MYCA9		
OG0008432				tr|B1MFD4|B1MFD4_MYCA9		
OG0008433				tr|B1MFD5|B1MFD5_MYCA9		
OG0008434				tr|B1MFD6|B1MFD6_MYCA9		
OG0008435				tr|B1MFD7|B1MFD7_MYCA9		
OG0008436				tr|B1MFD8|B1MFD8_MYCA9		
OG0008437				tr|B1MFD9|B1MFD9_MYCA9		
OG0008438				tr|B1MFE2|B1MFE2_MYCA9		
OG0008439				tr|B1MFE4|B1MFE4_MYCA9		
OG0008440				tr|B1MFE5|B1MFE5_MYCA9		
OG0008441				tr|B1MFF1|B1MFF1_MYCA9		
OG0008442				tr|B1MFH1|B1MFH1_MYCA9		
OG0008443				tr|B1MFH2|B1MFH2_MYCA9		
OG0008444				tr|B1MFH3|B1MFH3_MYCA9		
OG0008445				tr|B1MFI2|B1MFI2_MYCA9		
OG0008446				tr|B1MFI5|B1MFI5_MYCA9		
OG0008447				tr|B1MFI7|B1MFI7_MYCA9		
OG0008448				tr|B1MFJ2|B1MFJ2_MYCA9		
OG0008449				tr|B1MFJ3|B1MFJ3_MYCA9		
OG0008450				tr|B1MFL2|B1MFL2_MYCA9		
OG0008451				tr|B1MFM0|B1MFM0_MYCA9		
OG0008452				tr|B1MFM1|B1MFM1_MYCA9		
OG0008453				tr|B1MFM4|B1MFM4_MYCA9		
OG0008454				tr|B1MFN7|B1MFN7_MYCA9		
OG0008455				tr|B1MFP4|B1MFP4_MYCA9		
OG0008456				tr|B1MFP7|B1MFP7_MYCA9		
OG0008457				tr|B1MFQ6|B1MFQ6_MYCA9		
OG0008458				tr|B1MFR6|B1MFR6_MYCA9		
OG0008459				tr|B1MFS4|B1MFS4_MYCA9		
OG0008460				tr|B1MFT3|B1MFT3_MYCA9		
OG0008461				tr|B1MFU5|B1MFU5_MYCA9		
OG0008462				tr|B1MFU6|B1MFU6_MYCA9		
OG0008463				tr|B1MFV2|B1MFV2_MYCA9		
OG0008464				tr|B1MFV3|B1MFV3_MYCA9		
OG0008465				tr|B1MFW6|B1MFW6_MYCA9		
OG0008466				tr|B1MFX9|B1MFX9_MYCA9		
OG0008467				tr|B1MFZ2|B1MFZ2_MYCA9		
OG0008468				tr|B1MFZ4|B1MFZ4_MYCA9		
OG0008469				tr|B1MFZ5|B1MFZ5_MYCA9		
OG0008470				tr|B1MG08|B1MG08_MYCA9		
OG0008471				tr|B1MG19|B1MG19_MYCA9		
OG0008472				tr|B1MG20|B1MG20_MYCA9		
OG0008473				tr|B1MG24|B1MG24_MYCA9		
OG0008474				tr|B1MG29|B1MG29_MYCA9		
OG0008475				tr|B1MG37|B1MG37_MYCA9		
OG0008476				tr|B1MG45|B1MG45_MYCA9		
OG0008477				tr|B1MG46|B1MG46_MYCA9		
OG0008478				tr|B1MG56|B1MG56_MYCA9		
OG0008479				tr|B1MG57|B1MG57_MYCA9		
OG0008480				tr|B1MG58|B1MG58_MYCA9		
OG0008481				tr|B1MG59|B1MG59_MYCA9		
OG0008482				tr|B1MG74|B1MG74_MYCA9		
OG0008483				tr|B1MG75|B1MG75_MYCA9		
OG0008484				tr|B1MG83|B1MG83_MYCA9		
OG0008485				tr|B1MG96|B1MG96_MYCA9		
OG0008486				tr|B1MGB6|B1MGB6_MYCA9		
OG0008487				tr|B1MGC9|B1MGC9_MYCA9		
OG0008488				tr|B1MGD2|B1MGD2_MYCA9		
OG0008489				tr|B1MGF2|B1MGF2_MYCA9		
OG0008490				tr|B1MGJ3|B1MGJ3_MYCA9		
OG0008491				tr|B1MGJ4|B1MGJ4_MYCA9		
OG0008492				tr|B1MGJ9|B1MGJ9_MYCA9		
OG0008493				tr|B1MGK2|B1MGK2_MYCA9		
OG0008494				tr|B1MGK3|B1MGK3_MYCA9		
OG0008495				tr|B1MGK4|B1MGK4_MYCA9		
OG0008496				tr|B1MGK5|B1MGK5_MYCA9		
OG0008497				tr|B1MGL1|B1MGL1_MYCA9		
OG0008498				tr|B1MGL2|B1MGL2_MYCA9		
OG0008499				tr|B1MGL3|B1MGL3_MYCA9		
OG0008500				tr|B1MGM0|B1MGM0_MYCA9		
OG0008501				tr|B1MGM1|B1MGM1_MYCA9		
OG0008502				tr|B1MGM5|B1MGM5_MYCA9		
OG0008503				tr|B1MGM9|B1MGM9_MYCA9		
OG0008504				tr|B1MGN8|B1MGN8_MYCA9		
OG0008505				tr|B1MGP5|B1MGP5_MYCA9		
OG0008506				tr|B1MGP7|B1MGP7_MYCA9		
OG0008507				tr|B1MGR1|B1MGR1_MYCA9		
OG0008508				tr|B1MGR9|B1MGR9_MYCA9		
OG0008509				tr|B1MGU4|B1MGU4_MYCA9		
OG0008510				tr|B1MGU7|B1MGU7_MYCA9		
OG0008511				tr|B1MH04|B1MH04_MYCA9		
OG0008512				tr|B1MH15|B1MH15_MYCA9		
OG0008513				tr|B1MH16|B1MH16_MYCA9		
OG0008514				tr|B1MH33|B1MH33_MYCA9		
OG0008515				tr|B1MH34|B1MH34_MYCA9		
OG0008516				tr|B1MH41|B1MH41_MYCA9		
OG0008517				tr|B1MH43|B1MH43_MYCA9		
OG0008518				tr|B1MH60|B1MH60_MYCA9		
OG0008519				tr|B1MH65|B1MH65_MYCA9		
OG0008520				tr|B1MH98|B1MH98_MYCA9		
OG0008521				tr|B1MH99|B1MH99_MYCA9		
OG0008522				tr|B1MHA9|B1MHA9_MYCA9		
OG0008523				tr|B1MHF8|B1MHF8_MYCA9		
OG0008524				tr|B1MHH6|B1MHH6_MYCA9		
OG0008525				tr|B1MHH9|B1MHH9_MYCA9		
OG0008526				tr|B1MHM9|B1MHM9_MYCA9		
OG0008527				tr|B1MHN3|B1MHN3_MYCA9		
OG0008528				tr|B1MHP7|B1MHP7_MYCA9		
OG0008529				tr|B1MHQ1|B1MHQ1_MYCA9		
OG0008530				tr|B1MHS4|B1MHS4_MYCA9		
OG0008531				tr|B1MHS8|B1MHS8_MYCA9		
OG0008532				tr|B1MHT5|B1MHT5_MYCA9		
OG0008533				tr|B1MHT7|B1MHT7_MYCA9		
OG0008534				tr|B1MHT8|B1MHT8_MYCA9		
OG0008535				tr|B1MHT9|B1MHT9_MYCA9		
OG0008536				tr|B1MHU3|B1MHU3_MYCA9		
OG0008537				tr|B1MHX9|B1MHX9_MYCA9		
OG0008538				tr|B1MHY4|B1MHY4_MYCA9		
OG0008539				tr|B1MHY8|B1MHY8_MYCA9		
OG0008540				tr|B1MI29|B1MI29_MYCA9		
OG0008541				tr|B1MI33|B1MI33_MYCA9		
OG0008542				tr|B1MI34|B1MI34_MYCA9		
OG0008543				tr|B1MI38|B1MI38_MYCA9		
OG0008544				tr|B1MI39|B1MI39_MYCA9		
OG0008545				tr|B1MI46|B1MI46_MYCA9		
OG0008546				tr|B1MI47|B1MI47_MYCA9		
OG0008547				tr|B1MI48|B1MI48_MYCA9		
OG0008548				tr|B1MI50|B1MI50_MYCA9		
OG0008549				tr|B1MI51|B1MI51_MYCA9		
OG0008550				tr|B1MI55|B1MI55_MYCA9		
OG0008551				tr|B1MI56|B1MI56_MYCA9		
OG0008552				tr|B1MI57|B1MI57_MYCA9		
OG0008553				tr|B1MI58|B1MI58_MYCA9		
OG0008554				tr|B1MI61|B1MI61_MYCA9		
OG0008555				tr|B1MI66|B1MI66_MYCA9		
OG0008556				tr|B1MI68|B1MI68_MYCA9		
OG0008557				tr|B1MI73|B1MI73_MYCA9		
OG0008558				tr|B1MI74|B1MI74_MYCA9		
OG0008559				tr|B1MI77|B1MI77_MYCA9		
OG0008560				tr|B1MI80|B1MI80_MYCA9		
OG0008561				tr|B1MI81|B1MI81_MYCA9		
OG0008562				tr|B1MI86|B1MI86_MYCA9		
OG0008563				tr|B1MI88|B1MI88_MYCA9		
OG0008564				tr|B1MI92|B1MI92_MYCA9		
OG0008565				tr|B1MIA0|B1MIA0_MYCA9		
OG0008566				tr|B1MIA1|B1MIA1_MYCA9		
OG0008567				tr|B1MIB4|B1MIB4_MYCA9		
OG0008568				tr|B1MIB6|B1MIB6_MYCA9		
OG0008569				tr|B1MIF3|B1MIF3_MYCA9		
OG0008570				tr|B1MII0|B1MII0_MYCA9		
OG0008571				tr|B1MII1|B1MII1_MYCA9		
OG0008572				tr|B1MII4|B1MII4_MYCA9		
OG0008573				tr|B1MIJ3|B1MIJ3_MYCA9		
OG0008574				tr|B1MIJ4|B1MIJ4_MYCA9		
OG0008575				tr|B1MIM8|B1MIM8_MYCA9		
OG0008576				tr|B1MIP2|B1MIP2_MYCA9		
OG0008577				tr|B1MIP3|B1MIP3_MYCA9		
OG0008578				tr|B1MIP5|B1MIP5_MYCA9		
OG0008579				tr|B1MIR3|B1MIR3_MYCA9		
OG0008580				tr|B1MIT0|B1MIT0_MYCA9		
OG0008581				tr|B1MIU3|B1MIU3_MYCA9		
OG0008582				tr|B1MIY0|B1MIY0_MYCA9		
OG0008583				tr|B1MIY1|B1MIY1_MYCA9		
OG0008584				tr|B1MIY8|B1MIY8_MYCA9		
OG0008585				tr|B1MJ11|B1MJ11_MYCA9		
OG0008586				tr|B1MJ24|B1MJ24_MYCA9		
OG0008587				tr|B1MJ25|B1MJ25_MYCA9		
OG0008588				tr|B1MJ27|B1MJ27_MYCA9		
OG0008589				tr|B1MJ50|B1MJ50_MYCA9		
OG0008590				tr|B1MJ53|B1MJ53_MYCA9		
OG0008591				tr|B1MJ54|B1MJ54_MYCA9		
OG0008592				tr|B1MJ77|B1MJ77_MYCA9		
OG0008593				tr|B1MJA3|B1MJA3_MYCA9		
OG0008594				tr|B1MJB0|B1MJB0_MYCA9		
OG0008595				tr|B1MJB4|B1MJB4_MYCA9		
OG0008596				tr|B1MJF0|B1MJF0_MYCA9		
OG0008597				tr|B1MJF1|B1MJF1_MYCA9		
OG0008598				tr|B1MJF9|B1MJF9_MYCA9		
OG0008599				tr|B1MJG1|B1MJG1_MYCA9		
OG0008600				tr|B1MJI6|B1MJI6_MYCA9		
OG0008601				tr|B1MJJ2|B1MJJ2_MYCA9		
OG0008602				tr|B1MJJ5|B1MJJ5_MYCA9		
OG0008603				tr|B1MJK1|B1MJK1_MYCA9		
OG0008604				tr|B1MJL7|B1MJL7_MYCA9		
OG0008605				tr|B1MJM1|B1MJM1_MYCA9		
OG0008606				tr|B1MJM3|B1MJM3_MYCA9		
OG0008607				tr|B1MJM8|B1MJM8_MYCA9		
OG0008608				tr|B1MJM9|B1MJM9_MYCA9		
OG0008609				tr|B1MJN0|B1MJN0_MYCA9		
OG0008610				tr|B1MJN1|B1MJN1_MYCA9		
OG0008611				tr|B1MJN4|B1MJN4_MYCA9		
OG0008612				tr|B1MJP1|B1MJP1_MYCA9		
OG0008613				tr|B1MJS3|B1MJS3_MYCA9		
OG0008614				tr|B1MJS8|B1MJS8_MYCA9		
OG0008615				tr|B1MJT5|B1MJT5_MYCA9		
OG0008616				tr|B1MJW4|B1MJW4_MYCA9		
OG0008617				tr|B1MJZ2|B1MJZ2_MYCA9		
OG0008618				tr|B1MJZ5|B1MJZ5_MYCA9		
OG0008619				tr|B1MJZ6|B1MJZ6_MYCA9		
OG0008620				tr|B1MK03|B1MK03_MYCA9		
OG0008621				tr|B1MK24|B1MK24_MYCA9		
OG0008622				tr|B1MK26|B1MK26_MYCA9		
OG0008623				tr|B1MK28|B1MK28_MYCA9		
OG0008624				tr|B1MK29|B1MK29_MYCA9		
OG0008625				tr|B1MK30|B1MK30_MYCA9		
OG0008626				tr|B1MK32|B1MK32_MYCA9		
OG0008627				tr|B1MK53|B1MK53_MYCA9		
OG0008628				tr|B1MK54|B1MK54_MYCA9		
OG0008629				tr|B1MK57|B1MK57_MYCA9		
OG0008630				tr|B1MK59|B1MK59_MYCA9		
OG0008631				tr|B1MK63|B1MK63_MYCA9		
OG0008632				tr|B1MK65|B1MK65_MYCA9		
OG0008633				tr|B1MK88|B1MK88_MYCA9		
OG0008634				tr|B1MK89|B1MK89_MYCA9		
OG0008635				tr|B1MK91|B1MK91_MYCA9		
OG0008636				tr|B1MK93|B1MK93_MYCA9		
OG0008637				tr|B1MK94|B1MK94_MYCA9		
OG0008638				tr|B1MK96|B1MK96_MYCA9		
OG0008639				tr|B1MK97|B1MK97_MYCA9		
OG0008640				tr|B1MK98|B1MK98_MYCA9		
OG0008641				tr|B1MK99|B1MK99_MYCA9		
OG0008642				tr|B1MKA0|B1MKA0_MYCA9		
OG0008643				tr|B1MKA2|B1MKA2_MYCA9		
OG0008644				tr|B1MKA3|B1MKA3_MYCA9		
OG0008645				tr|B1MKA4|B1MKA4_MYCA9		
OG0008646				tr|B1MKB1|B1MKB1_MYCA9		
OG0008647				tr|B1MKG2|B1MKG2_MYCA9		
OG0008648				tr|B1MKH6|B1MKH6_MYCA9		
OG0008649				tr|B1MKK3|B1MKK3_MYCA9		
OG0008650				tr|B1MKM0|B1MKM0_MYCA9		
OG0008651				tr|B1MKN8|B1MKN8_MYCA9		
OG0008652				tr|B1MKN9|B1MKN9_MYCA9		
OG0008653				tr|B1MKP0|B1MKP0_MYCA9		
OG0008654				tr|B1MKP1|B1MKP1_MYCA9		
OG0008655				tr|B1MKP2|B1MKP2_MYCA9		
OG0008656				tr|B1MKP3|B1MKP3_MYCA9		
OG0008657				tr|B1MKP5|B1MKP5_MYCA9		
OG0008658				tr|B1MKQ9|B1MKQ9_MYCA9		
OG0008659				tr|B1MKR3|B1MKR3_MYCA9		
OG0008660				tr|B1MKS7|B1MKS7_MYCA9		
OG0008661				tr|B1MKS8|B1MKS8_MYCA9		
OG0008662				tr|B1MKS9|B1MKS9_MYCA9		
OG0008663				tr|B1MKT2|B1MKT2_MYCA9		
OG0008664				tr|B1MKV1|B1MKV1_MYCA9		
OG0008665				tr|B1MKV2|B1MKV2_MYCA9		
OG0008666				tr|B1MKV5|B1MKV5_MYCA9		
OG0008667				tr|B1MKX1|B1MKX1_MYCA9		
OG0008668				tr|B1ML00|B1ML00_MYCA9		
OG0008669				tr|B1ML05|B1ML05_MYCA9		
OG0008670				tr|B1ML07|B1ML07_MYCA9		
OG0008671				tr|B1ML38|B1ML38_MYCA9		
OG0008672				tr|B1ML44|B1ML44_MYCA9		
OG0008673				tr|B1ML51|B1ML51_MYCA9		
OG0008674				tr|B1ML69|B1ML69_MYCA9		
OG0008675				tr|B1ML77|B1ML77_MYCA9		
OG0008676				tr|B1ML80|B1ML80_MYCA9		
OG0008677				tr|B1ML88|B1ML88_MYCA9		
OG0008678				tr|B1ML90|B1ML90_MYCA9		
OG0008679				tr|B1ML93|B1ML93_MYCA9		
OG0008680				tr|B1ML95|B1ML95_MYCA9		
OG0008681				tr|B1ML96|B1ML96_MYCA9		
OG0008682				tr|B1ML98|B1ML98_MYCA9		
OG0008683				tr|B1MLA0|B1MLA0_MYCA9		
OG0008684				tr|B1MLA8|B1MLA8_MYCA9		
OG0008685				tr|B1MLD8|B1MLD8_MYCA9		
OG0008686				tr|B1MLE3|B1MLE3_MYCA9		
OG0008687				tr|B1MLE7|B1MLE7_MYCA9		
OG0008688				tr|B1MLG1|B1MLG1_MYCA9		
OG0008689				tr|B1MLG2|B1MLG2_MYCA9		
OG0008690				tr|B1MLG4|B1MLG4_MYCA9		
OG0008691				tr|B1MLH9|B1MLH9_MYCA9		
OG0008692				tr|B1MLK8|B1MLK8_MYCA9		
OG0008693				tr|B1MLL4|B1MLL4_MYCA9		
OG0008694				tr|B1MLN6|B1MLN6_MYCA9		
OG0008695				tr|B1MLR4|B1MLR4_MYCA9		
OG0008696				tr|B1MLR8|B1MLR8_MYCA9		
OG0008697				tr|B1MLT2|B1MLT2_MYCA9		
OG0008698				tr|B1MLT4|B1MLT4_MYCA9		
OG0008699				tr|B1MLU1|B1MLU1_MYCA9		
OG0008700				tr|B1MLU9|B1MLU9_MYCA9		
OG0008701				tr|B1MLW7|B1MLW7_MYCA9		
OG0008702				tr|B1MM14|B1MM14_MYCA9		
OG0008703				tr|B1MM15|B1MM15_MYCA9		
OG0008704				tr|B1MM16|B1MM16_MYCA9		
OG0008705				tr|B1MM24|B1MM24_MYCA9		
OG0008706				tr|B1MM57|B1MM57_MYCA9		
OG0008707				tr|B1MM61|B1MM61_MYCA9		
OG0008708				tr|B1MM62|B1MM62_MYCA9		
OG0008709				tr|B1MM72|B1MM72_MYCA9		
OG0008710				tr|B1MM76|B1MM76_MYCA9		
OG0008711				tr|B1MM79|B1MM79_MYCA9		
OG0008712				tr|B1MM81|B1MM81_MYCA9		
OG0008713				tr|B1MM86|B1MM86_MYCA9		
OG0008714				tr|B1MM91|B1MM91_MYCA9		
OG0008715				tr|B1MM92|B1MM92_MYCA9		
OG0008716				tr|B1MM95|B1MM95_MYCA9		
OG0008717				tr|B1MM96|B1MM96_MYCA9		
OG0008718				tr|B1MM97|B1MM97_MYCA9		
OG0008719				tr|B1MM98|B1MM98_MYCA9		
OG0008720				tr|B1MM99|B1MM99_MYCA9		
OG0008721				tr|B1MMA0|B1MMA0_MYCA9		
OG0008722				tr|B1MMA1|B1MMA1_MYCA9		
OG0008723				tr|B1MMA2|B1MMA2_MYCA9		
OG0008724				tr|B1MMA3|B1MMA3_MYCA9		
OG0008725				tr|B1MMA4|B1MMA4_MYCA9		
OG0008726				tr|B1MMA7|B1MMA7_MYCA9		
OG0008727				tr|B1MMA8|B1MMA8_MYCA9		
OG0008728				tr|B1MMA9|B1MMA9_MYCA9		
OG0008729				tr|B1MMB0|B1MMB0_MYCA9		
OG0008730				tr|B1MMB1|B1MMB1_MYCA9		
OG0008731				tr|B1MMB4|B1MMB4_MYCA9		
OG0008732				tr|B1MMB7|B1MMB7_MYCA9		
OG0008733				tr|B1MMB8|B1MMB8_MYCA9		
OG0008734				tr|B1MMC0|B1MMC0_MYCA9		
OG0008735				tr|B1MMC3|B1MMC3_MYCA9		
OG0008736				tr|B1MMC6|B1MMC6_MYCA9		
OG0008737				tr|B1MMC7|B1MMC7_MYCA9		
OG0008738				tr|B1MMC9|B1MMC9_MYCA9		
OG0008739				tr|B1MMD0|B1MMD0_MYCA9		
OG0008740				tr|B1MMD1|B1MMD1_MYCA9		
OG0008741				tr|B1MMD9|B1MMD9_MYCA9		
OG0008742				tr|B1MME9|B1MME9_MYCA9		
OG0008743				tr|B1MMF1|B1MMF1_MYCA9		
OG0008744				tr|B1MMF2|B1MMF2_MYCA9		
OG0008745				tr|B1MMF5|B1MMF5_MYCA9		
OG0008746				tr|B1MMG0|B1MMG0_MYCA9		
OG0008747				tr|B1MMG3|B1MMG3_MYCA9		
OG0008748				tr|B1MMG6|B1MMG6_MYCA9		
OG0008749				tr|B1MMG7|B1MMG7_MYCA9		
OG0008750				tr|B1MMH1|B1MMH1_MYCA9		
OG0008751				tr|B1MMH3|B1MMH3_MYCA9		
OG0008752				tr|B1MMH4|B1MMH4_MYCA9		
OG0008753				tr|B1MMH6|B1MMH6_MYCA9		
OG0008754				tr|B1MMH7|B1MMH7_MYCA9		
OG0008755				tr|B1MML0|B1MML0_MYCA9		
OG0008756				tr|B1MMM9|B1MMM9_MYCA9		
OG0008757				tr|B1MMN1|B1MMN1_MYCA9		
OG0008758				tr|B1MMP3|B1MMP3_MYCA9		
OG0008759				tr|B1MMQ5|B1MMQ5_MYCA9		
OG0008760				tr|B1MMR4|B1MMR4_MYCA9		
OG0008761				tr|B1MMS4|B1MMS4_MYCA9		
OG0008762				tr|B1MMS9|B1MMS9_MYCA9		
OG0008763				tr|B1MMY9|B1MMY9_MYCA9		
OG0008764				tr|B1MN15|B1MN15_MYCA9		
OG0008765				tr|B1MN20|B1MN20_MYCA9		
OG0008766				tr|B1MN21|B1MN21_MYCA9		
OG0008767				tr|B1MN22|B1MN22_MYCA9		
OG0008768				tr|B1MN23|B1MN23_MYCA9		
OG0008769				tr|B1MN30|B1MN30_MYCA9		
OG0008770				tr|B1MN53|B1MN53_MYCA9		
OG0008771				tr|B1MN56|B1MN56_MYCA9		
OG0008772				tr|B1MN59|B1MN59_MYCA9		
OG0008773				tr|B1MN61|B1MN61_MYCA9		
OG0008774				tr|B1MN87|B1MN87_MYCA9		
OG0008775				tr|B1MNA6|B1MNA6_MYCA9		
OG0008776				tr|B1MNB1|B1MNB1_MYCA9		
OG0008777				tr|B1MNB2|B1MNB2_MYCA9		
OG0008778				tr|B1MNB5|B1MNB5_MYCA9		
OG0008779				tr|B1MNB6|B1MNB6_MYCA9		
OG0008780				tr|B1MNB7|B1MNB7_MYCA9		
OG0008781				tr|B1MNB8|B1MNB8_MYCA9		
OG0008782				tr|B1MNB9|B1MNB9_MYCA9		
OG0008783				tr|B1MNC0|B1MNC0_MYCA9		
OG0008784				tr|B1MNC1|B1MNC1_MYCA9		
OG0008785				tr|B1MNC2|B1MNC2_MYCA9		
OG0008786				tr|B1MNC3|B1MNC3_MYCA9		
OG0008787				tr|B1MNC4|B1MNC4_MYCA9		
OG0008788				tr|B1MNC5|B1MNC5_MYCA9		
OG0008789				tr|B1MNC6|B1MNC6_MYCA9		
OG0008790				tr|B1MNC7|B1MNC7_MYCA9		
OG0008791				tr|B1MNC8|B1MNC8_MYCA9		
OG0008792				tr|B1MNC9|B1MNC9_MYCA9		
OG0008793				tr|B1MND0|B1MND0_MYCA9		
OG0008794				tr|B1MND1|B1MND1_MYCA9		
OG0008795				tr|B1MND2|B1MND2_MYCA9		
OG0008796				tr|B1MND3|B1MND3_MYCA9		
OG0008797				tr|B1MND4|B1MND4_MYCA9		
OG0008798				tr|B1MND5|B1MND5_MYCA9		
OG0008799				tr|B1MND6|B1MND6_MYCA9		
OG0008800				tr|B1MND7|B1MND7_MYCA9		
OG0008801				tr|B1MND8|B1MND8_MYCA9		
OG0008802				tr|B1MND9|B1MND9_MYCA9		
OG0008803				tr|B1MNE1|B1MNE1_MYCA9		
OG0008804				tr|B1MNE2|B1MNE2_MYCA9		
OG0008805				tr|B1MNE3|B1MNE3_MYCA9		
OG0008806				tr|B1MNE4|B1MNE4_MYCA9		
OG0008807				tr|B1MNE8|B1MNE8_MYCA9		
OG0008808				tr|B1MNE9|B1MNE9_MYCA9		
OG0008809				tr|B1MNF0|B1MNF0_MYCA9		
OG0008810				tr|B1MNF1|B1MNF1_MYCA9		
OG0008811				tr|B1MNF2|B1MNF2_MYCA9		
OG0008812				tr|B1MNF3|B1MNF3_MYCA9		
OG0008813				tr|B1MNF4|B1MNF4_MYCA9		
OG0008814				tr|B1MNF5|B1MNF5_MYCA9		
OG0008815				tr|B1MNF6|B1MNF6_MYCA9		
OG0008816				tr|B1MNF8|B1MNF8_MYCA9		
OG0008817				tr|B1MNF9|B1MNF9_MYCA9		
OG0008818				tr|B1MNG0|B1MNG0_MYCA9		
OG0008819				tr|B1MNG1|B1MNG1_MYCA9		
OG0008820				tr|B1MNG2|B1MNG2_MYCA9		
OG0008821				tr|B1MNG3|B1MNG3_MYCA9		
OG0008822				tr|B1MNG4|B1MNG4_MYCA9		
OG0008823				tr|B1MNG5|B1MNG5_MYCA9		
OG0008824				tr|B1MNG6|B1MNG6_MYCA9		
OG0008825				tr|B1MNG7|B1MNG7_MYCA9		
OG0008826				tr|B1MNG8|B1MNG8_MYCA9		
OG0008827				tr|B1MNG9|B1MNG9_MYCA9		
OG0008828				tr|B1MNH0|B1MNH0_MYCA9		
OG0008829				tr|B1MNH1|B1MNH1_MYCA9		
OG0008830				tr|B1MNH2|B1MNH2_MYCA9		
OG0008831				tr|B1MNH3|B1MNH3_MYCA9		
OG0008832				tr|B1MNH4|B1MNH4_MYCA9		
OG0008833				tr|B1MNH5|B1MNH5_MYCA9		
OG0008834				tr|B1MNH6|B1MNH6_MYCA9		
OG0008835				tr|B1MNH7|B1MNH7_MYCA9		
OG0008836				tr|B1MNH8|B1MNH8_MYCA9		
OG0008837				tr|B1MNI0|B1MNI0_MYCA9		
OG0008838				tr|B1MNI1|B1MNI1_MYCA9		
OG0008839				tr|B1MNI2|B1MNI2_MYCA9		
OG0008840				tr|B1MNI3|B1MNI3_MYCA9		
OG0008841				tr|B1MNI5|B1MNI5_MYCA9		
OG0008842				tr|B1MNI7|B1MNI7_MYCA9		
OG0008843				tr|B1MNI9|B1MNI9_MYCA9		
OG0008844				tr|B1MNJ0|B1MNJ0_MYCA9		
OG0008845				tr|B1MNJ1|B1MNJ1_MYCA9		
OG0008846				tr|B1MNJ2|B1MNJ2_MYCA9		
OG0008847				tr|B1MNJ4|B1MNJ4_MYCA9		
OG0008848				tr|B1MNJ5|B1MNJ5_MYCA9		
OG0008849				tr|B1MNJ6|B1MNJ6_MYCA9		
OG0008850				tr|B1MNJ7|B1MNJ7_MYCA9		
OG0008851				tr|B1MNJ8|B1MNJ8_MYCA9		
OG0008852				tr|B1MNK0|B1MNK0_MYCA9		
OG0008853				tr|B1MNK1|B1MNK1_MYCA9		
OG0008854				tr|B1MNK2|B1MNK2_MYCA9		
OG0008855				tr|B1MNK4|B1MNK4_MYCA9		
OG0008856				tr|B1MNK5|B1MNK5_MYCA9		
OG0008857				tr|B1MNK6|B1MNK6_MYCA9		
OG0008858				tr|B1MNK7|B1MNK7_MYCA9		
OG0008859				tr|B1MNK8|B1MNK8_MYCA9		
OG0008860				tr|B1MNL3|B1MNL3_MYCA9		
OG0008861				tr|B1MNL4|B1MNL4_MYCA9		
OG0008862				tr|B1MNL5|B1MNL5_MYCA9		
OG0008863				tr|B1MNL6|B1MNL6_MYCA9		
OG0008864				tr|B1MNL9|B1MNL9_MYCA9		
OG0008865				tr|B1MNM0|B1MNM0_MYCA9		
OG0008866				tr|B1MNM6|B1MNM6_MYCA9		
OG0008867				tr|B1MNM7|B1MNM7_MYCA9		
OG0008868				tr|B1MNN0|B1MNN0_MYCA9		
OG0008869				tr|B1MNN9|B1MNN9_MYCA9		
OG0008870				tr|B1MNR4|B1MNR4_MYCA9		
OG0008871				tr|B1MNR5|B1MNR5_MYCA9		
OG0008872				tr|B1MNV5|B1MNV5_MYCA9		
OG0008873				tr|B1MNW1|B1MNW1_MYCA9		
OG0008874				tr|B1MP46|B1MP46_MYCA9		
OG0008875				tr|B1MP58|B1MP58_MYCA9		
OG0008876				tr|B1MP60|B1MP60_MYCA9		
OG0008877				tr|B1MP62|B1MP62_MYCA9		
OG0008878				tr|B1MP69|B1MP69_MYCA9		
OG0008879				tr|B1MPA4|B1MPA4_MYCA9		
OG0008880				tr|B1MPB2|B1MPB2_MYCA9		
OG0008881				tr|B1MPB3|B1MPB3_MYCA9		
OG0008882				tr|B1MPB9|B1MPB9_MYCA9		
OG0008883				tr|B1MPC0|B1MPC0_MYCA9		
OG0008884				tr|B1MPC2|B1MPC2_MYCA9		
OG0008885				tr|B1MPC3|B1MPC3_MYCA9		
OG0008886				tr|B1MPC4|B1MPC4_MYCA9		
OG0008887				tr|B1MPC5|B1MPC5_MYCA9		
OG0008888				tr|B1MPC7|B1MPC7_MYCA9		
OG0008889				tr|B1MPC8|B1MPC8_MYCA9		
OG0008890				tr|B1MPD0|B1MPD0_MYCA9		
OG0008891				tr|B1MPD1|B1MPD1_MYCA9		
OG0008892				tr|B1MPE2|B1MPE2_MYCA9		
OG0008893				tr|B1MPE3|B1MPE3_MYCA9		
OG0008894				tr|B1MPF5|B1MPF5_MYCA9		
OG0008895				tr|C6ELU0|C6ELU0_MYCA9		
OG0008896					sp|A0QPN1|TOPOM_MYCS2	
OG0008897					sp|A0QPN2|TOPON_MYCS2	
OG0008898					sp|A0QRY6|VAPC_MYCS2	
OG0008899					sp|A0QTU8|MIMA_MYCS2	
OG0008900					sp|A0QUP1|DNLI_MYCS2	
OG0008901					sp|I7FA35|MIMC_MYCS2	
OG0008902					sp|A0QNH4|SAEA_MYCS2	
OG0008903					sp|A0QNI7|ESPG1_MYCS2	
OG0008904					sp|A0QNJ5|ESXB_MYCS2	
OG0008905					sp|A0QNJ6|ESXA_MYCS2	
OG0008906					tr|A0QR77|A0QR77_MYCS2	
OG0008907					tr|A0QRF1|A0QRF1_MYCS2	
OG0008908					sp|A0QRY5|VAPB_MYCS2	
OG0008909					sp|A0QSB6|MFTA_MYCS2	
OG0008910					sp|A0R1Y1|VGB_MYCS2	
OG0008911					sp|A0R2N2|R1152_MYCS2	
OG0008912					sp|A0R316|Y5308_MYCS2	
OG0008913					tr|A0R6M2|A0R6M2_MYCS2	
OG0008914					sp|A0QNH5|SAEB_MYCS2	
OG0008915					sp|A0QNH6|SAEC_MYCS2	
OG0008916					sp|A0QNJ3|PE35_MYCS2	
OG0008917					tr|A0QPS9|A0QPS9_MYCS2	
OG0008918					tr|A0QQ13|A0QQ13_MYCS2	
OG0008919					tr|A0QQM4|A0QQM4_MYCS2	
OG0008920					tr|A0QRF0|A0QRF0_MYCS2	
OG0008921					sp|A0QRF3|URED_MYCS2	
OG0008922					sp|A0QRX9|PHD_MYCS2	
OG0008923					tr|A0QSQ5|A0QSQ5_MYCS2	
OG0008924					sp|A0QTV0|MIMD_MYCS2	
OG0008925					sp|A0QTV4|MIMG_MYCS2	
OG0008926					tr|A0QUA0|A0QUA0_MYCS2	
OG0008927					sp|A0QUB2|SECBL_MYCS2	
OG0008928					tr|A0QUI8|A0QUI8_MYCS2	
OG0008929					tr|A0QV73|A0QV73_MYCS2	
OG0008930					tr|A0QVD1|A0QVD1_MYCS2	
OG0008931					tr|A0QX89|A0QX89_MYCS2	
OG0008932					tr|A0QXI0|A0QXI0_MYCS2	
OG0008933					tr|A0QXQ7|A0QXQ7_MYCS2	
OG0008934					tr|A0QXV2|A0QXV2_MYCS2	
OG0008935					tr|A0QY23|A0QY23_MYCS2	
OG0008936					tr|A0QYI3|A0QYI3_MYCS2	
OG0008937					tr|A0QYU3|A0QYU3_MYCS2	
OG0008938					tr|A0QZI3|A0QZI3_MYCS2	
OG0008939					tr|A0QZJ3|A0QZJ3_MYCS2	
OG0008940					tr|A0R0D5|A0R0D5_MYCS2	
OG0008941					tr|A0R0M3|A0R0M3_MYCS2	
OG0008942					tr|A0R0Z8|A0R0Z8_MYCS2	
OG0008943					tr|A0R123|A0R123_MYCS2	
OG0008944					tr|A0R1B0|A0R1B0_MYCS2	
OG0008945					tr|A0R1U9|A0R1U9_MYCS2	
OG0008946					tr|A0R294|A0R294_MYCS2	
OG0008947					tr|A0R2Q4|A0R2Q4_MYCS2	
OG0008948					tr|A0R3A0|A0R3A0_MYCS2	
OG0008949					tr|A0R458|A0R458_MYCS2	
OG0008950					tr|A0R4A6|A0R4A6_MYCS2	
OG0008951					tr|A0R4S3|A0R4S3_MYCS2	
OG0008952					tr|A0R4V1|A0R4V1_MYCS2	
OG0008953					tr|A0R504|A0R504_MYCS2	
OG0008954					sp|A0R6J8|NB1_MYCS2	
OG0008955					tr|A0R6V3|A0R6V3_MYCS2	
OG0008956					tr|A0R775|A0R775_MYCS2	
OG0008957					tr|A0QNE3|A0QNE3_MYCS2	
OG0008958					tr|A0QNE9|A0QNE9_MYCS2	
OG0008959					tr|A0QNG8|A0QNG8_MYCS2	
OG0008960					tr|A0QNG9|A0QNG9_MYCS2	
OG0008961					tr|A0QNH0|A0QNH0_MYCS2	
OG0008962					tr|A0QNH1|A0QNH1_MYCS2	
OG0008963					tr|A0QNH7|A0QNH7_MYCS2	
OG0008964					tr|A0QNI1|A0QNI1_MYCS2	
OG0008965					tr|A0QNJ9|A0QNJ9_MYCS2	
OG0008966					tr|A0QNK4|A0QNK4_MYCS2	
OG0008967					tr|A0QNK9|A0QNK9_MYCS2	
OG0008968					tr|A0QNP0|A0QNP0_MYCS2	
OG0008969					tr|A0QNP4|A0QNP4_MYCS2	
OG0008970					tr|A0QNQ1|A0QNQ1_MYCS2	
OG0008971					tr|A0QNS1|A0QNS1_MYCS2	
OG0008972					tr|A0QNU7|A0QNU7_MYCS2	
OG0008973					tr|A0QNV1|A0QNV1_MYCS2	
OG0008974					tr|A0QNV2|A0QNV2_MYCS2	
OG0008975					tr|A0QNW1|A0QNW1_MYCS2	
OG0008976					tr|A0QNW8|A0QNW8_MYCS2	
OG0008977					tr|A0QP05|A0QP05_MYCS2	
OG0008978					tr|A0QP08|A0QP08_MYCS2	
OG0008979					tr|A0QP14|A0QP14_MYCS2	
OG0008980					tr|A0QP35|A0QP35_MYCS2	
OG0008981					tr|A0QP38|A0QP38_MYCS2	
OG0008982					tr|A0QP39|A0QP39_MYCS2	
OG0008983					tr|A0QP41|A0QP41_MYCS2	
OG0008984					tr|A0QP50|A0QP50_MYCS2	
OG0008985					tr|A0QP51|A0QP51_MYCS2	
OG0008986					tr|A0QP54|A0QP54_MYCS2	
OG0008987					tr|A0QP56|A0QP56_MYCS2	
OG0008988					tr|A0QP60|A0QP60_MYCS2	
OG0008989					tr|A0QP68|A0QP68_MYCS2	
OG0008990					tr|A0QP98|A0QP98_MYCS2	
OG0008991					tr|A0QPA4|A0QPA4_MYCS2	
OG0008992					tr|A0QPB7|A0QPB7_MYCS2	
OG0008993					tr|A0QPC9|A0QPC9_MYCS2	
OG0008994					tr|A0QPD0|A0QPD0_MYCS2	
OG0008995					tr|A0QPD7|A0QPD7_MYCS2	
OG0008996					tr|A0QPD9|A0QPD9_MYCS2	
OG0008997					tr|A0QPF4|A0QPF4_MYCS2	
OG0008998					tr|A0QPH0|A0QPH0_MYCS2	
OG0008999					tr|A0QPJ6|A0QPJ6_MYCS2	
OG0009000					tr|A0QPJ8|A0QPJ8_MYCS2	
OG0009001					tr|A0QPK4|A0QPK4_MYCS2	
OG0009002					tr|A0QPL5|A0QPL5_MYCS2	
OG0009003					tr|A0QPM4|A0QPM4_MYCS2	
OG0009004					tr|A0QPM5|A0QPM5_MYCS2	
OG0009005					tr|A0QPM6|A0QPM6_MYCS2	
OG0009006					tr|A0QPP1|A0QPP1_MYCS2	
OG0009007					tr|A0QPP5|A0QPP5_MYCS2	
OG0009008					tr|A0QPQ3|A0QPQ3_MYCS2	
OG0009009					tr|A0QPQ4|A0QPQ4_MYCS2	
OG0009010					tr|A0QPQ7|A0QPQ7_MYCS2	
OG0009011					tr|A0QPR0|A0QPR0_MYCS2	
OG0009012					tr|A0QPS2|A0QPS2_MYCS2	
OG0009013					tr|A0QPS7|A0QPS7_MYCS2	
OG0009014					tr|A0QPT9|A0QPT9_MYCS2	
OG0009015					tr|A0QPU5|A0QPU5_MYCS2	
OG0009016					tr|A0QPU8|A0QPU8_MYCS2	
OG0009017					tr|A0QPV3|A0QPV3_MYCS2	
OG0009018					tr|A0QPW4|A0QPW4_MYCS2	
OG0009019					tr|A0QPW8|A0QPW8_MYCS2	
OG0009020					tr|A0QPY0|A0QPY0_MYCS2	
OG0009021					tr|A0QPZ0|A0QPZ0_MYCS2	
OG0009022					tr|A0QPZ1|A0QPZ1_MYCS2	
OG0009023					tr|A0QPZ3|A0QPZ3_MYCS2	
OG0009024					tr|A0QPZ5|A0QPZ5_MYCS2	
OG0009025					tr|A0QQ06|A0QQ06_MYCS2	
OG0009026					tr|A0QQ07|A0QQ07_MYCS2	
OG0009027					tr|A0QQ09|A0QQ09_MYCS2	
OG0009028					tr|A0QQ11|A0QQ11_MYCS2	
OG0009029					tr|A0QQ12|A0QQ12_MYCS2	
OG0009030					tr|A0QQ20|A0QQ20_MYCS2	
OG0009031					tr|A0QQ25|A0QQ25_MYCS2	
OG0009032					tr|A0QQ54|A0QQ54_MYCS2	
OG0009033					tr|A0QQ66|A0QQ66_MYCS2	
OG0009034					tr|A0QQ69|A0QQ69_MYCS2	
OG0009035					tr|A0QQ74|A0QQ74_MYCS2	
OG0009036					tr|A0QQ80|A0QQ80_MYCS2	
OG0009037					tr|A0QQ89|A0QQ89_MYCS2	
OG0009038					tr|A0QQ91|A0QQ91_MYCS2	
OG0009039					tr|A0QQ94|A0QQ94_MYCS2	
OG0009040					tr|A0QQA3|A0QQA3_MYCS2	
OG0009041					tr|A0QQA9|A0QQA9_MYCS2	
OG0009042					tr|A0QQB5|A0QQB5_MYCS2	
OG0009043					tr|A0QQB6|A0QQB6_MYCS2	
OG0009044					tr|A0QQB9|A0QQB9_MYCS2	
OG0009045					tr|A0QQC0|A0QQC0_MYCS2	
OG0009046					tr|A0QQC2|A0QQC2_MYCS2	
OG0009047					tr|A0QQD6|A0QQD6_MYCS2	
OG0009048					tr|A0QQE4|A0QQE4_MYCS2	
OG0009049					tr|A0QQE5|A0QQE5_MYCS2	
OG0009050					tr|A0QQE9|A0QQE9_MYCS2	
OG0009051					tr|A0QQG0|A0QQG0_MYCS2	
OG0009052					tr|A0QQI8|A0QQI8_MYCS2	
OG0009053					tr|A0QQJ0|A0QQJ0_MYCS2	
OG0009054					tr|A0QQJ2|A0QQJ2_MYCS2	
OG0009055					tr|A0QQL4|A0QQL4_MYCS2	
OG0009056					tr|A0QQL5|A0QQL5_MYCS2	
OG0009057					tr|A0QQL6|A0QQL6_MYCS2	
OG0009058					tr|A0QQM0|A0QQM0_MYCS2	
OG0009059					tr|A0QQM5|A0QQM5_MYCS2	
OG0009060					tr|A0QQM9|A0QQM9_MYCS2	
OG0009061					tr|A0QQN7|A0QQN7_MYCS2	
OG0009062					tr|A0QQQ3|A0QQQ3_MYCS2	
OG0009063					tr|A0QQQ7|A0QQQ7_MYCS2	
OG0009064					tr|A0QQR7|A0QQR7_MYCS2	
OG0009065					tr|A0QQR8|A0QQR8_MYCS2	
OG0009066					tr|A0QQT3|A0QQT3_MYCS2	
OG0009067					tr|A0QQT4|A0QQT4_MYCS2	
OG0009068					tr|A0QQU4|A0QQU4_MYCS2	
OG0009069					tr|A0QQU7|A0QQU7_MYCS2	
OG0009070					tr|A0QQV9|A0QQV9_MYCS2	
OG0009071					tr|A0QQW2|A0QQW2_MYCS2	
OG0009072					tr|A0QQW9|A0QQW9_MYCS2	
OG0009073					tr|A0QQX2|A0QQX2_MYCS2	
OG0009074					tr|A0QQX3|A0QQX3_MYCS2	
OG0009075					tr|A0QQX5|A0QQX5_MYCS2	
OG0009076					tr|A0QQZ6|A0QQZ6_MYCS2	
OG0009077					tr|A0QR10|A0QR10_MYCS2	
OG0009078					tr|A0QR15|A0QR15_MYCS2	
OG0009079					tr|A0QR21|A0QR21_MYCS2	
OG0009080					tr|A0QR25|A0QR25_MYCS2	
OG0009081					tr|A0QR27|A0QR27_MYCS2	
OG0009082					tr|A0QR28|A0QR28_MYCS2	
OG0009083					tr|A0QR50|A0QR50_MYCS2	
OG0009084					tr|A0QR51|A0QR51_MYCS2	
OG0009085					tr|A0QR60|A0QR60_MYCS2	
OG0009086					tr|A0QR61|A0QR61_MYCS2	
OG0009087					tr|A0QR63|A0QR63_MYCS2	
OG0009088					tr|A0QR64|A0QR64_MYCS2	
OG0009089					tr|A0QR83|A0QR83_MYCS2	
OG0009090					tr|A0QR85|A0QR85_MYCS2	
OG0009091					tr|A0QR92|A0QR92_MYCS2	
OG0009092					tr|A0QR93|A0QR93_MYCS2	
OG0009093					tr|A0QRA3|A0QRA3_MYCS2	
OG0009094					tr|A0QRB2|A0QRB2_MYCS2	
OG0009095					tr|A0QRB8|A0QRB8_MYCS2	
OG0009096					tr|A0QRD7|A0QRD7_MYCS2	
OG0009097					tr|A0QRD8|A0QRD8_MYCS2	
OG0009098					tr|A0QRD9|A0QRD9_MYCS2	
OG0009099					tr|A0QRE0|A0QRE0_MYCS2	
OG0009100					tr|A0QRE1|A0QRE1_MYCS2	
OG0009101					tr|A0QRE6|A0QRE6_MYCS2	
OG0009102					tr|A0QRE9|A0QRE9_MYCS2	
OG0009103					tr|A0QRF6|A0QRF6_MYCS2	
OG0009104					tr|A0QRF8|A0QRF8_MYCS2	
OG0009105					tr|A0QRG1|A0QRG1_MYCS2	
OG0009106					tr|A0QRH8|A0QRH8_MYCS2	
OG0009107					tr|A0QRI1|A0QRI1_MYCS2	
OG0009108					tr|A0QRI2|A0QRI2_MYCS2	
OG0009109					tr|A0QRI4|A0QRI4_MYCS2	
OG0009110					tr|A0QRI6|A0QRI6_MYCS2	
OG0009111					tr|A0QRL2|A0QRL2_MYCS2	
OG0009112					tr|A0QRL5|A0QRL5_MYCS2	
OG0009113					tr|A0QRL9|A0QRL9_MYCS2	
OG0009114					tr|A0QRM4|A0QRM4_MYCS2	
OG0009115					tr|A0QRP3|A0QRP3_MYCS2	
OG0009116					tr|A0QRP5|A0QRP5_MYCS2	
OG0009117					tr|A0QRP7|A0QRP7_MYCS2	
OG0009118					tr|A0QRP8|A0QRP8_MYCS2	
OG0009119					tr|A0QRQ2|A0QRQ2_MYCS2	
OG0009120					tr|A0QRQ3|A0QRQ3_MYCS2	
OG0009121					tr|A0QRQ5|A0QRQ5_MYCS2	
OG0009122					tr|A0QRQ6|A0QRQ6_MYCS2	
OG0009123					tr|A0QRR0|A0QRR0_MYCS2	
OG0009124					tr|A0QRR2|A0QRR2_MYCS2	
OG0009125					tr|A0QRR3|A0QRR3_MYCS2	
OG0009126					tr|A0QRR6|A0QRR6_MYCS2	
OG0009127					tr|A0QRS0|A0QRS0_MYCS2	
OG0009128					tr|A0QRS4|A0QRS4_MYCS2	
OG0009129					tr|A0QRS8|A0QRS8_MYCS2	
OG0009130					tr|A0QRS9|A0QRS9_MYCS2	
OG0009131					tr|A0QRT4|A0QRT4_MYCS2	
OG0009132					tr|A0QRU0|A0QRU0_MYCS2	
OG0009133					tr|A0QRU3|A0QRU3_MYCS2	
OG0009134					tr|A0QRU4|A0QRU4_MYCS2	
OG0009135					tr|A0QRU6|A0QRU6_MYCS2	
OG0009136					tr|A0QRU7|A0QRU7_MYCS2	
OG0009137					tr|A0QRV0|A0QRV0_MYCS2	
OG0009138					tr|A0QRV1|A0QRV1_MYCS2	
OG0009139					tr|A0QRV6|A0QRV6_MYCS2	
OG0009140					tr|A0QRV9|A0QRV9_MYCS2	
OG0009141					tr|A0QRW3|A0QRW3_MYCS2	
OG0009142					tr|A0QRW4|A0QRW4_MYCS2	
OG0009143					tr|A0QRW5|A0QRW5_MYCS2	
OG0009144					tr|A0QRW7|A0QRW7_MYCS2	
OG0009145					tr|A0QRW8|A0QRW8_MYCS2	
OG0009146					tr|A0QRX2|A0QRX2_MYCS2	
OG0009147					tr|A0QRX3|A0QRX3_MYCS2	
OG0009148					tr|A0QRX7|A0QRX7_MYCS2	
OG0009149					sp|A0QRX8|Y1276_MYCS2	
OG0009150					sp|A0QRY1|Y1279_MYCS2	
OG0009151					tr|A0QRY2|A0QRY2_MYCS2	
OG0009152					tr|A0QRY4|A0QRY4_MYCS2	
OG0009153					tr|A0QRY9|A0QRY9_MYCS2	
OG0009154					tr|A0QS01|A0QS01_MYCS2	
OG0009155					tr|A0QS02|A0QS02_MYCS2	
OG0009156					tr|A0QS04|A0QS04_MYCS2	
OG0009157					tr|A0QS11|A0QS11_MYCS2	
OG0009158					tr|A0QS14|A0QS14_MYCS2	
OG0009159					tr|A0QS15|A0QS15_MYCS2	
OG0009160					tr|A0QS17|A0QS17_MYCS2	
OG0009161					tr|A0QS26|A0QS26_MYCS2	
OG0009162					tr|A0QS27|A0QS27_MYCS2	
OG0009163					tr|A0QS32|A0QS32_MYCS2	
OG0009164					tr|A0QS34|A0QS34_MYCS2	
OG0009165					tr|A0QS60|A0QS60_MYCS2	
OG0009166					tr|A0QS69|A0QS69_MYCS2	
OG0009167					tr|A0QS74|A0QS74_MYCS2	
OG0009168					tr|A0QS82|A0QS82_MYCS2	
OG0009169					tr|A0QS84|A0QS84_MYCS2	
OG0009170					tr|A0QS99|A0QS99_MYCS2	
OG0009171					tr|A0QSB4|A0QSB4_MYCS2	
OG0009172					tr|A0QSC4|A0QSC4_MYCS2	
OG0009173					tr|A0QSE4|A0QSE4_MYCS2	
OG0009174					tr|A0QSE7|A0QSE7_MYCS2	
OG0009175					tr|A0QSE8|A0QSE8_MYCS2	
OG0009176					tr|A0QSE9|A0QSE9_MYCS2	
OG0009177					tr|A0QSF2|A0QSF2_MYCS2	
OG0009178					tr|A0QSI9|A0QSI9_MYCS2	
OG0009179					tr|A0QSN2|A0QSN2_MYCS2	
OG0009180					tr|A0QSN5|A0QSN5_MYCS2	
OG0009181					tr|A0QSP4|A0QSP4_MYCS2	
OG0009182					tr|A0QSQ0|A0QSQ0_MYCS2	
OG0009183					tr|A0QSR1|A0QSR1_MYCS2	
OG0009184					tr|A0QSS5|A0QSS5_MYCS2	
OG0009185					tr|A0QSS6|A0QSS6_MYCS2	
OG0009186					tr|A0QST0|A0QST0_MYCS2	
OG0009187					tr|A0QST1|A0QST1_MYCS2	
OG0009188					tr|A0QST5|A0QST5_MYCS2	
OG0009189					tr|A0QSV8|A0QSV8_MYCS2	
OG0009190					tr|A0QSW7|A0QSW7_MYCS2	
OG0009191					tr|A0QSW8|A0QSW8_MYCS2	
OG0009192					tr|A0QSX2|A0QSX2_MYCS2	
OG0009193					tr|A0QSX7|A0QSX7_MYCS2	
OG0009194					tr|A0QSX8|A0QSX8_MYCS2	
OG0009195					tr|A0QSX9|A0QSX9_MYCS2	
OG0009196					tr|A0QSY2|A0QSY2_MYCS2	
OG0009197					tr|A0QSY3|A0QSY3_MYCS2	
OG0009198					tr|A0QSZ2|A0QSZ2_MYCS2	
OG0009199					tr|A0QT03|A0QT03_MYCS2	
OG0009200					tr|A0QT12|A0QT12_MYCS2	
OG0009201					tr|A0QT23|A0QT23_MYCS2	
OG0009202					tr|A0QT25|A0QT25_MYCS2	
OG0009203					tr|A0QT31|A0QT31_MYCS2	
OG0009204					tr|A0QT36|A0QT36_MYCS2	
OG0009205					tr|A0QT42|A0QT42_MYCS2	
OG0009206					tr|A0QT58|A0QT58_MYCS2	
OG0009207					tr|A0QT59|A0QT59_MYCS2	
OG0009208					tr|A0QT60|A0QT60_MYCS2	
OG0009209					tr|A0QT78|A0QT78_MYCS2	
OG0009210					tr|A0QT83|A0QT83_MYCS2	
OG0009211					tr|A0QT86|A0QT86_MYCS2	
OG0009212					tr|A0QT88|A0QT88_MYCS2	
OG0009213					tr|A0QT92|A0QT92_MYCS2	
OG0009214					tr|A0QT93|A0QT93_MYCS2	
OG0009215					tr|A0QT94|A0QT94_MYCS2	
OG0009216					tr|A0QTA1|A0QTA1_MYCS2	
OG0009217					tr|A0QTA8|A0QTA8_MYCS2	
OG0009218					tr|A0QTA9|A0QTA9_MYCS2	
OG0009219					tr|A0QTB2|A0QTB2_MYCS2	
OG0009220					tr|A0QTB3|A0QTB3_MYCS2	
OG0009221					tr|A0QTB5|A0QTB5_MYCS2	
OG0009222					tr|A0QTB7|A0QTB7_MYCS2	
OG0009223					tr|A0QTB8|A0QTB8_MYCS2	
OG0009224					tr|A0QTC3|A0QTC3_MYCS2	
OG0009225					tr|A0QTC4|A0QTC4_MYCS2	
OG0009226					tr|A0QTC6|A0QTC6_MYCS2	
OG0009227					tr|A0QTD1|A0QTD1_MYCS2	
OG0009228					tr|A0QTD5|A0QTD5_MYCS2	
OG0009229					tr|A0QTE4|A0QTE4_MYCS2	
OG0009230					tr|A0QTE8|A0QTE8_MYCS2	
OG0009231					tr|A0QTE9|A0QTE9_MYCS2	
OG0009232					tr|A0QTF1|A0QTF1_MYCS2	
OG0009233					tr|A0QTH7|A0QTH7_MYCS2	
OG0009234					tr|A0QTI3|A0QTI3_MYCS2	
OG0009235					tr|A0QTI5|A0QTI5_MYCS2	
OG0009236					tr|A0QTI8|A0QTI8_MYCS2	
OG0009237					tr|A0QTI9|A0QTI9_MYCS2	
OG0009238					tr|A0QTJ7|A0QTJ7_MYCS2	
OG0009239					tr|A0QTJ9|A0QTJ9_MYCS2	
OG0009240					tr|A0QTK0|A0QTK0_MYCS2	
OG0009241					tr|A0QTK7|A0QTK7_MYCS2	
OG0009242					tr|A0QTN0|A0QTN0_MYCS2	
OG0009243					tr|A0QTN1|A0QTN1_MYCS2	
OG0009244					tr|A0QTP4|A0QTP4_MYCS2	
OG0009245					tr|A0QTR0|A0QTR0_MYCS2	
OG0009246					tr|A0QTS6|A0QTS6_MYCS2	
OG0009247					tr|A0QTS7|A0QTS7_MYCS2	
OG0009248					tr|A0QTS8|A0QTS8_MYCS2	
OG0009249					tr|A0QTS9|A0QTS9_MYCS2	
OG0009250					tr|A0QTT3|A0QTT3_MYCS2	
OG0009251					tr|A0QTU0|A0QTU0_MYCS2	
OG0009252					tr|A0QTU3|A0QTU3_MYCS2	
OG0009253					tr|A0QTV1|A0QTV1_MYCS2	
OG0009254					tr|A0QTW4|A0QTW4_MYCS2	
OG0009255					tr|A0QTX5|A0QTX5_MYCS2	
OG0009256					tr|A0QTY1|A0QTY1_MYCS2	
OG0009257					tr|A0QTY4|A0QTY4_MYCS2	
OG0009258					tr|A0QTY6|A0QTY6_MYCS2	
OG0009259					tr|A0QTZ4|A0QTZ4_MYCS2	
OG0009260					tr|A0QTZ6|A0QTZ6_MYCS2	
OG0009261					tr|A0QU05|A0QU05_MYCS2	
OG0009262					tr|A0QU13|A0QU13_MYCS2	
OG0009263					tr|A0QU19|A0QU19_MYCS2	
OG0009264					tr|A0QU38|A0QU38_MYCS2	
OG0009265					tr|A0QU39|A0QU39_MYCS2	
OG0009266					tr|A0QU41|A0QU41_MYCS2	
OG0009267					tr|A0QU55|A0QU55_MYCS2	
OG0009268					tr|A0QU60|A0QU60_MYCS2	
OG0009269					tr|A0QU70|A0QU70_MYCS2	
OG0009270					tr|A0QU71|A0QU71_MYCS2	
OG0009271					tr|A0QU82|A0QU82_MYCS2	
OG0009272					tr|A0QU83|A0QU83_MYCS2	
OG0009273					tr|A0QU84|A0QU84_MYCS2	
OG0009274					tr|A0QU85|A0QU85_MYCS2	
OG0009275					tr|A0QU96|A0QU96_MYCS2	
OG0009276					tr|A0QU99|A0QU99_MYCS2	
OG0009277					tr|A0QUA3|A0QUA3_MYCS2	
OG0009278					tr|A0QUA8|A0QUA8_MYCS2	
OG0009279					tr|A0QUB0|A0QUB0_MYCS2	
OG0009280					tr|A0QUB1|A0QUB1_MYCS2	
OG0009281					tr|A0QUB3|A0QUB3_MYCS2	
OG0009282					tr|A0QUB4|A0QUB4_MYCS2	
OG0009283					tr|A0QUB5|A0QUB5_MYCS2	
OG0009284					tr|A0QUB7|A0QUB7_MYCS2	
OG0009285					tr|A0QUC4|A0QUC4_MYCS2	
OG0009286					tr|A0QUC6|A0QUC6_MYCS2	
OG0009287					tr|A0QUC7|A0QUC7_MYCS2	
OG0009288					tr|A0QUD0|A0QUD0_MYCS2	
OG0009289					tr|A0QUD4|A0QUD4_MYCS2	
OG0009290					tr|A0QUD5|A0QUD5_MYCS2	
OG0009291					tr|A0QUE1|A0QUE1_MYCS2	
OG0009292					tr|A0QUF9|A0QUF9_MYCS2	
OG0009293					tr|A0QUG2|A0QUG2_MYCS2	
OG0009294					tr|A0QUG4|A0QUG4_MYCS2	
OG0009295					tr|A0QUG5|A0QUG5_MYCS2	
OG0009296					tr|A0QUI5|A0QUI5_MYCS2	
OG0009297					tr|A0QUI6|A0QUI6_MYCS2	
OG0009298					tr|A0QUI7|A0QUI7_MYCS2	
OG0009299					tr|A0QUJ0|A0QUJ0_MYCS2	
OG0009300					tr|A0QUJ6|A0QUJ6_MYCS2	
OG0009301					tr|A0QUL4|A0QUL4_MYCS2	
OG0009302					tr|A0QUL7|A0QUL7_MYCS2	
OG0009303					tr|A0QUM5|A0QUM5_MYCS2	
OG0009304					tr|A0QUM8|A0QUM8_MYCS2	
OG0009305					tr|A0QUM9|A0QUM9_MYCS2	
OG0009306					tr|A0QUN0|A0QUN0_MYCS2	
OG0009307					tr|A0QUN1|A0QUN1_MYCS2	
OG0009308					tr|A0QUN3|A0QUN3_MYCS2	
OG0009309					tr|A0QUN4|A0QUN4_MYCS2	
OG0009310					tr|A0QUN8|A0QUN8_MYCS2	
OG0009311					tr|A0QUN9|A0QUN9_MYCS2	
OG0009312					tr|A0QUP0|A0QUP0_MYCS2	
OG0009313					tr|A0QUY0|A0QUY0_MYCS2	
OG0009314					tr|A0QUZ9|A0QUZ9_MYCS2	
OG0009315					tr|A0QV02|A0QV02_MYCS2	
OG0009316					tr|A0QV22|A0QV22_MYCS2	
OG0009317					tr|A0QV50|A0QV50_MYCS2	
OG0009318					tr|A0QV54|A0QV54_MYCS2	
OG0009319					tr|A0QV59|A0QV59_MYCS2	
OG0009320					tr|A0QV69|A0QV69_MYCS2	
OG0009321					tr|A0QV70|A0QV70_MYCS2	
OG0009322					tr|A0QV71|A0QV71_MYCS2	
OG0009323					tr|A0QV79|A0QV79_MYCS2	
OG0009324					tr|A0QV80|A0QV80_MYCS2	
OG0009325					tr|A0QV81|A0QV81_MYCS2	
OG0009326					tr|A0QV82|A0QV82_MYCS2	
OG0009327					tr|A0QV83|A0QV83_MYCS2	
OG0009328					tr|A0QV85|A0QV85_MYCS2	
OG0009329					tr|A0QVA0|A0QVA0_MYCS2	
OG0009330					tr|A0QVA1|A0QVA1_MYCS2	
OG0009331					tr|A0QVB3|A0QVB3_MYCS2	
OG0009332					tr|A0QVC1|A0QVC1_MYCS2	
OG0009333					tr|A0QVC2|A0QVC2_MYCS2	
OG0009334					tr|A0QVC6|A0QVC6_MYCS2	
OG0009335					tr|A0QVC9|A0QVC9_MYCS2	
OG0009336					tr|A0QVD2|A0QVD2_MYCS2	
OG0009337					tr|A0QVF0|A0QVF0_MYCS2	
OG0009338					tr|A0QVF4|A0QVF4_MYCS2	
OG0009339					tr|A0QVG1|A0QVG1_MYCS2	
OG0009340					tr|A0QVG3|A0QVG3_MYCS2	
OG0009341					tr|A0QVG8|A0QVG8_MYCS2	
OG0009342					tr|A0QVH1|A0QVH1_MYCS2	
OG0009343					tr|A0QVH2|A0QVH2_MYCS2	
OG0009344					tr|A0QVH6|A0QVH6_MYCS2	
OG0009345					tr|A0QVI1|A0QVI1_MYCS2	
OG0009346					tr|A0QVK6|A0QVK6_MYCS2	
OG0009347					tr|A0QVK7|A0QVK7_MYCS2	
OG0009348					tr|A0QVK8|A0QVK8_MYCS2	
OG0009349					tr|A0QVM2|A0QVM2_MYCS2	
OG0009350					tr|A0QVM5|A0QVM5_MYCS2	
OG0009351					tr|A0QVM6|A0QVM6_MYCS2	
OG0009352					tr|A0QVS5|A0QVS5_MYCS2	
OG0009353					tr|A0QVS9|A0QVS9_MYCS2	
OG0009354					tr|A0QVT7|A0QVT7_MYCS2	
OG0009355					tr|A0QVU8|A0QVU8_MYCS2	
OG0009356					tr|A0QVV3|A0QVV3_MYCS2	
OG0009357					tr|A0QVV4|A0QVV4_MYCS2	
OG0009358					tr|A0QVV5|A0QVV5_MYCS2	
OG0009359					tr|A0QVV6|A0QVV6_MYCS2	
OG0009360					tr|A0QVV8|A0QVV8_MYCS2	
OG0009361					tr|A0QVW0|A0QVW0_MYCS2	
OG0009362					tr|A0QVW1|A0QVW1_MYCS2	
OG0009363					tr|A0QVW2|A0QVW2_MYCS2	
OG0009364					tr|A0QVW3|A0QVW3_MYCS2	
OG0009365					tr|A0QVW5|A0QVW5_MYCS2	
OG0009366					tr|A0QVY6|A0QVY6_MYCS2	
OG0009367					tr|A0QVZ4|A0QVZ4_MYCS2	
OG0009368					tr|A0QW01|A0QW01_MYCS2	
OG0009369					tr|A0QW26|A0QW26_MYCS2	
OG0009370					tr|A0QW42|A0QW42_MYCS2	
OG0009371					tr|A0QW44|A0QW44_MYCS2	
OG0009372					tr|A0QW45|A0QW45_MYCS2	
OG0009373					tr|A0QW46|A0QW46_MYCS2	
OG0009374					tr|A0QW48|A0QW48_MYCS2	
OG0009375					tr|A0QW57|A0QW57_MYCS2	
OG0009376					tr|A0QW62|A0QW62_MYCS2	
OG0009377					tr|A0QW67|A0QW67_MYCS2	
OG0009378					tr|A0QW68|A0QW68_MYCS2	
OG0009379					tr|A0QW70|A0QW70_MYCS2	
OG0009380					tr|A0QW72|A0QW72_MYCS2	
OG0009381					tr|A0QW75|A0QW75_MYCS2	
OG0009382					tr|A0QW84|A0QW84_MYCS2	
OG0009383					tr|A0QWA6|A0QWA6_MYCS2	
OG0009384					tr|A0QWA9|A0QWA9_MYCS2	
OG0009385					tr|A0QWB7|A0QWB7_MYCS2	
OG0009386					tr|A0QWB8|A0QWB8_MYCS2	
OG0009387					tr|A0QWB9|A0QWB9_MYCS2	
OG0009388					tr|A0QWC9|A0QWC9_MYCS2	
OG0009389					tr|A0QWE8|A0QWE8_MYCS2	
OG0009390					tr|A0QWF9|A0QWF9_MYCS2	
OG0009391					tr|A0QWG1|A0QWG1_MYCS2	
OG0009392					tr|A0QWH9|A0QWH9_MYCS2	
OG0009393					tr|A0QWI8|A0QWI8_MYCS2	
OG0009394					tr|A0QWI9|A0QWI9_MYCS2	
OG0009395					tr|A0QWK8|A0QWK8_MYCS2	
OG0009396					tr|A0QWM7|A0QWM7_MYCS2	
OG0009397					tr|A0QWR6|A0QWR6_MYCS2	
OG0009398					tr|A0QWS7|A0QWS7_MYCS2	
OG0009399					tr|A0QWT0|A0QWT0_MYCS2	
OG0009400					tr|A0QWU0|A0QWU0_MYCS2	
OG0009401					tr|A0QWU6|A0QWU6_MYCS2	
OG0009402					tr|A0QWV5|A0QWV5_MYCS2	
OG0009403					tr|A0QWW0|A0QWW0_MYCS2	
OG0009404					tr|A0QWX2|A0QWX2_MYCS2	
OG0009405					tr|A0QWX5|A0QWX5_MYCS2	
OG0009406					tr|A0QWY1|A0QWY1_MYCS2	
OG0009407					tr|A0QX05|A0QX05_MYCS2	
OG0009408					tr|A0QX11|A0QX11_MYCS2	
OG0009409					tr|A0QX12|A0QX12_MYCS2	
OG0009410					tr|A0QX13|A0QX13_MYCS2	
OG0009411					tr|A0QX38|A0QX38_MYCS2	
OG0009412					tr|A0QX41|A0QX41_MYCS2	
OG0009413					tr|A0QX45|A0QX45_MYCS2	
OG0009414					tr|A0QX49|A0QX49_MYCS2	
OG0009415					tr|A0QX56|A0QX56_MYCS2	
OG0009416					tr|A0QX58|A0QX58_MYCS2	
OG0009417					tr|A0QX59|A0QX59_MYCS2	
OG0009418					tr|A0QX78|A0QX78_MYCS2	
OG0009419					tr|A0QX90|A0QX90_MYCS2	
OG0009420					tr|A0QXC7|A0QXC7_MYCS2	
OG0009421					tr|A0QXC9|A0QXC9_MYCS2	
OG0009422					tr|A0QXD1|A0QXD1_MYCS2	
OG0009423					tr|A0QXD2|A0QXD2_MYCS2	
OG0009424					tr|A0QXE7|A0QXE7_MYCS2	
OG0009425					tr|A0QXF5|A0QXF5_MYCS2	
OG0009426					tr|A0QXF7|A0QXF7_MYCS2	
OG0009427					tr|A0QXF8|A0QXF8_MYCS2	
OG0009428					tr|A0QXG4|A0QXG4_MYCS2	
OG0009429					tr|A0QXG6|A0QXG6_MYCS2	
OG0009430					tr|A0QXG7|A0QXG7_MYCS2	
OG0009431					tr|A0QXG8|A0QXG8_MYCS2	
OG0009432					tr|A0QXH6|A0QXH6_MYCS2	
OG0009433					tr|A0QXH7|A0QXH7_MYCS2	
OG0009434					tr|A0QXI1|A0QXI1_MYCS2	
OG0009435					tr|A0QXI2|A0QXI2_MYCS2	
OG0009436					tr|A0QXI6|A0QXI6_MYCS2	
OG0009437					tr|A0QXJ2|A0QXJ2_MYCS2	
OG0009438					tr|A0QXJ4|A0QXJ4_MYCS2	
OG0009439					tr|A0QXJ8|A0QXJ8_MYCS2	
OG0009440					tr|A0QXK0|A0QXK0_MYCS2	
OG0009441					tr|A0QXK1|A0QXK1_MYCS2	
OG0009442					tr|A0QXK3|A0QXK3_MYCS2	
OG0009443					tr|A0QXK6|A0QXK6_MYCS2	
OG0009444					tr|A0QXK8|A0QXK8_MYCS2	
OG0009445					tr|A0QXK9|A0QXK9_MYCS2	
OG0009446					tr|A0QXL1|A0QXL1_MYCS2	
OG0009447					tr|A0QXL5|A0QXL5_MYCS2	
OG0009448					tr|A0QXL7|A0QXL7_MYCS2	
OG0009449					tr|A0QXL8|A0QXL8_MYCS2	
OG0009450					tr|A0QXM2|A0QXM2_MYCS2	
OG0009451					tr|A0QXM4|A0QXM4_MYCS2	
OG0009452					tr|A0QXM6|A0QXM6_MYCS2	
OG0009453					tr|A0QXN0|A0QXN0_MYCS2	
OG0009454					tr|A0QXN7|A0QXN7_MYCS2	
OG0009455					tr|A0QXN9|A0QXN9_MYCS2	
OG0009456					tr|A0QXP5|A0QXP5_MYCS2	
OG0009457					tr|A0QXQ1|A0QXQ1_MYCS2	
OG0009458					tr|A0QXQ3|A0QXQ3_MYCS2	
OG0009459					tr|A0QXR3|A0QXR3_MYCS2	
OG0009460					tr|A0QXR4|A0QXR4_MYCS2	
OG0009461					tr|A0QXR7|A0QXR7_MYCS2	
OG0009462					tr|A0QXS1|A0QXS1_MYCS2	
OG0009463					tr|A0QXS4|A0QXS4_MYCS2	
OG0009464					tr|A0QXT0|A0QXT0_MYCS2	
OG0009465					tr|A0QXU4|A0QXU4_MYCS2	
OG0009466					tr|A0QXV1|A0QXV1_MYCS2	
OG0009467					tr|A0QXV4|A0QXV4_MYCS2	
OG0009468					tr|A0QXV9|A0QXV9_MYCS2	
OG0009469					tr|A0QXW1|A0QXW1_MYCS2	
OG0009470					tr|A0QXW2|A0QXW2_MYCS2	
OG0009471					tr|A0QXW5|A0QXW5_MYCS2	
OG0009472					tr|A0QXW9|A0QXW9_MYCS2	
OG0009473					tr|A0QXX0|A0QXX0_MYCS2	
OG0009474					tr|A0QXX2|A0QXX2_MYCS2	
OG0009475					tr|A0QXY2|A0QXY2_MYCS2	
OG0009476					tr|A0QXY4|A0QXY4_MYCS2	
OG0009477					tr|A0QXY7|A0QXY7_MYCS2	
OG0009478					tr|A0QXY8|A0QXY8_MYCS2	
OG0009479					tr|A0QXZ8|A0QXZ8_MYCS2	
OG0009480					tr|A0QY00|A0QY00_MYCS2	
OG0009481					tr|A0QY08|A0QY08_MYCS2	
OG0009482					tr|A0QY14|A0QY14_MYCS2	
OG0009483					tr|A0QY17|A0QY17_MYCS2	
OG0009484					tr|A0QY18|A0QY18_MYCS2	
OG0009485					tr|A0QY30|A0QY30_MYCS2	
OG0009486					tr|A0QY33|A0QY33_MYCS2	
OG0009487					tr|A0QY39|A0QY39_MYCS2	
OG0009488					tr|A0QY45|A0QY45_MYCS2	
OG0009489					tr|A0QY52|A0QY52_MYCS2	
OG0009490					tr|A0QY54|A0QY54_MYCS2	
OG0009491					tr|A0QY55|A0QY55_MYCS2	
OG0009492					tr|A0QY74|A0QY74_MYCS2	
OG0009493					tr|A0QY75|A0QY75_MYCS2	
OG0009494					tr|A0QY80|A0QY80_MYCS2	
OG0009495					tr|A0QY81|A0QY81_MYCS2	
OG0009496					tr|A0QY89|A0QY89_MYCS2	
OG0009497					tr|A0QY91|A0QY91_MYCS2	
OG0009498					tr|A0QY92|A0QY92_MYCS2	
OG0009499					tr|A0QYA3|A0QYA3_MYCS2	
OG0009500					tr|A0QYA7|A0QYA7_MYCS2	
OG0009501					tr|A0QYB0|A0QYB0_MYCS2	
OG0009502					tr|A0QYB1|A0QYB1_MYCS2	
OG0009503					tr|A0QYB2|A0QYB2_MYCS2	
OG0009504					tr|A0QYB4|A0QYB4_MYCS2	
OG0009505					tr|A0QYC4|A0QYC4_MYCS2	
OG0009506					tr|A0QYF4|A0QYF4_MYCS2	
OG0009507					tr|A0QYF8|A0QYF8_MYCS2	
OG0009508					tr|A0QYG7|A0QYG7_MYCS2	
OG0009509					tr|A0QYI4|A0QYI4_MYCS2	
OG0009510					tr|A0QYI9|A0QYI9_MYCS2	
OG0009511					tr|A0QYJ3|A0QYJ3_MYCS2	
OG0009512					tr|A0QYJ4|A0QYJ4_MYCS2	
OG0009513					tr|A0QYJ6|A0QYJ6_MYCS2	
OG0009514					tr|A0QYK0|A0QYK0_MYCS2	
OG0009515					tr|A0QYK3|A0QYK3_MYCS2	
OG0009516					tr|A0QYK9|A0QYK9_MYCS2	
OG0009517					tr|A0QYL3|A0QYL3_MYCS2	
OG0009518					tr|A0QYL4|A0QYL4_MYCS2	
OG0009519					tr|A0QYL5|A0QYL5_MYCS2	
OG0009520					tr|A0QYL6|A0QYL6_MYCS2	
OG0009521					tr|A0QYL7|A0QYL7_MYCS2	
OG0009522					tr|A0QYM0|A0QYM0_MYCS2	
OG0009523					tr|A0QYM4|A0QYM4_MYCS2	
OG0009524					tr|A0QYM5|A0QYM5_MYCS2	
OG0009525					tr|A0QYM6|A0QYM6_MYCS2	
OG0009526					tr|A0QYM9|A0QYM9_MYCS2	
OG0009527					tr|A0QYN1|A0QYN1_MYCS2	
OG0009528					tr|A0QYN2|A0QYN2_MYCS2	
OG0009529					tr|A0QYN4|A0QYN4_MYCS2	
OG0009530					tr|A0QYN7|A0QYN7_MYCS2	
OG0009531					tr|A0QYN9|A0QYN9_MYCS2	
OG0009532					tr|A0QYP0|A0QYP0_MYCS2	
OG0009533					tr|A0QYP2|A0QYP2_MYCS2	
OG0009534					tr|A0QYP4|A0QYP4_MYCS2	
OG0009535					tr|A0QYP7|A0QYP7_MYCS2	
OG0009536					tr|A0QYU9|A0QYU9_MYCS2	
OG0009537					tr|A0QYW0|A0QYW0_MYCS2	
OG0009538					tr|A0QYW7|A0QYW7_MYCS2	
OG0009539					tr|A0QYW8|A0QYW8_MYCS2	
OG0009540					tr|A0QYX4|A0QYX4_MYCS2	
OG0009541					tr|A0QYX7|A0QYX7_MYCS2	
OG0009542					tr|A0QYX9|A0QYX9_MYCS2	
OG0009543					tr|A0QYY0|A0QYY0_MYCS2	
OG0009544					tr|A0QYY5|A0QYY5_MYCS2	
OG0009545					tr|A0QYY8|A0QYY8_MYCS2	
OG0009546					tr|A0QYY9|A0QYY9_MYCS2	
OG0009547					tr|A0QZ02|A0QZ02_MYCS2	
OG0009548					tr|A0QZ08|A0QZ08_MYCS2	
OG0009549					tr|A0QZ18|A0QZ18_MYCS2	
OG0009550					tr|A0QZ19|A0QZ19_MYCS2	
OG0009551					tr|A0QZ44|A0QZ44_MYCS2	
OG0009552					tr|A0QZ45|A0QZ45_MYCS2	
OG0009553					tr|A0QZ57|A0QZ57_MYCS2	
OG0009554					tr|A0QZ67|A0QZ67_MYCS2	
OG0009555					tr|A0QZ68|A0QZ68_MYCS2	
OG0009556					tr|A0QZ69|A0QZ69_MYCS2	
OG0009557					tr|A0QZ79|A0QZ79_MYCS2	
OG0009558					tr|A0QZ80|A0QZ80_MYCS2	
OG0009559					tr|A0QZ81|A0QZ81_MYCS2	
OG0009560					tr|A0QZ82|A0QZ82_MYCS2	
OG0009561					tr|A0QZ89|A0QZ89_MYCS2	
OG0009562					tr|A0QZA0|A0QZA0_MYCS2	
OG0009563					tr|A0QZA5|A0QZA5_MYCS2	
OG0009564					tr|A0QZA9|A0QZA9_MYCS2	
OG0009565					tr|A0QZB4|A0QZB4_MYCS2	
OG0009566					tr|A0QZB9|A0QZB9_MYCS2	
OG0009567					tr|A0QZC0|A0QZC0_MYCS2	
OG0009568					tr|A0QZC1|A0QZC1_MYCS2	
OG0009569					tr|A0QZF1|A0QZF1_MYCS2	
OG0009570					tr|A0QZF7|A0QZF7_MYCS2	
OG0009571					tr|A0QZF8|A0QZF8_MYCS2	
OG0009572					tr|A0QZG3|A0QZG3_MYCS2	
OG0009573					tr|A0QZG4|A0QZG4_MYCS2	
OG0009574					tr|A0QZG9|A0QZG9_MYCS2	
OG0009575					tr|A0QZH4|A0QZH4_MYCS2	
OG0009576					tr|A0QZH9|A0QZH9_MYCS2	
OG0009577					tr|A0QZI5|A0QZI5_MYCS2	
OG0009578					tr|A0QZJ8|A0QZJ8_MYCS2	
OG0009579					tr|A0QZJ9|A0QZJ9_MYCS2	
OG0009580					tr|A0QZK0|A0QZK0_MYCS2	
OG0009581					tr|A0QZK2|A0QZK2_MYCS2	
OG0009582					tr|A0QZK3|A0QZK3_MYCS2	
OG0009583					tr|A0QZL4|A0QZL4_MYCS2	
OG0009584					tr|A0QZL6|A0QZL6_MYCS2	
OG0009585					tr|A0QZM2|A0QZM2_MYCS2	
OG0009586					tr|A0QZN0|A0QZN0_MYCS2	
OG0009587					tr|A0QZN8|A0QZN8_MYCS2	
OG0009588					tr|A0QZN9|A0QZN9_MYCS2	
OG0009589					tr|A0QZP6|A0QZP6_MYCS2	
OG0009590					tr|A0QZP7|A0QZP7_MYCS2	
OG0009591					tr|A0QZQ7|A0QZQ7_MYCS2	
OG0009592					tr|A0QZR7|A0QZR7_MYCS2	
OG0009593					tr|A0QZR8|A0QZR8_MYCS2	
OG0009594					tr|A0QZR9|A0QZR9_MYCS2	
OG0009595					tr|A0QZS4|A0QZS4_MYCS2	
OG0009596					tr|A0QZT0|A0QZT0_MYCS2	
OG0009597					tr|A0QZU8|A0QZU8_MYCS2	
OG0009598					tr|A0QZU9|A0QZU9_MYCS2	
OG0009599					tr|A0QZV0|A0QZV0_MYCS2	
OG0009600					tr|A0QZV2|A0QZV2_MYCS2	
OG0009601					tr|A0QZV3|A0QZV3_MYCS2	
OG0009602					tr|A0QZV4|A0QZV4_MYCS2	
OG0009603					tr|A0QZX5|A0QZX5_MYCS2	
OG0009604					tr|A0QZZ7|A0QZZ7_MYCS2	
OG0009605					tr|A0QZZ8|A0QZZ8_MYCS2	
OG0009606					tr|A0R011|A0R011_MYCS2	
OG0009607					tr|A0R013|A0R013_MYCS2	
OG0009608					tr|A0R055|A0R055_MYCS2	
OG0009609					tr|A0R0A1|A0R0A1_MYCS2	
OG0009610					tr|A0R0A2|A0R0A2_MYCS2	
OG0009611					tr|A0R0A3|A0R0A3_MYCS2	
OG0009612					tr|A0R0C6|A0R0C6_MYCS2	
OG0009613					tr|A0R0C9|A0R0C9_MYCS2	
OG0009614					tr|A0R0D1|A0R0D1_MYCS2	
OG0009615					tr|A0R0D2|A0R0D2_MYCS2	
OG0009616					tr|A0R0D3|A0R0D3_MYCS2	
OG0009617					tr|A0R0D4|A0R0D4_MYCS2	
OG0009618					tr|A0R0E6|A0R0E6_MYCS2	
OG0009619					tr|A0R0E7|A0R0E7_MYCS2	
OG0009620					tr|A0R0F1|A0R0F1_MYCS2	
OG0009621					tr|A0R0F5|A0R0F5_MYCS2	
OG0009622					tr|A0R0F6|A0R0F6_MYCS2	
OG0009623					tr|A0R0G9|A0R0G9_MYCS2	
OG0009624					tr|A0R0H8|A0R0H8_MYCS2	
OG0009625					tr|A0R0I0|A0R0I0_MYCS2	
OG0009626					tr|A0R0I1|A0R0I1_MYCS2	
OG0009627					tr|A0R0J6|A0R0J6_MYCS2	
OG0009628					tr|A0R0J7|A0R0J7_MYCS2	
OG0009629					tr|A0R0K1|A0R0K1_MYCS2	
OG0009630					tr|A0R0K3|A0R0K3_MYCS2	
OG0009631					tr|A0R0L0|A0R0L0_MYCS2	
OG0009632					tr|A0R0L5|A0R0L5_MYCS2	
OG0009633					tr|A0R0L6|A0R0L6_MYCS2	
OG0009634					tr|A0R0L9|A0R0L9_MYCS2	
OG0009635					tr|A0R0M5|A0R0M5_MYCS2	
OG0009636					tr|A0R0M9|A0R0M9_MYCS2	
OG0009637					tr|A0R0N1|A0R0N1_MYCS2	
OG0009638					tr|A0R0N2|A0R0N2_MYCS2	
OG0009639					tr|A0R0P1|A0R0P1_MYCS2	
OG0009640					tr|A0R0R0|A0R0R0_MYCS2	
OG0009641					tr|A0R0R1|A0R0R1_MYCS2	
OG0009642					tr|A0R0R4|A0R0R4_MYCS2	
OG0009643					tr|A0R0R5|A0R0R5_MYCS2	
OG0009644					tr|A0R0T2|A0R0T2_MYCS2	
OG0009645					tr|A0R0T3|A0R0T3_MYCS2	
OG0009646					tr|A0R0T6|A0R0T6_MYCS2	
OG0009647					tr|A0R0U0|A0R0U0_MYCS2	
OG0009648					tr|A0R0W0|A0R0W0_MYCS2	
OG0009649					tr|A0R0Y1|A0R0Y1_MYCS2	
OG0009650					tr|A0R0Y7|A0R0Y7_MYCS2	
OG0009651					tr|A0R117|A0R117_MYCS2	
OG0009652					tr|A0R119|A0R119_MYCS2	
OG0009653					tr|A0R122|A0R122_MYCS2	
OG0009654					tr|A0R124|A0R124_MYCS2	
OG0009655					tr|A0R126|A0R126_MYCS2	
OG0009656					tr|A0R131|A0R131_MYCS2	
OG0009657					tr|A0R132|A0R132_MYCS2	
OG0009658					tr|A0R136|A0R136_MYCS2	
OG0009659					tr|A0R139|A0R139_MYCS2	
OG0009660					tr|A0R141|A0R141_MYCS2	
OG0009661					tr|A0R147|A0R147_MYCS2	
OG0009662					tr|A0R159|A0R159_MYCS2	
OG0009663					tr|A0R161|A0R161_MYCS2	
OG0009664					tr|A0R164|A0R164_MYCS2	
OG0009665					tr|A0R167|A0R167_MYCS2	
OG0009666					tr|A0R174|A0R174_MYCS2	
OG0009667					tr|A0R176|A0R176_MYCS2	
OG0009668					tr|A0R178|A0R178_MYCS2	
OG0009669					tr|A0R182|A0R182_MYCS2	
OG0009670					tr|A0R186|A0R186_MYCS2	
OG0009671					tr|A0R187|A0R187_MYCS2	
OG0009672					tr|A0R1A1|A0R1A1_MYCS2	
OG0009673					tr|A0R1A8|A0R1A8_MYCS2	
OG0009674					tr|A0R1E7|A0R1E7_MYCS2	
OG0009675					tr|A0R1F3|A0R1F3_MYCS2	
OG0009676					tr|A0R1F6|A0R1F6_MYCS2	
OG0009677					tr|A0R1F9|A0R1F9_MYCS2	
OG0009678					tr|A0R1G3|A0R1G3_MYCS2	
OG0009679					tr|A0R1G7|A0R1G7_MYCS2	
OG0009680					tr|A0R1G8|A0R1G8_MYCS2	
OG0009681					tr|A0R1G9|A0R1G9_MYCS2	
OG0009682					tr|A0R1H0|A0R1H0_MYCS2	
OG0009683					tr|A0R1H1|A0R1H1_MYCS2	
OG0009684					tr|A0R1H8|A0R1H8_MYCS2	
OG0009685					tr|A0R1H9|A0R1H9_MYCS2	
OG0009686					tr|A0R1I7|A0R1I7_MYCS2	
OG0009687					tr|A0R1I8|A0R1I8_MYCS2	
OG0009688					tr|A0R1J4|A0R1J4_MYCS2	
OG0009689					tr|A0R1L5|A0R1L5_MYCS2	
OG0009690					tr|A0R1M3|A0R1M3_MYCS2	
OG0009691					tr|A0R1M4|A0R1M4_MYCS2	
OG0009692					tr|A0R1M9|A0R1M9_MYCS2	
OG0009693					tr|A0R1N0|A0R1N0_MYCS2	
OG0009694					tr|A0R1N3|A0R1N3_MYCS2	
OG0009695					tr|A0R1P2|A0R1P2_MYCS2	
OG0009696					tr|A0R1P3|A0R1P3_MYCS2	
OG0009697					tr|A0R1Q6|A0R1Q6_MYCS2	
OG0009698					tr|A0R1R1|A0R1R1_MYCS2	
OG0009699					tr|A0R1R2|A0R1R2_MYCS2	
OG0009700					tr|A0R1R6|A0R1R6_MYCS2	
OG0009701					tr|A0R1R9|A0R1R9_MYCS2	
OG0009702					tr|A0R1S0|A0R1S0_MYCS2	
OG0009703					tr|A0R1T0|A0R1T0_MYCS2	
OG0009704					tr|A0R1T8|A0R1T8_MYCS2	
OG0009705					tr|A0R1T9|A0R1T9_MYCS2	
OG0009706					tr|A0R1U2|A0R1U2_MYCS2	
OG0009707					tr|A0R1U4|A0R1U4_MYCS2	
OG0009708					tr|A0R1U8|A0R1U8_MYCS2	
OG0009709					tr|A0R1V2|A0R1V2_MYCS2	
OG0009710					tr|A0R1V6|A0R1V6_MYCS2	
OG0009711					tr|A0R1W0|A0R1W0_MYCS2	
OG0009712					tr|A0R1W3|A0R1W3_MYCS2	
OG0009713					tr|A0R228|A0R228_MYCS2	
OG0009714					tr|A0R233|A0R233_MYCS2	
OG0009715					tr|A0R254|A0R254_MYCS2	
OG0009716					tr|A0R257|A0R257_MYCS2	
OG0009717					tr|A0R274|A0R274_MYCS2	
OG0009718					tr|A0R278|A0R278_MYCS2	
OG0009719					tr|A0R290|A0R290_MYCS2	
OG0009720					tr|A0R2F4|A0R2F4_MYCS2	
OG0009721					tr|A0R2G0|A0R2G0_MYCS2	
OG0009722					tr|A0R2G1|A0R2G1_MYCS2	
OG0009723					tr|A0R2G6|A0R2G6_MYCS2	
OG0009724					tr|A0R2G8|A0R2G8_MYCS2	
OG0009725					tr|A0R2H3|A0R2H3_MYCS2	
OG0009726					tr|A0R2H5|A0R2H5_MYCS2	
OG0009727					tr|A0R2I9|A0R2I9_MYCS2	
OG0009728					tr|A0R2J1|A0R2J1_MYCS2	
OG0009729					tr|A0R2J3|A0R2J3_MYCS2	
OG0009730					tr|A0R2K9|A0R2K9_MYCS2	
OG0009731					tr|A0R2L0|A0R2L0_MYCS2	
OG0009732					tr|A0R2L1|A0R2L1_MYCS2	
OG0009733					tr|A0R2L2|A0R2L2_MYCS2	
OG0009734					tr|A0R2L5|A0R2L5_MYCS2	
OG0009735					tr|A0R2L8|A0R2L8_MYCS2	
OG0009736					tr|A0R2N8|A0R2N8_MYCS2	
OG0009737					tr|A0R2Q3|A0R2Q3_MYCS2	
OG0009738					tr|A0R2Q9|A0R2Q9_MYCS2	
OG0009739					tr|A0R2R2|A0R2R2_MYCS2	
OG0009740					tr|A0R2R9|A0R2R9_MYCS2	
OG0009741					tr|A0R2S4|A0R2S4_MYCS2	
OG0009742					tr|A0R2S5|A0R2S5_MYCS2	
OG0009743					tr|A0R2S7|A0R2S7_MYCS2	
OG0009744					tr|A0R2T8|A0R2T8_MYCS2	
OG0009745					tr|A0R2T9|A0R2T9_MYCS2	
OG0009746					tr|A0R2U0|A0R2U0_MYCS2	
OG0009747					tr|A0R2W0|A0R2W0_MYCS2	
OG0009748					tr|A0R2W2|A0R2W2_MYCS2	
OG0009749					tr|A0R2X7|A0R2X7_MYCS2	
OG0009750					tr|A0R2Z7|A0R2Z7_MYCS2	
OG0009751					tr|A0R301|A0R301_MYCS2	
OG0009752					tr|A0R302|A0R302_MYCS2	
OG0009753					tr|A0R304|A0R304_MYCS2	
OG0009754					tr|A0R306|A0R306_MYCS2	
OG0009755					tr|A0R313|A0R313_MYCS2	
OG0009756					tr|A0R315|A0R315_MYCS2	
OG0009757					tr|A0R319|A0R319_MYCS2	
OG0009758					tr|A0R321|A0R321_MYCS2	
OG0009759					tr|A0R324|A0R324_MYCS2	
OG0009760					tr|A0R328|A0R328_MYCS2	
OG0009761					tr|A0R333|A0R333_MYCS2	
OG0009762					tr|A0R334|A0R334_MYCS2	
OG0009763					tr|A0R335|A0R335_MYCS2	
OG0009764					tr|A0R341|A0R341_MYCS2	
OG0009765					tr|A0R345|A0R345_MYCS2	
OG0009766					tr|A0R350|A0R350_MYCS2	
OG0009767					tr|A0R357|A0R357_MYCS2	
OG0009768					tr|A0R361|A0R361_MYCS2	
OG0009769					tr|A0R362|A0R362_MYCS2	
OG0009770					tr|A0R363|A0R363_MYCS2	
OG0009771					tr|A0R367|A0R367_MYCS2	
OG0009772					tr|A0R368|A0R368_MYCS2	
OG0009773					tr|A0R385|A0R385_MYCS2	
OG0009774					tr|A0R387|A0R387_MYCS2	
OG0009775					tr|A0R392|A0R392_MYCS2	
OG0009776					tr|A0R393|A0R393_MYCS2	
OG0009777					tr|A0R394|A0R394_MYCS2	
OG0009778					tr|A0R3A4|A0R3A4_MYCS2	
OG0009779					tr|A0R3A5|A0R3A5_MYCS2	
OG0009780					tr|A0R3A9|A0R3A9_MYCS2	
OG0009781					tr|A0R3B2|A0R3B2_MYCS2	
OG0009782					tr|A0R3B4|A0R3B4_MYCS2	
OG0009783					tr|A0R3C0|A0R3C0_MYCS2	
OG0009784					tr|A0R3D4|A0R3D4_MYCS2	
OG0009785					tr|A0R3D5|A0R3D5_MYCS2	
OG0009786					tr|A0R3F4|A0R3F4_MYCS2	
OG0009787					tr|A0R3F5|A0R3F5_MYCS2	
OG0009788					tr|A0R3G0|A0R3G0_MYCS2	
OG0009789					tr|A0R3G2|A0R3G2_MYCS2	
OG0009790					tr|A0R3I1|A0R3I1_MYCS2	
OG0009791					tr|A0R3I4|A0R3I4_MYCS2	
OG0009792					tr|A0R3J7|A0R3J7_MYCS2	
OG0009793					tr|A0R3K0|A0R3K0_MYCS2	
OG0009794					tr|A0R3K6|A0R3K6_MYCS2	
OG0009795					tr|A0R3K7|A0R3K7_MYCS2	
OG0009796					tr|A0R3K9|A0R3K9_MYCS2	
OG0009797					tr|A0R3L0|A0R3L0_MYCS2	
OG0009798					tr|A0R3L7|A0R3L7_MYCS2	
OG0009799					tr|A0R3M1|A0R3M1_MYCS2	
OG0009800					tr|A0R3M6|A0R3M6_MYCS2	
OG0009801					tr|A0R3M7|A0R3M7_MYCS2	
OG0009802					tr|A0R3M8|A0R3M8_MYCS2	
OG0009803					tr|A0R3M9|A0R3M9_MYCS2	
OG0009804					tr|A0R3N2|A0R3N2_MYCS2	
OG0009805					tr|A0R3N4|A0R3N4_MYCS2	
OG0009806					tr|A0R3P0|A0R3P0_MYCS2	
OG0009807					tr|A0R3P2|A0R3P2_MYCS2	
OG0009808					tr|A0R3Q1|A0R3Q1_MYCS2	
OG0009809					tr|A0R3Q4|A0R3Q4_MYCS2	
OG0009810					tr|A0R3R2|A0R3R2_MYCS2	
OG0009811					tr|A0R3S9|A0R3S9_MYCS2	
OG0009812					tr|A0R3T3|A0R3T3_MYCS2	
OG0009813					tr|A0R3T7|A0R3T7_MYCS2	
OG0009814					tr|A0R3U0|A0R3U0_MYCS2	
OG0009815					tr|A0R3V3|A0R3V3_MYCS2	
OG0009816					tr|A0R3V4|A0R3V4_MYCS2	
OG0009817					tr|A0R3W7|A0R3W7_MYCS2	
OG0009818					tr|A0R3W8|A0R3W8_MYCS2	
OG0009819					tr|A0R3X3|A0R3X3_MYCS2	
OG0009820					tr|A0R3X4|A0R3X4_MYCS2	
OG0009821					tr|A0R3X5|A0R3X5_MYCS2	
OG0009822					tr|A0R3Z2|A0R3Z2_MYCS2	
OG0009823					tr|A0R3Z3|A0R3Z3_MYCS2	
OG0009824					tr|A0R3Z6|A0R3Z6_MYCS2	
OG0009825					tr|A0R3Z7|A0R3Z7_MYCS2	
OG0009826					tr|A0R403|A0R403_MYCS2	
OG0009827					tr|A0R410|A0R410_MYCS2	
OG0009828					tr|A0R411|A0R411_MYCS2	
OG0009829					tr|A0R422|A0R422_MYCS2	
OG0009830					tr|A0R437|A0R437_MYCS2	
OG0009831					tr|A0R453|A0R453_MYCS2	
OG0009832					tr|A0R459|A0R459_MYCS2	
OG0009833					tr|A0R460|A0R460_MYCS2	
OG0009834					tr|A0R467|A0R467_MYCS2	
OG0009835					tr|A0R483|A0R483_MYCS2	
OG0009836					tr|A0R485|A0R485_MYCS2	
OG0009837					tr|A0R487|A0R487_MYCS2	
OG0009838					tr|A0R489|A0R489_MYCS2	
OG0009839					tr|A0R490|A0R490_MYCS2	
OG0009840					tr|A0R491|A0R491_MYCS2	
OG0009841					tr|A0R492|A0R492_MYCS2	
OG0009842					tr|A0R493|A0R493_MYCS2	
OG0009843					tr|A0R494|A0R494_MYCS2	
OG0009844					tr|A0R495|A0R495_MYCS2	
OG0009845					tr|A0R496|A0R496_MYCS2	
OG0009846					tr|A0R497|A0R497_MYCS2	
OG0009847					tr|A0R498|A0R498_MYCS2	
OG0009848					tr|A0R4A4|A0R4A4_MYCS2	
OG0009849					tr|A0R4A7|A0R4A7_MYCS2	
OG0009850					tr|A0R4B4|A0R4B4_MYCS2	
OG0009851					tr|A0R4C7|A0R4C7_MYCS2	
OG0009852					tr|A0R4D1|A0R4D1_MYCS2	
OG0009853					tr|A0R4E3|A0R4E3_MYCS2	
OG0009854					tr|A0R4E4|A0R4E4_MYCS2	
OG0009855					tr|A0R4E5|A0R4E5_MYCS2	
OG0009856					tr|A0R4E6|A0R4E6_MYCS2	
OG0009857					tr|A0R4F4|A0R4F4_MYCS2	
OG0009858					tr|A0R4G0|A0R4G0_MYCS2	
OG0009859					tr|A0R4G1|A0R4G1_MYCS2	
OG0009860					tr|A0R4I4|A0R4I4_MYCS2	
OG0009861					tr|A0R4I7|A0R4I7_MYCS2	
OG0009862					tr|A0R4K8|A0R4K8_MYCS2	
OG0009863					tr|A0R4L3|A0R4L3_MYCS2	
OG0009864					tr|A0R4L4|A0R4L4_MYCS2	
OG0009865					tr|A0R4M4|A0R4M4_MYCS2	
OG0009866					tr|A0R4P3|A0R4P3_MYCS2	
OG0009867					tr|A0R4P9|A0R4P9_MYCS2	
OG0009868					tr|A0R4Q4|A0R4Q4_MYCS2	
OG0009869					tr|A0R4Q7|A0R4Q7_MYCS2	
OG0009870					tr|A0R4R2|A0R4R2_MYCS2	
OG0009871					tr|A0R4R5|A0R4R5_MYCS2	
OG0009872					tr|A0R4R6|A0R4R6_MYCS2	
OG0009873					tr|A0R4R7|A0R4R7_MYCS2	
OG0009874					tr|A0R4S4|A0R4S4_MYCS2	
OG0009875					tr|A0R4T5|A0R4T5_MYCS2	
OG0009876					tr|A0R4T7|A0R4T7_MYCS2	
OG0009877					tr|A0R4U0|A0R4U0_MYCS2	
OG0009878					tr|A0R4U1|A0R4U1_MYCS2	
OG0009879					tr|A0R4U2|A0R4U2_MYCS2	
OG0009880					tr|A0R4U3|A0R4U3_MYCS2	
OG0009881					tr|A0R4U6|A0R4U6_MYCS2	
OG0009882					tr|A0R4U7|A0R4U7_MYCS2	
OG0009883					tr|A0R4U8|A0R4U8_MYCS2	
OG0009884					tr|A0R4V3|A0R4V3_MYCS2	
OG0009885					tr|A0R4V4|A0R4V4_MYCS2	
OG0009886					tr|A0R4V7|A0R4V7_MYCS2	
OG0009887					tr|A0R4V8|A0R4V8_MYCS2	
OG0009888					tr|A0R4V9|A0R4V9_MYCS2	
OG0009889					tr|A0R4W0|A0R4W0_MYCS2	
OG0009890					tr|A0R4W1|A0R4W1_MYCS2	
OG0009891					tr|A0R4W2|A0R4W2_MYCS2	
OG0009892					tr|A0R4W7|A0R4W7_MYCS2	
OG0009893					tr|A0R4W9|A0R4W9_MYCS2	
OG0009894					tr|A0R4X6|A0R4X6_MYCS2	
OG0009895					tr|A0R4Z3|A0R4Z3_MYCS2	
OG0009896					tr|A0R4Z4|A0R4Z4_MYCS2	
OG0009897					tr|A0R4Z7|A0R4Z7_MYCS2	
OG0009898					tr|A0R520|A0R520_MYCS2	
OG0009899					tr|A0R535|A0R535_MYCS2	
OG0009900					tr|A0R540|A0R540_MYCS2	
OG0009901					tr|A0R543|A0R543_MYCS2	
OG0009902					tr|A0R555|A0R555_MYCS2	
OG0009903					tr|A0R575|A0R575_MYCS2	
OG0009904					tr|A0R5A2|A0R5A2_MYCS2	
OG0009905					tr|A0R5B1|A0R5B1_MYCS2	
OG0009906					tr|A0R5B4|A0R5B4_MYCS2	
OG0009907					tr|A0R5D3|A0R5D3_MYCS2	
OG0009908					tr|A0R5E6|A0R5E6_MYCS2	
OG0009909					tr|A0R5F1|A0R5F1_MYCS2	
OG0009910					tr|A0R5F4|A0R5F4_MYCS2	
OG0009911					tr|A0R5G3|A0R5G3_MYCS2	
OG0009912					tr|A0R5H0|A0R5H0_MYCS2	
OG0009913					tr|A0R5I2|A0R5I2_MYCS2	
OG0009914					tr|A0R5I6|A0R5I6_MYCS2	
OG0009915					tr|A0R5I9|A0R5I9_MYCS2	
OG0009916					tr|A0R5J1|A0R5J1_MYCS2	
OG0009917					tr|A0R5J2|A0R5J2_MYCS2	
OG0009918					tr|A0R5K9|A0R5K9_MYCS2	
OG0009919					tr|A0R5L7|A0R5L7_MYCS2	
OG0009920					tr|A0R5N5|A0R5N5_MYCS2	
OG0009921					tr|A0R5P2|A0R5P2_MYCS2	
OG0009922					tr|A0R5P3|A0R5P3_MYCS2	
OG0009923					tr|A0R5P9|A0R5P9_MYCS2	
OG0009924					tr|A0R5Q1|A0R5Q1_MYCS2	
OG0009925					tr|A0R5Q4|A0R5Q4_MYCS2	
OG0009926					tr|A0R5Q5|A0R5Q5_MYCS2	
OG0009927					tr|A0R5R9|A0R5R9_MYCS2	
OG0009928					tr|A0R5S3|A0R5S3_MYCS2	
OG0009929					tr|A0R5T5|A0R5T5_MYCS2	
OG0009930					tr|A0R5T9|A0R5T9_MYCS2	
OG0009931					tr|A0R5U7|A0R5U7_MYCS2	
OG0009932					tr|A0R5U9|A0R5U9_MYCS2	
OG0009933					tr|A0R5V3|A0R5V3_MYCS2	
OG0009934					tr|A0R5W4|A0R5W4_MYCS2	
OG0009935					tr|A0R5X3|A0R5X3_MYCS2	
OG0009936					tr|A0R5X4|A0R5X4_MYCS2	
OG0009937					tr|A0R5X5|A0R5X5_MYCS2	
OG0009938					tr|A0R5X6|A0R5X6_MYCS2	
OG0009939					tr|A0R5Y4|A0R5Y4_MYCS2	
OG0009940					tr|A0R5Y6|A0R5Y6_MYCS2	
OG0009941					tr|A0R602|A0R602_MYCS2	
OG0009942					tr|A0R606|A0R606_MYCS2	
OG0009943					tr|A0R620|A0R620_MYCS2	
OG0009944					tr|A0R622|A0R622_MYCS2	
OG0009945					tr|A0R636|A0R636_MYCS2	
OG0009946					tr|A0R641|A0R641_MYCS2	
OG0009947					tr|A0R651|A0R651_MYCS2	
OG0009948					tr|A0R654|A0R654_MYCS2	
OG0009949					tr|A0R663|A0R663_MYCS2	
OG0009950					tr|A0R669|A0R669_MYCS2	
OG0009951					tr|A0R673|A0R673_MYCS2	
OG0009952					tr|A0R680|A0R680_MYCS2	
OG0009953					tr|A0R681|A0R681_MYCS2	
OG0009954					tr|A0R682|A0R682_MYCS2	
OG0009955					tr|A0R685|A0R685_MYCS2	
OG0009956					tr|A0R689|A0R689_MYCS2	
OG0009957					tr|A0R6A4|A0R6A4_MYCS2	
OG0009958					tr|A0R6A6|A0R6A6_MYCS2	
OG0009959					tr|A0R6A7|A0R6A7_MYCS2	
OG0009960					tr|A0R6B3|A0R6B3_MYCS2	
OG0009961					tr|A0R6B8|A0R6B8_MYCS2	
OG0009962					tr|A0R6B9|A0R6B9_MYCS2	
OG0009963					tr|A0R6C0|A0R6C0_MYCS2	
OG0009964					tr|A0R6C4|A0R6C4_MYCS2	
OG0009965					tr|A0R6E1|A0R6E1_MYCS2	
OG0009966					tr|A0R6E2|A0R6E2_MYCS2	
OG0009967					tr|A0R6F0|A0R6F0_MYCS2	
OG0009968					tr|A0R6F9|A0R6F9_MYCS2	
OG0009969					tr|A0R6G6|A0R6G6_MYCS2	
OG0009970					tr|A0R6G7|A0R6G7_MYCS2	
OG0009971					tr|A0R6G8|A0R6G8_MYCS2	
OG0009972					tr|A0R6H3|A0R6H3_MYCS2	
OG0009973					tr|A0R6H4|A0R6H4_MYCS2	
OG0009974					tr|A0R6H5|A0R6H5_MYCS2	
OG0009975					tr|A0R6I3|A0R6I3_MYCS2	
OG0009976					tr|A0R6J0|A0R6J0_MYCS2	
OG0009977					tr|A0R6K2|A0R6K2_MYCS2	
OG0009978					tr|A0R6K7|A0R6K7_MYCS2	
OG0009979					tr|A0R6N2|A0R6N2_MYCS2	
OG0009980					tr|A0R6N6|A0R6N6_MYCS2	
OG0009981					tr|A0R6N8|A0R6N8_MYCS2	
OG0009982					tr|A0R6P1|A0R6P1_MYCS2	
OG0009983					tr|A0R6P6|A0R6P6_MYCS2	
OG0009984					tr|A0R6Q6|A0R6Q6_MYCS2	
OG0009985					tr|A0R6Q8|A0R6Q8_MYCS2	
OG0009986					tr|A0R6R1|A0R6R1_MYCS2	
OG0009987					tr|A0R6S1|A0R6S1_MYCS2	
OG0009988					tr|A0R6S2|A0R6S2_MYCS2	
OG0009989					tr|A0R6S3|A0R6S3_MYCS2	
OG0009990					tr|A0R6S5|A0R6S5_MYCS2	
OG0009991					tr|A0R6S6|A0R6S6_MYCS2	
OG0009992					tr|A0R6T0|A0R6T0_MYCS2	
OG0009993					tr|A0R6T3|A0R6T3_MYCS2	
OG0009994					tr|A0R6T4|A0R6T4_MYCS2	
OG0009995					tr|A0R6T5|A0R6T5_MYCS2	
OG0009996					tr|A0R6T7|A0R6T7_MYCS2	
OG0009997					tr|A0R6T9|A0R6T9_MYCS2	
OG0009998					tr|A0R6U2|A0R6U2_MYCS2	
OG0009999					tr|A0R6U5|A0R6U5_MYCS2	
OG0010000					tr|A0R6V1|A0R6V1_MYCS2	
OG0010001					tr|A0R6W3|A0R6W3_MYCS2	
OG0010002					tr|A0R6X6|A0R6X6_MYCS2	
OG0010003					tr|A0R6X7|A0R6X7_MYCS2	
OG0010004					tr|A0R6Y4|A0R6Y4_MYCS2	
OG0010005					tr|A0R6Y6|A0R6Y6_MYCS2	
OG0010006					tr|A0R6Z1|A0R6Z1_MYCS2	
OG0010007					tr|A0R6Z4|A0R6Z4_MYCS2	
OG0010008					tr|A0R6Z5|A0R6Z5_MYCS2	
OG0010009					tr|A0R6Z6|A0R6Z6_MYCS2	
OG0010010					tr|A0R6Z8|A0R6Z8_MYCS2	
OG0010011					tr|A0R704|A0R704_MYCS2	
OG0010012					tr|A0R709|A0R709_MYCS2	
OG0010013					tr|A0R719|A0R719_MYCS2	
OG0010014					tr|A0R720|A0R720_MYCS2	
OG0010015					tr|A0R721|A0R721_MYCS2	
OG0010016					tr|A0R742|A0R742_MYCS2	
OG0010017					tr|A0R748|A0R748_MYCS2	
OG0010018					tr|A0R751|A0R751_MYCS2	
OG0010019					tr|A0R752|A0R752_MYCS2	
OG0010020					tr|A0R753|A0R753_MYCS2	
OG0010021					tr|A0R755|A0R755_MYCS2	
OG0010022					tr|A0R760|A0R760_MYCS2	
OG0010023					tr|A0R766|A0R766_MYCS2	
OG0010024					tr|A0R777|A0R777_MYCS2	
OG0010025					tr|A0R791|A0R791_MYCS2	
OG0010026					tr|A0R793|A0R793_MYCS2	
OG0010027					tr|A0R7A3|A0R7A3_MYCS2	
OG0010028					tr|A0R7A7|A0R7A7_MYCS2	
OG0010029					tr|A0R7B3|A0R7B3_MYCS2	
OG0010030					tr|A0R7B8|A0R7B8_MYCS2	
OG0010031					tr|A0R7D0|A0R7D0_MYCS2	
OG0010032					tr|A0R7D9|A0R7D9_MYCS2	
OG0010033					tr|A0R7E0|A0R7E0_MYCS2	
OG0010034					tr|A0R7E1|A0R7E1_MYCS2	
OG0010035					tr|A0R7E2|A0R7E2_MYCS2	
OG0010036					tr|A0R7E3|A0R7E3_MYCS2	
OG0010037					tr|A0R7E4|A0R7E4_MYCS2	
OG0010038					tr|A0R7E7|A0R7E7_MYCS2	
OG0010039					tr|A0R7F3|A0R7F3_MYCS2	
OG0010040					tr|A0R7F5|A0R7F5_MYCS2	
OG0010041					tr|A0R7G0|A0R7G0_MYCS2	
OG0010042					tr|A0R7H0|A0R7H0_MYCS2	
OG0010043					tr|A0R7I7|A0R7I7_MYCS2	
OG0010044						sp|G3XCW3|WZY_PSEAE
OG0010045						sp|G3XCY4|AMRZ_PSEAE
OG0010046						sp|O33407|ESTA_PSEAE
OG0010047						sp|P00282|AZUR_PSEAE
OG0010048						sp|P11439|TOXA_PSEAE
OG0010049						sp|P14789|LASA_PSEAE
OG0010050						sp|P24474|NIRS_PSEAE
OG0010051						sp|P52003|MEXR_PSEAE
OG0010052						sp|P95434|SCTF_PSEAE
OG0010053						sp|Q03023|APRA_PSEAE
OG0010054						sp|Q06749|ALGL_PSEAE
OG0010055						sp|Q51371|ALGG_PSEAE
OG0010056						sp|Q9HTC0|WBPZ_PSEAE
OG0010057						sp|Q9HU15|FABY_PSEAE
OG0010058						sp|Q9HUG6|WAAL_PSEAE
OG0010059						sp|Q9HUT5|BRLR_PSEAE
OG0010060						sp|Q9HUU1|OADC_PSEAE
OG0010061						sp|Q9HWK6|LYSC_PSEAE
OG0010062						sp|Q9HYC5|TSE3_PSEAE
OG0010063						sp|Q9I060|MEP72_PSEAE
OG0010064						sp|Q9I4G8|LOXA_PSEAE
OG0010065						sp|Q9I596|NCASE_PSEAE
OG0010066						sp|Q9I5W4|IMPA_PSEAE
OG0010067						sp|G3XCZ8|PIGA_PSEAE
OG0010068						sp|P25061|GSPM_PSEAE
OG0010069						sp|P26995|EXSC_PSEAE
OG0010070						sp|P95435|PSCG_PSEAE
OG0010071						sp|P96956|ALGK_PSEAE
OG0010072						sp|Q59647|NORB_PSEAE
OG0010073						sp|Q9HUX5|ODH_PSEAE
OG0010074						sp|Q9HVI1|CDGBP_PSEAE
OG0010075						sp|Q9HWA4|PPRB_PSEAE
OG0010076						sp|Q9HY69|ALG44_PSEAE
OG0010077						sp|Q9HYL2|NOSZ_PSEAE
OG0010078						sp|Q9I2C5|CY550_PSEAE
OG0010079						sp|Q9I2E9|FAPB_PSEAE
OG0010080						sp|Q9I2F0|FAPC_PSEAE
OG0010081						sp|Q9I2F2|FAPE_PSEAE
OG0010082						sp|Q9I2Q1|TSE1_PSEAE
OG0010083						sp|Q9I317|PSCE_PSEAE
OG0010084						sp|Q9I322|EXSE_PSEAE
OG0010085						sp|Q9I341|MTND_PSEAE
OG0010086						sp|Q9I489|T3HPD_PSEAE
OG0010087						sp|Q9I4X0|MVFR_PSEAE
OG0010088						sp|Q9I4X3|PQSA_PSEAE
OG0010089						sp|Q9I589|CBPD_PSEAE
OG0010090						tr|Q9I5F9|Q9I5F9_PSEAE
OG0010091						sp|Q9I739|TSE6_PSEAE
OG0010092						tr|G3XD78|G3XD78_PSEAE
OG0010093						sp|P15276|ALGP_PSEAE
OG0010094						sp|P18895|ALGE_PSEAE
OG0010095						sp|P26994|EXSB_PSEAE
OG0010096						sp|P33883|LASI_PSEAE
OG0010097						sp|P50600|TOLA_PSEAE
OG0010098						sp|P72139|HIS62_PSEAE
OG0010099						sp|Q05097|PA1L_PSEAE
OG0010100						sp|Q06062|ALGF_PSEAE
OG0010101						sp|Q51392|ALGI_PSEAE
OG0010102						sp|Q51479|NIRC_PSEAE
OG0010103						sp|Q51575|GSPN_PSEAE
OG0010104						sp|Q52463|ALG8_PSEAE
OG0010105						sp|Q59646|NORC_PSEAE
OG0010106						sp|Q9HUI2|ARUR_PSEAE
OG0010107						sp|Q9HUX4|NASLL_PSEAE
OG0010108						sp|Q9HYC4|TSI3_PSEAE
OG0010109						sp|Q9HYR9|CLPP2_PSEAE
OG0010110						sp|Q9HYT0|PHNC1_PSEAE
OG0010111						sp|Q9HZ65|MTNA_PSEAE
OG0010112						sp|Q9HZJ8|SULA_PSEAE
OG0010113						sp|Q9HZK8|NQRC_PSEAE
OG0010114						sp|Q9I036|COPI_PSEAE
OG0010115						sp|Q9I0D9|TSI2_PSEAE
OG0010116						sp|Q9I0E0|TSE2_PSEAE
OG0010117						sp|Q9I1L5|PVCA_PSEAE
OG0010118						sp|Q9I2E8|FAPA_PSEAE
OG0010119						sp|Q9I315|PSCI_PSEAE
OG0010120						sp|Q9I321|EXSD_PSEAE
OG0010121						sp|Q9I340|MTNC_PSEAE
OG0010122						sp|Q9I398|Y1624_PSEAE
OG0010123						tr|Q9I496|Q9I496_PSEAE
OG0010124						sp|Q9I6M8|TLI3_PSEAE
OG0010125						sp|Q9I733|TSE7_PSEAE
OG0010126						tr|G3XCV3|G3XCV3_PSEAE
OG0010127						tr|G3XCW6|G3XCW6_PSEAE
OG0010128						tr|G3XCX6|G3XCX6_PSEAE
OG0010129						tr|G3XD15|G3XD15_PSEAE
OG0010130						tr|G3XD49|G3XD49_PSEAE
OG0010131						tr|G3XD63|G3XD63_PSEAE
OG0010132						sp|P09852|TOXR_PSEAE
OG0010133						sp|P0DTB6|TSI5_PSEAE
OG0010134						sp|P11221|OPRI_PSEAE
OG0010135						sp|P17323|LPPL_PSEAE
OG0010136						sp|P40695|PLCR_PSEAE
OG0010137						sp|P42513|FPTB_PSEAE
OG0010138						sp|P43335|PHS_PSEAE
OG0010139						sp|Q03026|INH_PSEAE
OG0010140						sp|Q06579|IMM2_PSEAE
OG0010141						sp|Q51416|AMIB_PSEAE
OG0010142						tr|Q9HT77|Q9HT77_PSEAE
OG0010143						tr|Q9HT87|Q9HT87_PSEAE
OG0010144						sp|Q9HTK1|UBIC_PSEAE
OG0010145						tr|Q9HTU3|Q9HTU3_PSEAE
OG0010146						tr|Q9HTY2|Q9HTY2_PSEAE
OG0010147						tr|Q9HUK4|Q9HUK4_PSEAE
OG0010148						tr|Q9HUP6|Q9HUP6_PSEAE
OG0010149						tr|Q9HUT3|Q9HUT3_PSEAE
OG0010150						tr|Q9HV28|Q9HV28_PSEAE
OG0010151						tr|Q9HV36|Q9HV36_PSEAE
OG0010152						tr|Q9HVB8|Q9HVB8_PSEAE
OG0010153						tr|Q9HVJ4|Q9HVJ4_PSEAE
OG0010154						tr|Q9HVM9|Q9HVM9_PSEAE
OG0010155						tr|Q9HVX4|Q9HVX4_PSEAE
OG0010156						tr|Q9HW34|Q9HW34_PSEAE
OG0010157						sp|Q9HWA1|Y4299_PSEAE
OG0010158						tr|Q9HWK3|Q9HWK3_PSEAE
OG0010159						tr|Q9HWM5|Q9HWM5_PSEAE
OG0010160						tr|Q9HWS1|Q9HWS1_PSEAE
OG0010161						sp|Q9HXD2|ANVM_PSEAE
OG0010162						sp|Q9HXY5|SKPL_PSEAE
OG0010163						tr|Q9HYI7|Q9HYI7_PSEAE
OG0010164						sp|Q9HYL1|NOSD_PSEAE
OG0010165						tr|Q9HYP4|Q9HYP4_PSEAE
OG0010166						tr|Q9HYP5|Q9HYP5_PSEAE
OG0010167						tr|Q9HYQ0|Q9HYQ0_PSEAE
OG0010168						tr|Q9HYT1|Q9HYT1_PSEAE
OG0010169						sp|Q9HZ00|Y3240_PSEAE
OG0010170						tr|Q9HZ35|Q9HZ35_PSEAE
OG0010171						tr|Q9HZD4|Q9HZD4_PSEAE
OG0010172						tr|Q9HZE7|Q9HZE7_PSEAE
OG0010173						tr|Q9HZF4|Q9HZF4_PSEAE
OG0010174						tr|Q9HZH6|Q9HZH6_PSEAE
OG0010175						sp|Q9HZK6|NQRA_PSEAE
OG0010176						tr|Q9I035|Q9I035_PSEAE
OG0010177						tr|Q9I040|Q9I040_PSEAE
OG0010178						tr|Q9I045|Q9I045_PSEAE
OG0010179						sp|Q9I061|BAMI_PSEAE
OG0010180						tr|Q9I0B5|Q9I0B5_PSEAE
OG0010181						tr|Q9I130|Q9I130_PSEAE
OG0010182						tr|Q9I143|Q9I143_PSEAE
OG0010183						tr|Q9I144|Q9I144_PSEAE
OG0010184						tr|Q9I188|Q9I188_PSEAE
OG0010185						tr|Q9I1H5|Q9I1H5_PSEAE
OG0010186						tr|Q9I1M7|Q9I1M7_PSEAE
OG0010187						tr|Q9I211|Q9I211_PSEAE
OG0010188						tr|Q9I2C7|Q9I2C7_PSEAE
OG0010189						sp|Q9I2Q0|TSI1_PSEAE
OG0010190						tr|Q9I324|Q9I324_PSEAE
OG0010191						tr|Q9I3K2|Q9I3K2_PSEAE
OG0010192						sp|Q9I3N4|CCMD_PSEAE
OG0010193						tr|Q9I3P3|Q9I3P3_PSEAE
OG0010194						tr|Q9I3X2|Q9I3X2_PSEAE
OG0010195						tr|Q9I457|Q9I457_PSEAE
OG0010196						tr|Q9I486|Q9I486_PSEAE
OG0010197						tr|Q9I4P0|Q9I4P0_PSEAE
OG0010198						tr|Q9I548|Q9I548_PSEAE
OG0010199						tr|Q9I5J7|Q9I5J7_PSEAE
OG0010200						tr|Q9I5L3|Q9I5L3_PSEAE
OG0010201						tr|Q9I5Z5|Q9I5Z5_PSEAE
OG0010202						tr|Q9I650|Q9I650_PSEAE
OG0010203						tr|Q9I6M3|Q9I6M3_PSEAE
OG0010204						tr|Q9I6W0|Q9I6W0_PSEAE
OG0010205						sp|Q9I732|TSI7_PSEAE
OG0010206						sp|Q9I740|TSI6_PSEAE
OG0010207						sp|Q9I746|TAGJ_PSEAE
OG0010208						tr|Q9I7A4|Q9I7A4_PSEAE
OG0010209						tr|E1JGJ9|E1JGJ9_PSEAE
OG0010210						tr|E1JGK0|E1JGK0_PSEAE
OG0010211						tr|G3XCT8|G3XCT8_PSEAE
OG0010212						tr|G3XCU0|G3XCU0_PSEAE
OG0010213						tr|G3XCU4|G3XCU4_PSEAE
OG0010214						tr|G3XCV8|G3XCV8_PSEAE
OG0010215						tr|G3XCW1|G3XCW1_PSEAE
OG0010216						tr|G3XCW4|G3XCW4_PSEAE
OG0010217						tr|G3XCX2|G3XCX2_PSEAE
OG0010218						tr|G3XCX8|G3XCX8_PSEAE
OG0010219						tr|G3XCY3|G3XCY3_PSEAE
OG0010220						tr|G3XD03|G3XD03_PSEAE
OG0010221						tr|G3XD06|G3XD06_PSEAE
OG0010222						tr|G3XD08|G3XD08_PSEAE
OG0010223						tr|G3XD11|G3XD11_PSEAE
OG0010224						tr|G3XD26|G3XD26_PSEAE
OG0010225						tr|G3XD33|G3XD33_PSEAE
OG0010226						tr|G3XD37|G3XD37_PSEAE
OG0010227						tr|G3XD38|G3XD38_PSEAE
OG0010228						tr|G3XD41|G3XD41_PSEAE
OG0010229						tr|G3XD48|G3XD48_PSEAE
OG0010230						tr|G3XD55|G3XD55_PSEAE
OG0010231						tr|G3XD56|G3XD56_PSEAE
OG0010232						tr|G3XD57|G3XD57_PSEAE
OG0010233						tr|G3XD59|G3XD59_PSEAE
OG0010234						tr|G3XD68|G3XD68_PSEAE
OG0010235						tr|G3XD71|G3XD71_PSEAE
OG0010236						tr|G3XD82|G3XD82_PSEAE
OG0010237						tr|G3XD83|G3XD83_PSEAE
OG0010238						tr|G3XD85|G3XD85_PSEAE
OG0010239						tr|G3XD86|G3XD86_PSEAE
OG0010240						tr|G3XD93|G3XD93_PSEAE
OG0010241						tr|G3XD95|G3XD95_PSEAE
OG0010242						tr|G3XD99|G3XD99_PSEAE
OG0010243						tr|G3XDA0|G3XDA0_PSEAE
OG0010244						tr|G3XDA9|G3XDA9_PSEAE
OG0010245						tr|G3XDB1|G3XDB1_PSEAE
OG0010246						tr|O69003|O69003_PSEAE
OG0010247						sp|P29370|Y1977_PSEAE
OG0010248						sp|Q03381|REGB_PSEAE
OG0010249						sp|Q04628|Y1545_PSEAE
OG0010250						sp|Q51483|Y522_PSEAE
OG0010251						tr|Q9HT08|Q9HT08_PSEAE
OG0010252						tr|Q9HT31|Q9HT31_PSEAE
OG0010253						tr|Q9HT37|Q9HT37_PSEAE
OG0010254						tr|Q9HT40|Q9HT40_PSEAE
OG0010255						tr|Q9HT41|Q9HT41_PSEAE
OG0010256						tr|Q9HT46|Q9HT46_PSEAE
OG0010257						tr|Q9HT56|Q9HT56_PSEAE
OG0010258						tr|Q9HT58|Q9HT58_PSEAE
OG0010259						tr|Q9HT60|Q9HT60_PSEAE
OG0010260						tr|Q9HT64|Q9HT64_PSEAE
OG0010261						tr|Q9HT71|Q9HT71_PSEAE
OG0010262						tr|Q9HT79|Q9HT79_PSEAE
OG0010263						tr|Q9HT90|Q9HT90_PSEAE
OG0010264						tr|Q9HT92|Q9HT92_PSEAE
OG0010265						tr|Q9HT93|Q9HT93_PSEAE
OG0010266						tr|Q9HTA6|Q9HTA6_PSEAE
OG0010267						tr|Q9HTC3|Q9HTC3_PSEAE
OG0010268						tr|Q9HTC5|Q9HTC5_PSEAE
OG0010269						tr|Q9HTD1|Q9HTD1_PSEAE
OG0010270						tr|Q9HTF0|Q9HTF0_PSEAE
OG0010271						tr|Q9HTF2|Q9HTF2_PSEAE
OG0010272						tr|Q9HTF6|Q9HTF6_PSEAE
OG0010273						tr|Q9HTF7|Q9HTF7_PSEAE
OG0010274						tr|Q9HTF8|Q9HTF8_PSEAE
OG0010275						tr|Q9HTF9|Q9HTF9_PSEAE
OG0010276						tr|Q9HTG2|Q9HTG2_PSEAE
OG0010277						tr|Q9HTI3|Q9HTI3_PSEAE
OG0010278						tr|Q9HTJ7|Q9HTJ7_PSEAE
OG0010279						tr|Q9HTL8|Q9HTL8_PSEAE
OG0010280						tr|Q9HTM4|Q9HTM4_PSEAE
OG0010281						tr|Q9HTM5|Q9HTM5_PSEAE
OG0010282						tr|Q9HTP7|Q9HTP7_PSEAE
OG0010283						tr|Q9HTQ5|Q9HTQ5_PSEAE
OG0010284						tr|Q9HTS0|Q9HTS0_PSEAE
OG0010285						tr|Q9HTS7|Q9HTS7_PSEAE
OG0010286						tr|Q9HTS9|Q9HTS9_PSEAE
OG0010287						tr|Q9HTT1|Q9HTT1_PSEAE
OG0010288						tr|Q9HTT4|Q9HTT4_PSEAE
OG0010289						tr|Q9HTT5|Q9HTT5_PSEAE
OG0010290						tr|Q9HTW4|Q9HTW4_PSEAE
OG0010291						tr|Q9HTX0|Q9HTX0_PSEAE
OG0010292						tr|Q9HTZ8|Q9HTZ8_PSEAE
OG0010293						tr|Q9HU06|Q9HU06_PSEAE
OG0010294						tr|Q9HU07|Q9HU07_PSEAE
OG0010295						tr|Q9HU28|Q9HU28_PSEAE
OG0010296						tr|Q9HU48|Q9HU48_PSEAE
OG0010297						tr|Q9HU58|Q9HU58_PSEAE
OG0010298						tr|Q9HU64|Q9HU64_PSEAE
OG0010299						tr|Q9HU75|Q9HU75_PSEAE
OG0010300						tr|Q9HUA2|Q9HUA2_PSEAE
OG0010301						sp|Q9HUB0|Y5073_PSEAE
OG0010302						tr|Q9HUC1|Q9HUC1_PSEAE
OG0010303						tr|Q9HUD1|Q9HUD1_PSEAE
OG0010304						tr|Q9HUD6|Q9HUD6_PSEAE
OG0010305						tr|Q9HUE3|Q9HUE3_PSEAE
OG0010306						tr|Q9HUG2|Q9HUG2_PSEAE
OG0010307						tr|Q9HUG3|Q9HUG3_PSEAE
OG0010308						tr|Q9HUG4|Q9HUG4_PSEAE
OG0010309						tr|Q9HUH2|Q9HUH2_PSEAE
OG0010310						tr|Q9HUJ9|Q9HUJ9_PSEAE
OG0010311						tr|Q9HUK2|Q9HUK2_PSEAE
OG0010312						tr|Q9HUL0|Q9HUL0_PSEAE
OG0010313						tr|Q9HUN1|Q9HUN1_PSEAE
OG0010314						tr|Q9HUP2|Q9HUP2_PSEAE
OG0010315						tr|Q9HUS9|Q9HUS9_PSEAE
OG0010316						tr|Q9HUU2|Q9HUU2_PSEAE
OG0010317						tr|Q9HUU4|Q9HUU4_PSEAE
OG0010318						tr|Q9HUW4|Q9HUW4_PSEAE
OG0010319						tr|Q9HUW8|Q9HUW8_PSEAE
OG0010320						tr|Q9HUY4|Q9HUY4_PSEAE
OG0010321						tr|Q9HUY6|Q9HUY6_PSEAE
OG0010322						tr|Q9HUY7|Q9HUY7_PSEAE
OG0010323						tr|Q9HUZ0|Q9HUZ0_PSEAE
OG0010324						tr|Q9HUZ3|Q9HUZ3_PSEAE
OG0010325						tr|Q9HUZ4|Q9HUZ4_PSEAE
OG0010326						tr|Q9HV08|Q9HV08_PSEAE
OG0010327						tr|Q9HV09|Q9HV09_PSEAE
OG0010328						tr|Q9HV12|Q9HV12_PSEAE
OG0010329						tr|Q9HV13|Q9HV13_PSEAE
OG0010330						tr|Q9HV14|Q9HV14_PSEAE
OG0010331						tr|Q9HV16|Q9HV16_PSEAE
OG0010332						tr|Q9HV19|Q9HV19_PSEAE
OG0010333						tr|Q9HV26|Q9HV26_PSEAE
OG0010334						tr|Q9HV33|Q9HV33_PSEAE
OG0010335						tr|Q9HV47|Q9HV47_PSEAE
OG0010336						tr|Q9HV80|Q9HV80_PSEAE
OG0010337						tr|Q9HV84|Q9HV84_PSEAE
OG0010338						tr|Q9HV85|Q9HV85_PSEAE
OG0010339						tr|Q9HV86|Q9HV86_PSEAE
OG0010340						tr|Q9HV92|Q9HV92_PSEAE
OG0010341						tr|Q9HV93|Q9HV93_PSEAE
OG0010342						tr|Q9HV94|Q9HV94_PSEAE
OG0010343						tr|Q9HV95|Q9HV95_PSEAE
OG0010344						tr|Q9HV97|Q9HV97_PSEAE
OG0010345						tr|Q9HVA9|Q9HVA9_PSEAE
OG0010346						tr|Q9HVB0|Q9HVB0_PSEAE
OG0010347						tr|Q9HVB1|Q9HVB1_PSEAE
OG0010348						tr|Q9HVB2|Q9HVB2_PSEAE
OG0010349						tr|Q9HVB4|Q9HVB4_PSEAE
OG0010350						tr|Q9HVB5|Q9HVB5_PSEAE
OG0010351						tr|Q9HVB6|Q9HVB6_PSEAE
OG0010352						tr|Q9HVE8|Q9HVE8_PSEAE
OG0010353						tr|Q9HVE9|Q9HVE9_PSEAE
OG0010354						tr|Q9HVF2|Q9HVF2_PSEAE
OG0010355						tr|Q9HVF3|Q9HVF3_PSEAE
OG0010356						tr|Q9HVF4|Q9HVF4_PSEAE
OG0010357						tr|Q9HVF5|Q9HVF5_PSEAE
OG0010358						tr|Q9HVG1|Q9HVG1_PSEAE
OG0010359						tr|Q9HVH9|Q9HVH9_PSEAE
OG0010360						tr|Q9HVI0|Q9HVI0_PSEAE
OG0010361						tr|Q9HVI6|Q9HVI6_PSEAE
OG0010362						tr|Q9HVJ8|Q9HVJ8_PSEAE
OG0010363						tr|Q9HVK9|Q9HVK9_PSEAE
OG0010364						tr|Q9HVL1|Q9HVL1_PSEAE
OG0010365						tr|Q9HVL4|Q9HVL4_PSEAE
OG0010366						tr|Q9HVP0|Q9HVP0_PSEAE
OG0010367						tr|Q9HVP1|Q9HVP1_PSEAE
OG0010368						tr|Q9HVP2|Q9HVP2_PSEAE
OG0010369						tr|Q9HVP4|Q9HVP4_PSEAE
OG0010370						tr|Q9HVP5|Q9HVP5_PSEAE
OG0010371						tr|Q9HVP6|Q9HVP6_PSEAE
OG0010372						tr|Q9HVQ1|Q9HVQ1_PSEAE
OG0010373						tr|Q9HVV0|Q9HVV0_PSEAE
OG0010374						tr|Q9HVW5|Q9HVW5_PSEAE
OG0010375						tr|Q9HVX8|Q9HVX8_PSEAE
OG0010376						tr|Q9HW03|Q9HW03_PSEAE
OG0010377						tr|Q9HW10|Q9HW10_PSEAE
OG0010378						tr|Q9HW25|Q9HW25_PSEAE
OG0010379						tr|Q9HW29|Q9HW29_PSEAE
OG0010380						tr|Q9HW30|Q9HW30_PSEAE
OG0010381						tr|Q9HW31|Q9HW31_PSEAE
OG0010382						tr|Q9HW32|Q9HW32_PSEAE
OG0010383						tr|Q9HW41|Q9HW41_PSEAE
OG0010384						tr|Q9HW48|Q9HW48_PSEAE
OG0010385						tr|Q9HW52|Q9HW52_PSEAE
OG0010386						tr|Q9HW55|Q9HW55_PSEAE
OG0010387						tr|Q9HW63|Q9HW63_PSEAE
OG0010388						tr|Q9HW66|Q9HW66_PSEAE
OG0010389						tr|Q9HW74|Q9HW74_PSEAE
OG0010390						tr|Q9HW75|Q9HW75_PSEAE
OG0010391						tr|Q9HW77|Q9HW77_PSEAE
OG0010392						tr|Q9HW80|Q9HW80_PSEAE
OG0010393						tr|Q9HW81|Q9HW81_PSEAE
OG0010394						tr|Q9HW84|Q9HW84_PSEAE
OG0010395						tr|Q9HW88|Q9HW88_PSEAE
OG0010396						tr|Q9HWA2|Q9HWA2_PSEAE
OG0010397						tr|Q9HWA6|Q9HWA6_PSEAE
OG0010398						tr|Q9HWA9|Q9HWA9_PSEAE
OG0010399						tr|Q9HWB4|Q9HWB4_PSEAE
OG0010400						tr|Q9HWC2|Q9HWC2_PSEAE
OG0010401						tr|Q9HWJ6|Q9HWJ6_PSEAE
OG0010402						tr|Q9HWJ8|Q9HWJ8_PSEAE
OG0010403						tr|Q9HWK0|Q9HWK0_PSEAE
OG0010404						tr|Q9HWM6|Q9HWM6_PSEAE
OG0010405						tr|Q9HWN5|Q9HWN5_PSEAE
OG0010406						tr|Q9HWP0|Q9HWP0_PSEAE
OG0010407						tr|Q9HWP1|Q9HWP1_PSEAE
OG0010408						tr|Q9HWR4|Q9HWR4_PSEAE
OG0010409						tr|Q9HWR9|Q9HWR9_PSEAE
OG0010410						tr|Q9HWS4|Q9HWS4_PSEAE
OG0010411						tr|Q9HWS5|Q9HWS5_PSEAE
OG0010412						tr|Q9HWS9|Q9HWS9_PSEAE
OG0010413						tr|Q9HWU7|Q9HWU7_PSEAE
OG0010414						tr|Q9HWV2|Q9HWV2_PSEAE
OG0010415						tr|Q9HWW5|Q9HWW5_PSEAE
OG0010416						tr|Q9HWW6|Q9HWW6_PSEAE
OG0010417						tr|Q9HWW8|Q9HWW8_PSEAE
OG0010418						tr|Q9HWX0|Q9HWX0_PSEAE
OG0010419						tr|Q9HWY2|Q9HWY2_PSEAE
OG0010420						tr|Q9HWZ4|Q9HWZ4_PSEAE
OG0010421						tr|Q9HWZ9|Q9HWZ9_PSEAE
OG0010422						tr|Q9HX09|Q9HX09_PSEAE
OG0010423						tr|Q9HX29|Q9HX29_PSEAE
OG0010424						tr|Q9HX34|Q9HX34_PSEAE
OG0010425						tr|Q9HX39|Q9HX39_PSEAE
OG0010426						tr|Q9HX50|Q9HX50_PSEAE
OG0010427						tr|Q9HX52|Q9HX52_PSEAE
OG0010428						tr|Q9HX54|Q9HX54_PSEAE
OG0010429						tr|Q9HX56|Q9HX56_PSEAE
OG0010430						tr|Q9HX57|Q9HX57_PSEAE
OG0010431						tr|Q9HX58|Q9HX58_PSEAE
OG0010432						tr|Q9HX61|Q9HX61_PSEAE
OG0010433						tr|Q9HX64|Q9HX64_PSEAE
OG0010434						tr|Q9HX73|Q9HX73_PSEAE
OG0010435						tr|Q9HX86|Q9HX86_PSEAE
OG0010436						tr|Q9HX88|Q9HX88_PSEAE
OG0010437						tr|Q9HXA5|Q9HXA5_PSEAE
OG0010438						tr|Q9HXA6|Q9HXA6_PSEAE
OG0010439						tr|Q9HXA7|Q9HXA7_PSEAE
OG0010440						tr|Q9HXA8|Q9HXA8_PSEAE
OG0010441						tr|Q9HXC6|Q9HXC6_PSEAE
OG0010442						tr|Q9HXC8|Q9HXC8_PSEAE
OG0010443						tr|Q9HXD1|Q9HXD1_PSEAE
OG0010444						tr|Q9HXD7|Q9HXD7_PSEAE
OG0010445						tr|Q9HXD8|Q9HXD8_PSEAE
OG0010446						tr|Q9HXF1|Q9HXF1_PSEAE
OG0010447						tr|Q9HXF4|Q9HXF4_PSEAE
OG0010448						tr|Q9HXF6|Q9HXF6_PSEAE
OG0010449						tr|Q9HXG3|Q9HXG3_PSEAE
OG0010450						tr|Q9HXG9|Q9HXG9_PSEAE
OG0010451						tr|Q9HXH1|Q9HXH1_PSEAE
OG0010452						tr|Q9HXK3|Q9HXK3_PSEAE
OG0010453						tr|Q9HXK4|Q9HXK4_PSEAE
OG0010454						tr|Q9HXK6|Q9HXK6_PSEAE
OG0010455						tr|Q9HXK7|Q9HXK7_PSEAE
OG0010456						tr|Q9HXK9|Q9HXK9_PSEAE
OG0010457						tr|Q9HXL1|Q9HXL1_PSEAE
OG0010458						tr|Q9HXM0|Q9HXM0_PSEAE
OG0010459						tr|Q9HXM3|Q9HXM3_PSEAE
OG0010460						tr|Q9HXQ4|Q9HXQ4_PSEAE
OG0010461						tr|Q9HXQ8|Q9HXQ8_PSEAE
OG0010462						tr|Q9HXR2|Q9HXR2_PSEAE
OG0010463						tr|Q9HXR4|Q9HXR4_PSEAE
OG0010464						tr|Q9HXR9|Q9HXR9_PSEAE
OG0010465						tr|Q9HXS2|Q9HXS2_PSEAE
OG0010466						tr|Q9HXS5|Q9HXS5_PSEAE
OG0010467						tr|Q9HXU2|Q9HXU2_PSEAE
OG0010468						tr|Q9HXU3|Q9HXU3_PSEAE
OG0010469						tr|Q9HXU4|Q9HXU4_PSEAE
OG0010470						tr|Q9HXU6|Q9HXU6_PSEAE
OG0010471						tr|Q9HXV2|Q9HXV2_PSEAE
OG0010472						tr|Q9HXV6|Q9HXV6_PSEAE
OG0010473						tr|Q9HXV9|Q9HXV9_PSEAE
OG0010474						tr|Q9HXW5|Q9HXW5_PSEAE
OG0010475						tr|Q9HXX6|Q9HXX6_PSEAE
OG0010476						tr|Q9HXX7|Q9HXX7_PSEAE
OG0010477						tr|Q9HXX8|Q9HXX8_PSEAE
OG0010478						tr|Q9HY15|Q9HY15_PSEAE
OG0010479						tr|Q9HY43|Q9HY43_PSEAE
OG0010480						tr|Q9HY44|Q9HY44_PSEAE
OG0010481						tr|Q9HY48|Q9HY48_PSEAE
OG0010482						tr|Q9HY74|Q9HY74_PSEAE
OG0010483						tr|Q9HY96|Q9HY96_PSEAE
OG0010484						tr|Q9HYC1|Q9HYC1_PSEAE
OG0010485						tr|Q9HYC6|Q9HYC6_PSEAE
OG0010486						tr|Q9HYE2|Q9HYE2_PSEAE
OG0010487						tr|Q9HYE8|Q9HYE8_PSEAE
OG0010488						tr|Q9HYF5|Q9HYF5_PSEAE
OG0010489						tr|Q9HYG6|Q9HYG6_PSEAE
OG0010490						tr|Q9HYJ1|Q9HYJ1_PSEAE
OG0010491						tr|Q9HYJ4|Q9HYJ4_PSEAE
OG0010492						tr|Q9HYK5|Q9HYK5_PSEAE
OG0010493						tr|Q9HYK8|Q9HYK8_PSEAE
OG0010494						tr|Q9HYN0|Q9HYN0_PSEAE
OG0010495						tr|Q9HYN1|Q9HYN1_PSEAE
OG0010496						tr|Q9HYN2|Q9HYN2_PSEAE
OG0010497						tr|Q9HYN7|Q9HYN7_PSEAE
OG0010498						tr|Q9HYP2|Q9HYP2_PSEAE
OG0010499						tr|Q9HYP3|Q9HYP3_PSEAE
OG0010500						tr|Q9HYP8|Q9HYP8_PSEAE
OG0010501						tr|Q9HYQ7|Q9HYQ7_PSEAE
OG0010502						tr|Q9HYQ9|Q9HYQ9_PSEAE
OG0010503						tr|Q9HYR0|Q9HYR0_PSEAE
OG0010504						sp|Q9HYR3|Y3332_PSEAE
OG0010505						tr|Q9HYS6|Q9HYS6_PSEAE
OG0010506						tr|Q9HYT7|Q9HYT7_PSEAE
OG0010507						tr|Q9HYU5|Q9HYU5_PSEAE
OG0010508						tr|Q9HYV0|Q9HYV0_PSEAE
OG0010509						tr|Q9HYV5|Q9HYV5_PSEAE
OG0010510						tr|Q9HYV9|Q9HYV9_PSEAE
OG0010511						tr|Q9HYW3|Q9HYW3_PSEAE
OG0010512						tr|Q9HYW5|Q9HYW5_PSEAE
OG0010513						tr|Q9HYW7|Q9HYW7_PSEAE
OG0010514						tr|Q9HYW8|Q9HYW8_PSEAE
OG0010515						tr|Q9HYY0|Q9HYY0_PSEAE
OG0010516						tr|Q9HYY9|Q9HYY9_PSEAE
OG0010517						tr|Q9HZ02|Q9HZ02_PSEAE
OG0010518						tr|Q9HZ09|Q9HZ09_PSEAE
OG0010519						tr|Q9HZ16|Q9HZ16_PSEAE
OG0010520						tr|Q9HZ18|Q9HZ18_PSEAE
OG0010521						tr|Q9HZ22|Q9HZ22_PSEAE
OG0010522						tr|Q9HZ26|Q9HZ26_PSEAE
OG0010523						tr|Q9HZ33|Q9HZ33_PSEAE
OG0010524						tr|Q9HZ37|Q9HZ37_PSEAE
OG0010525						tr|Q9HZ44|Q9HZ44_PSEAE
OG0010526						tr|Q9HZ54|Q9HZ54_PSEAE
OG0010527						tr|Q9HZ78|Q9HZ78_PSEAE
OG0010528						tr|Q9HZB5|Q9HZB5_PSEAE
OG0010529						tr|Q9HZB7|Q9HZB7_PSEAE
OG0010530						tr|Q9HZB8|Q9HZB8_PSEAE
OG0010531						tr|Q9HZD2|Q9HZD2_PSEAE
OG0010532						tr|Q9HZD3|Q9HZD3_PSEAE
OG0010533						tr|Q9HZD5|Q9HZD5_PSEAE
OG0010534						tr|Q9HZD6|Q9HZD6_PSEAE
OG0010535						tr|Q9HZD9|Q9HZD9_PSEAE
OG0010536						tr|Q9HZE3|Q9HZE3_PSEAE
OG0010537						tr|Q9HZE4|Q9HZE4_PSEAE
OG0010538						tr|Q9HZE5|Q9HZE5_PSEAE
OG0010539						tr|Q9HZE6|Q9HZE6_PSEAE
OG0010540						tr|Q9HZE8|Q9HZE8_PSEAE
OG0010541						tr|Q9HZE9|Q9HZE9_PSEAE
OG0010542						tr|Q9HZF0|Q9HZF0_PSEAE
OG0010543						tr|Q9HZF1|Q9HZF1_PSEAE
OG0010544						tr|Q9HZF6|Q9HZF6_PSEAE
OG0010545						tr|Q9HZF7|Q9HZF7_PSEAE
OG0010546						tr|Q9HZG6|Q9HZG6_PSEAE
OG0010547						tr|Q9HZH5|Q9HZH5_PSEAE
OG0010548						tr|Q9HZI8|Q9HZI8_PSEAE
OG0010549						tr|Q9HZJ0|Q9HZJ0_PSEAE
OG0010550						tr|Q9HZJ1|Q9HZJ1_PSEAE
OG0010551						tr|Q9HZJ7|Q9HZJ7_PSEAE
OG0010552						tr|Q9HZK2|Q9HZK2_PSEAE
OG0010553						tr|Q9HZL3|Q9HZL3_PSEAE
OG0010554						tr|Q9HZL5|Q9HZL5_PSEAE
OG0010555						tr|Q9HZP2|Q9HZP2_PSEAE
OG0010556						tr|Q9HZP3|Q9HZP3_PSEAE
OG0010557						tr|Q9HZQ0|Q9HZQ0_PSEAE
OG0010558						tr|Q9HZQ1|Q9HZQ1_PSEAE
OG0010559						tr|Q9HZR0|Q9HZR0_PSEAE
OG0010560						tr|Q9HZR2|Q9HZR2_PSEAE
OG0010561						tr|Q9HZR9|Q9HZR9_PSEAE
OG0010562						tr|Q9HZS0|Q9HZS0_PSEAE
OG0010563						tr|Q9HZU5|Q9HZU5_PSEAE
OG0010564						tr|Q9HZU9|Q9HZU9_PSEAE
OG0010565						tr|Q9HZV2|Q9HZV2_PSEAE
OG0010566						tr|Q9HZV3|Q9HZV3_PSEAE
OG0010567						tr|Q9HZW4|Q9HZW4_PSEAE
OG0010568						tr|Q9HZX2|Q9HZX2_PSEAE
OG0010569						tr|Q9HZX8|Q9HZX8_PSEAE
OG0010570						tr|Q9HZY4|Q9HZY4_PSEAE
OG0010571						tr|Q9HZY9|Q9HZY9_PSEAE
OG0010572						tr|Q9HZZ8|Q9HZZ8_PSEAE
OG0010573						tr|Q9I014|Q9I014_PSEAE
OG0010574						tr|Q9I023|Q9I023_PSEAE
OG0010575						tr|Q9I024|Q9I024_PSEAE
OG0010576						tr|Q9I026|Q9I026_PSEAE
OG0010577						tr|Q9I027|Q9I027_PSEAE
OG0010578						tr|Q9I038|Q9I038_PSEAE
OG0010579						tr|Q9I044|Q9I044_PSEAE
OG0010580						tr|Q9I051|Q9I051_PSEAE
OG0010581						tr|Q9I052|Q9I052_PSEAE
OG0010582						tr|Q9I053|Q9I053_PSEAE
OG0010583						tr|Q9I054|Q9I054_PSEAE
OG0010584						tr|Q9I062|Q9I062_PSEAE
OG0010585						tr|Q9I064|Q9I064_PSEAE
OG0010586						tr|Q9I065|Q9I065_PSEAE
OG0010587						tr|Q9I070|Q9I070_PSEAE
OG0010588						tr|Q9I071|Q9I071_PSEAE
OG0010589						tr|Q9I075|Q9I075_PSEAE
OG0010590						tr|Q9I076|Q9I076_PSEAE
OG0010591						tr|Q9I080|Q9I080_PSEAE
OG0010592						tr|Q9I084|Q9I084_PSEAE
OG0010593						tr|Q9I093|Q9I093_PSEAE
OG0010594						tr|Q9I097|Q9I097_PSEAE
OG0010595						tr|Q9I0A6|Q9I0A6_PSEAE
OG0010596						tr|Q9I0A9|Q9I0A9_PSEAE
OG0010597						tr|Q9I0B1|Q9I0B1_PSEAE
OG0010598						tr|Q9I0B3|Q9I0B3_PSEAE
OG0010599						tr|Q9I0B6|Q9I0B6_PSEAE
OG0010600						tr|Q9I0B7|Q9I0B7_PSEAE
OG0010601						tr|Q9I0B8|Q9I0B8_PSEAE
OG0010602						tr|Q9I0B9|Q9I0B9_PSEAE
OG0010603						tr|Q9I0C2|Q9I0C2_PSEAE
OG0010604						tr|Q9I0D4|Q9I0D4_PSEAE
OG0010605						tr|Q9I0G4|Q9I0G4_PSEAE
OG0010606						tr|Q9I0G5|Q9I0G5_PSEAE
OG0010607						tr|Q9I0G6|Q9I0G6_PSEAE
OG0010608						tr|Q9I0G7|Q9I0G7_PSEAE
OG0010609						tr|Q9I0G8|Q9I0G8_PSEAE
OG0010610						tr|Q9I0G9|Q9I0G9_PSEAE
OG0010611						tr|Q9I0H5|Q9I0H5_PSEAE
OG0010612						tr|Q9I0H6|Q9I0H6_PSEAE
OG0010613						tr|Q9I0H7|Q9I0H7_PSEAE
OG0010614						tr|Q9I0H8|Q9I0H8_PSEAE
OG0010615						tr|Q9I0I3|Q9I0I3_PSEAE
OG0010616						tr|Q9I0I8|Q9I0I8_PSEAE
OG0010617						tr|Q9I0K5|Q9I0K5_PSEAE
OG0010618						tr|Q9I0K6|Q9I0K6_PSEAE
OG0010619						tr|Q9I0N1|Q9I0N1_PSEAE
OG0010620						tr|Q9I0P4|Q9I0P4_PSEAE
OG0010621						tr|Q9I0R6|Q9I0R6_PSEAE
OG0010622						tr|Q9I0R7|Q9I0R7_PSEAE
OG0010623						tr|Q9I0R9|Q9I0R9_PSEAE
OG0010624						tr|Q9I0S0|Q9I0S0_PSEAE
OG0010625						tr|Q9I0S3|Q9I0S3_PSEAE
OG0010626						tr|Q9I0S4|Q9I0S4_PSEAE
OG0010627						tr|Q9I0U0|Q9I0U0_PSEAE
OG0010628						tr|Q9I0X6|Q9I0X6_PSEAE
OG0010629						tr|Q9I0X8|Q9I0X8_PSEAE
OG0010630						tr|Q9I0X9|Q9I0X9_PSEAE
OG0010631						tr|Q9I0Y1|Q9I0Y1_PSEAE
OG0010632						tr|Q9I0Z2|Q9I0Z2_PSEAE
OG0010633						tr|Q9I0Z6|Q9I0Z6_PSEAE
OG0010634						tr|Q9I0Z7|Q9I0Z7_PSEAE
OG0010635						tr|Q9I118|Q9I118_PSEAE
OG0010636						tr|Q9I121|Q9I121_PSEAE
OG0010637						tr|Q9I123|Q9I123_PSEAE
OG0010638						tr|Q9I125|Q9I125_PSEAE
OG0010639						tr|Q9I126|Q9I126_PSEAE
OG0010640						tr|Q9I132|Q9I132_PSEAE
OG0010641						tr|Q9I141|Q9I141_PSEAE
OG0010642						tr|Q9I142|Q9I142_PSEAE
OG0010643						tr|Q9I146|Q9I146_PSEAE
OG0010644						tr|Q9I149|Q9I149_PSEAE
OG0010645						tr|Q9I153|Q9I153_PSEAE
OG0010646						tr|Q9I155|Q9I155_PSEAE
OG0010647						tr|Q9I166|Q9I166_PSEAE
OG0010648						tr|Q9I171|Q9I171_PSEAE
OG0010649						tr|Q9I175|Q9I175_PSEAE
OG0010650						tr|Q9I177|Q9I177_PSEAE
OG0010651						tr|Q9I195|Q9I195_PSEAE
OG0010652						tr|Q9I198|Q9I198_PSEAE
OG0010653						tr|Q9I199|Q9I199_PSEAE
OG0010654						tr|Q9I1A2|Q9I1A2_PSEAE
OG0010655						tr|Q9I1A4|Q9I1A4_PSEAE
OG0010656						tr|Q9I1A5|Q9I1A5_PSEAE
OG0010657						tr|Q9I1A7|Q9I1A7_PSEAE
OG0010658						tr|Q9I1B1|Q9I1B1_PSEAE
OG0010659						tr|Q9I1B5|Q9I1B5_PSEAE
OG0010660						tr|Q9I1B7|Q9I1B7_PSEAE
OG0010661						tr|Q9I1C1|Q9I1C1_PSEAE
OG0010662						tr|Q9I1F7|Q9I1F7_PSEAE
OG0010663						tr|Q9I1G2|Q9I1G2_PSEAE
OG0010664						tr|Q9I1G4|Q9I1G4_PSEAE
OG0010665						tr|Q9I1H4|Q9I1H4_PSEAE
OG0010666						tr|Q9I1I7|Q9I1I7_PSEAE
OG0010667						tr|Q9I1I8|Q9I1I8_PSEAE
OG0010668						tr|Q9I1J3|Q9I1J3_PSEAE
OG0010669						tr|Q9I1L8|Q9I1L8_PSEAE
OG0010670						tr|Q9I1M4|Q9I1M4_PSEAE
OG0010671						tr|Q9I1M9|Q9I1M9_PSEAE
OG0010672						tr|Q9I1N2|Q9I1N2_PSEAE
OG0010673						tr|Q9I1N4|Q9I1N4_PSEAE
OG0010674						tr|Q9I1N9|Q9I1N9_PSEAE
OG0010675						tr|Q9I1P3|Q9I1P3_PSEAE
OG0010676						tr|Q9I1P4|Q9I1P4_PSEAE
OG0010677						tr|Q9I1P5|Q9I1P5_PSEAE
OG0010678						tr|Q9I1P6|Q9I1P6_PSEAE
OG0010679						tr|Q9I1P7|Q9I1P7_PSEAE
OG0010680						tr|Q9I1P8|Q9I1P8_PSEAE
OG0010681						tr|Q9I1Q8|Q9I1Q8_PSEAE
OG0010682						tr|Q9I1Q9|Q9I1Q9_PSEAE
OG0010683						tr|Q9I1R0|Q9I1R0_PSEAE
OG0010684						tr|Q9I1R2|Q9I1R2_PSEAE
OG0010685						tr|Q9I1R6|Q9I1R6_PSEAE
OG0010686						tr|Q9I1S4|Q9I1S4_PSEAE
OG0010687						tr|Q9I1S5|Q9I1S5_PSEAE
OG0010688						tr|Q9I1S6|Q9I1S6_PSEAE
OG0010689						tr|Q9I1S9|Q9I1S9_PSEAE
OG0010690						tr|Q9I1T3|Q9I1T3_PSEAE
OG0010691						tr|Q9I1T6|Q9I1T6_PSEAE
OG0010692						tr|Q9I1U0|Q9I1U0_PSEAE
OG0010693						tr|Q9I1U1|Q9I1U1_PSEAE
OG0010694						tr|Q9I1U2|Q9I1U2_PSEAE
OG0010695						tr|Q9I1U5|Q9I1U5_PSEAE
OG0010696						tr|Q9I1U6|Q9I1U6_PSEAE
OG0010697						tr|Q9I1U8|Q9I1U8_PSEAE
OG0010698						tr|Q9I1V3|Q9I1V3_PSEAE
OG0010699						tr|Q9I1W6|Q9I1W6_PSEAE
OG0010700						tr|Q9I1X0|Q9I1X0_PSEAE
OG0010701						tr|Q9I1X2|Q9I1X2_PSEAE
OG0010702						tr|Q9I1X5|Q9I1X5_PSEAE
OG0010703						tr|Q9I1X6|Q9I1X6_PSEAE
OG0010704						tr|Q9I1X8|Q9I1X8_PSEAE
OG0010705						tr|Q9I1X9|Q9I1X9_PSEAE
OG0010706						tr|Q9I1Y0|Q9I1Y0_PSEAE
OG0010707						tr|Q9I1Y4|Q9I1Y4_PSEAE
OG0010708						tr|Q9I1Z0|Q9I1Z0_PSEAE
OG0010709						tr|Q9I1Z3|Q9I1Z3_PSEAE
OG0010710						tr|Q9I1Z8|Q9I1Z8_PSEAE
OG0010711						tr|Q9I206|Q9I206_PSEAE
OG0010712						tr|Q9I208|Q9I208_PSEAE
OG0010713						tr|Q9I213|Q9I213_PSEAE
OG0010714						tr|Q9I220|Q9I220_PSEAE
OG0010715						tr|Q9I227|Q9I227_PSEAE
OG0010716						tr|Q9I228|Q9I228_PSEAE
OG0010717						tr|Q9I239|Q9I239_PSEAE
OG0010718						tr|Q9I240|Q9I240_PSEAE
OG0010719						tr|Q9I249|Q9I249_PSEAE
OG0010720						tr|Q9I251|Q9I251_PSEAE
OG0010721						tr|Q9I266|Q9I266_PSEAE
OG0010722						tr|Q9I269|Q9I269_PSEAE
OG0010723						tr|Q9I278|Q9I278_PSEAE
OG0010724						tr|Q9I279|Q9I279_PSEAE
OG0010725						tr|Q9I284|Q9I284_PSEAE
OG0010726						tr|Q9I286|Q9I286_PSEAE
OG0010727						tr|Q9I288|Q9I288_PSEAE
OG0010728						tr|Q9I293|Q9I293_PSEAE
OG0010729						tr|Q9I295|Q9I295_PSEAE
OG0010730						tr|Q9I2B4|Q9I2B4_PSEAE
OG0010731						tr|Q9I2C6|Q9I2C6_PSEAE
OG0010732						tr|Q9I2D0|Q9I2D0_PSEAE
OG0010733						tr|Q9I2D1|Q9I2D1_PSEAE
OG0010734						tr|Q9I2D4|Q9I2D4_PSEAE
OG0010735						tr|Q9I2D5|Q9I2D5_PSEAE
OG0010736						tr|Q9I2D6|Q9I2D6_PSEAE
OG0010737						tr|Q9I2D7|Q9I2D7_PSEAE
OG0010738						tr|Q9I2D9|Q9I2D9_PSEAE
OG0010739						tr|Q9I2E7|Q9I2E7_PSEAE
OG0010740						tr|Q9I2G2|Q9I2G2_PSEAE
OG0010741						tr|Q9I2G5|Q9I2G5_PSEAE
OG0010742						tr|Q9I2G8|Q9I2G8_PSEAE
OG0010743						tr|Q9I2G9|Q9I2G9_PSEAE
OG0010744						tr|Q9I2H0|Q9I2H0_PSEAE
OG0010745						tr|Q9I2H9|Q9I2H9_PSEAE
OG0010746						tr|Q9I2I0|Q9I2I0_PSEAE
OG0010747						tr|Q9I2I1|Q9I2I1_PSEAE
OG0010748						tr|Q9I2I3|Q9I2I3_PSEAE
OG0010749						tr|Q9I2J0|Q9I2J0_PSEAE
OG0010750						tr|Q9I2J1|Q9I2J1_PSEAE
OG0010751						tr|Q9I2J8|Q9I2J8_PSEAE
OG0010752						tr|Q9I2K0|Q9I2K0_PSEAE
OG0010753						tr|Q9I2K1|Q9I2K1_PSEAE
OG0010754						tr|Q9I2K2|Q9I2K2_PSEAE
OG0010755						tr|Q9I2K3|Q9I2K3_PSEAE
OG0010756						tr|Q9I2K5|Q9I2K5_PSEAE
OG0010757						tr|Q9I2K6|Q9I2K6_PSEAE
OG0010758						tr|Q9I2K8|Q9I2K8_PSEAE
OG0010759						tr|Q9I2K9|Q9I2K9_PSEAE
OG0010760						tr|Q9I2L0|Q9I2L0_PSEAE
OG0010761						tr|Q9I2M6|Q9I2M6_PSEAE
OG0010762						tr|Q9I2M8|Q9I2M8_PSEAE
OG0010763						tr|Q9I2P3|Q9I2P3_PSEAE
OG0010764						tr|Q9I2P9|Q9I2P9_PSEAE
OG0010765						tr|Q9I2Q4|Q9I2Q4_PSEAE
OG0010766						tr|Q9I2Q5|Q9I2Q5_PSEAE
OG0010767						tr|Q9I2R1|Q9I2R1_PSEAE
OG0010768						tr|Q9I2S0|Q9I2S0_PSEAE
OG0010769						tr|Q9I2V1|Q9I2V1_PSEAE
OG0010770						tr|Q9I2W6|Q9I2W6_PSEAE
OG0010771						tr|Q9I2W8|Q9I2W8_PSEAE
OG0010772						tr|Q9I2X2|Q9I2X2_PSEAE
OG0010773						tr|Q9I2X3|Q9I2X3_PSEAE
OG0010774						tr|Q9I2X4|Q9I2X4_PSEAE
OG0010775						tr|Q9I2Y3|Q9I2Y3_PSEAE
OG0010776						tr|Q9I2Y8|Q9I2Y8_PSEAE
OG0010777						tr|Q9I2Z1|Q9I2Z1_PSEAE
OG0010778						tr|Q9I2Z2|Q9I2Z2_PSEAE
OG0010779						tr|Q9I2Z3|Q9I2Z3_PSEAE
OG0010780						tr|Q9I2Z4|Q9I2Z4_PSEAE
OG0010781						tr|Q9I2Z7|Q9I2Z7_PSEAE
OG0010782						tr|Q9I309|Q9I309_PSEAE
OG0010783						tr|Q9I313|Q9I313_PSEAE
OG0010784						tr|Q9I316|Q9I316_PSEAE
OG0010785						tr|Q9I318|Q9I318_PSEAE
OG0010786						tr|Q9I320|Q9I320_PSEAE
OG0010787						tr|Q9I323|Q9I323_PSEAE
OG0010788						tr|Q9I326|Q9I326_PSEAE
OG0010789						tr|Q9I328|Q9I328_PSEAE
OG0010790						tr|Q9I329|Q9I329_PSEAE
OG0010791						tr|Q9I331|Q9I331_PSEAE
OG0010792						tr|Q9I332|Q9I332_PSEAE
OG0010793						tr|Q9I346|Q9I346_PSEAE
OG0010794						tr|Q9I349|Q9I349_PSEAE
OG0010795						tr|Q9I361|Q9I361_PSEAE
OG0010796						tr|Q9I368|Q9I368_PSEAE
OG0010797						tr|Q9I369|Q9I369_PSEAE
OG0010798						tr|Q9I372|Q9I372_PSEAE
OG0010799						tr|Q9I373|Q9I373_PSEAE
OG0010800						tr|Q9I380|Q9I380_PSEAE
OG0010801						tr|Q9I384|Q9I384_PSEAE
OG0010802						tr|Q9I386|Q9I386_PSEAE
OG0010803						tr|Q9I390|Q9I390_PSEAE
OG0010804						tr|Q9I3A7|Q9I3A7_PSEAE
OG0010805						tr|Q9I3B0|Q9I3B0_PSEAE
OG0010806						tr|Q9I3B5|Q9I3B5_PSEAE
OG0010807						tr|Q9I3B6|Q9I3B6_PSEAE
OG0010808						tr|Q9I3B7|Q9I3B7_PSEAE
OG0010809						tr|Q9I3C6|Q9I3C6_PSEAE
OG0010810						tr|Q9I3C8|Q9I3C8_PSEAE
OG0010811						tr|Q9I3C9|Q9I3C9_PSEAE
OG0010812						tr|Q9I3D0|Q9I3D0_PSEAE
OG0010813						tr|Q9I3D9|Q9I3D9_PSEAE
OG0010814						tr|Q9I3E2|Q9I3E2_PSEAE
OG0010815						tr|Q9I3E6|Q9I3E6_PSEAE
OG0010816						tr|Q9I3F7|Q9I3F7_PSEAE
OG0010817						tr|Q9I3G7|Q9I3G7_PSEAE
OG0010818						tr|Q9I3G9|Q9I3G9_PSEAE
OG0010819						tr|Q9I3H0|Q9I3H0_PSEAE
OG0010820						tr|Q9I3I3|Q9I3I3_PSEAE
OG0010821						tr|Q9I3L3|Q9I3L3_PSEAE
OG0010822						tr|Q9I3L8|Q9I3L8_PSEAE
OG0010823						tr|Q9I3M0|Q9I3M0_PSEAE
OG0010824						tr|Q9I3M5|Q9I3M5_PSEAE
OG0010825						tr|Q9I3N8|Q9I3N8_PSEAE
OG0010826						tr|Q9I3P1|Q9I3P1_PSEAE
OG0010827						tr|Q9I3P4|Q9I3P4_PSEAE
OG0010828						tr|Q9I3P7|Q9I3P7_PSEAE
OG0010829						tr|Q9I3R3|Q9I3R3_PSEAE
OG0010830						tr|Q9I3R7|Q9I3R7_PSEAE
OG0010831						tr|Q9I3R8|Q9I3R8_PSEAE
OG0010832						tr|Q9I3S0|Q9I3S0_PSEAE
OG0010833						tr|Q9I3S4|Q9I3S4_PSEAE
OG0010834						tr|Q9I3T7|Q9I3T7_PSEAE
OG0010835						tr|Q9I3T8|Q9I3T8_PSEAE
OG0010836						tr|Q9I3U0|Q9I3U0_PSEAE
OG0010837						tr|Q9I3U6|Q9I3U6_PSEAE
OG0010838						tr|Q9I3U9|Q9I3U9_PSEAE
OG0010839						tr|Q9I3V0|Q9I3V0_PSEAE
OG0010840						tr|Q9I3V5|Q9I3V5_PSEAE
OG0010841						tr|Q9I3V6|Q9I3V6_PSEAE
OG0010842						tr|Q9I3V7|Q9I3V7_PSEAE
OG0010843						tr|Q9I3W1|Q9I3W1_PSEAE
OG0010844						tr|Q9I3W3|Q9I3W3_PSEAE
OG0010845						tr|Q9I3W6|Q9I3W6_PSEAE
OG0010846						tr|Q9I3X3|Q9I3X3_PSEAE
OG0010847						tr|Q9I3X4|Q9I3X4_PSEAE
OG0010848						tr|Q9I3X5|Q9I3X5_PSEAE
OG0010849						tr|Q9I3X6|Q9I3X6_PSEAE
OG0010850						tr|Q9I3Y7|Q9I3Y7_PSEAE
OG0010851						tr|Q9I3Z6|Q9I3Z6_PSEAE
OG0010852						tr|Q9I3Z7|Q9I3Z7_PSEAE
OG0010853						tr|Q9I401|Q9I401_PSEAE
OG0010854						tr|Q9I411|Q9I411_PSEAE
OG0010855						tr|Q9I412|Q9I412_PSEAE
OG0010856						tr|Q9I419|Q9I419_PSEAE
OG0010857						tr|Q9I420|Q9I420_PSEAE
OG0010858						tr|Q9I431|Q9I431_PSEAE
OG0010859						tr|Q9I436|Q9I436_PSEAE
OG0010860						tr|Q9I439|Q9I439_PSEAE
OG0010861						tr|Q9I455|Q9I455_PSEAE
OG0010862						tr|Q9I494|Q9I494_PSEAE
OG0010863						tr|Q9I4A4|Q9I4A4_PSEAE
OG0010864						tr|Q9I4A8|Q9I4A8_PSEAE
OG0010865						tr|Q9I4B0|Q9I4B0_PSEAE
OG0010866						tr|Q9I4B1|Q9I4B1_PSEAE
OG0010867						tr|Q9I4B8|Q9I4B8_PSEAE
OG0010868						tr|Q9I4C3|Q9I4C3_PSEAE
OG0010869						tr|Q9I4C7|Q9I4C7_PSEAE
OG0010870						tr|Q9I4E5|Q9I4E5_PSEAE
OG0010871						tr|Q9I4G0|Q9I4G0_PSEAE
OG0010872						tr|Q9I4H7|Q9I4H7_PSEAE
OG0010873						tr|Q9I4I5|Q9I4I5_PSEAE
OG0010874						tr|Q9I4I6|Q9I4I6_PSEAE
OG0010875						tr|Q9I4I9|Q9I4I9_PSEAE
OG0010876						tr|Q9I4K1|Q9I4K1_PSEAE
OG0010877						tr|Q9I4K2|Q9I4K2_PSEAE
OG0010878						tr|Q9I4K3|Q9I4K3_PSEAE
OG0010879						tr|Q9I4K9|Q9I4K9_PSEAE
OG0010880						tr|Q9I4L2|Q9I4L2_PSEAE
OG0010881						tr|Q9I4L7|Q9I4L7_PSEAE
OG0010882						tr|Q9I4L8|Q9I4L8_PSEAE
OG0010883						tr|Q9I4L9|Q9I4L9_PSEAE
OG0010884						tr|Q9I4M0|Q9I4M0_PSEAE
OG0010885						tr|Q9I4M4|Q9I4M4_PSEAE
OG0010886						tr|Q9I4N5|Q9I4N5_PSEAE
OG0010887						tr|Q9I4N7|Q9I4N7_PSEAE
OG0010888						tr|Q9I4N9|Q9I4N9_PSEAE
OG0010889						tr|Q9I4Q5|Q9I4Q5_PSEAE
OG0010890						tr|Q9I4R0|Q9I4R0_PSEAE
OG0010891						tr|Q9I4R1|Q9I4R1_PSEAE
OG0010892						tr|Q9I4T1|Q9I4T1_PSEAE
OG0010893						tr|Q9I4U5|Q9I4U5_PSEAE
OG0010894						tr|Q9I4U8|Q9I4U8_PSEAE
OG0010895						tr|Q9I4V8|Q9I4V8_PSEAE
OG0010896						tr|Q9I4Y0|Q9I4Y0_PSEAE
OG0010897						tr|Q9I4Y5|Q9I4Y5_PSEAE
OG0010898						tr|Q9I4Y8|Q9I4Y8_PSEAE
OG0010899						tr|Q9I4Y9|Q9I4Y9_PSEAE
OG0010900						tr|Q9I4Z1|Q9I4Z1_PSEAE
OG0010901						tr|Q9I503|Q9I503_PSEAE
OG0010902						tr|Q9I506|Q9I506_PSEAE
OG0010903						tr|Q9I510|Q9I510_PSEAE
OG0010904						tr|Q9I512|Q9I512_PSEAE
OG0010905						tr|Q9I517|Q9I517_PSEAE
OG0010906						tr|Q9I518|Q9I518_PSEAE
OG0010907						tr|Q9I531|Q9I531_PSEAE
OG0010908						tr|Q9I535|Q9I535_PSEAE
OG0010909						tr|Q9I536|Q9I536_PSEAE
OG0010910						tr|Q9I543|Q9I543_PSEAE
OG0010911						tr|Q9I545|Q9I545_PSEAE
OG0010912						tr|Q9I546|Q9I546_PSEAE
OG0010913						tr|Q9I547|Q9I547_PSEAE
OG0010914						tr|Q9I550|Q9I550_PSEAE
OG0010915						tr|Q9I554|Q9I554_PSEAE
OG0010916						tr|Q9I585|Q9I585_PSEAE
OG0010917						tr|Q9I586|Q9I586_PSEAE
OG0010918						tr|Q9I591|Q9I591_PSEAE
OG0010919						tr|Q9I5B1|Q9I5B1_PSEAE
OG0010920						tr|Q9I5B2|Q9I5B2_PSEAE
OG0010921						tr|Q9I5B3|Q9I5B3_PSEAE
OG0010922						tr|Q9I5B4|Q9I5B4_PSEAE
OG0010923						tr|Q9I5B6|Q9I5B6_PSEAE
OG0010924						tr|Q9I5B7|Q9I5B7_PSEAE
OG0010925						tr|Q9I5B8|Q9I5B8_PSEAE
OG0010926						tr|Q9I5B9|Q9I5B9_PSEAE
OG0010927						tr|Q9I5C1|Q9I5C1_PSEAE
OG0010928						tr|Q9I5C7|Q9I5C7_PSEAE
OG0010929						tr|Q9I5D0|Q9I5D0_PSEAE
OG0010930						tr|Q9I5D3|Q9I5D3_PSEAE
OG0010931						tr|Q9I5D6|Q9I5D6_PSEAE
OG0010932						tr|Q9I5D8|Q9I5D8_PSEAE
OG0010933						tr|Q9I5G0|Q9I5G0_PSEAE
OG0010934						tr|Q9I5G2|Q9I5G2_PSEAE
OG0010935						tr|Q9I5H6|Q9I5H6_PSEAE
OG0010936						tr|Q9I5I0|Q9I5I0_PSEAE
OG0010937						tr|Q9I5J2|Q9I5J2_PSEAE
OG0010938						tr|Q9I5J3|Q9I5J3_PSEAE
OG0010939						tr|Q9I5J4|Q9I5J4_PSEAE
OG0010940						tr|Q9I5J5|Q9I5J5_PSEAE
OG0010941						tr|Q9I5J8|Q9I5J8_PSEAE
OG0010942						tr|Q9I5J9|Q9I5J9_PSEAE
OG0010943						tr|Q9I5K1|Q9I5K1_PSEAE
OG0010944						tr|Q9I5K2|Q9I5K2_PSEAE
OG0010945						tr|Q9I5K3|Q9I5K3_PSEAE
OG0010946						tr|Q9I5K4|Q9I5K4_PSEAE
OG0010947						tr|Q9I5K5|Q9I5K5_PSEAE
OG0010948						tr|Q9I5K6|Q9I5K6_PSEAE
OG0010949						tr|Q9I5K7|Q9I5K7_PSEAE
OG0010950						tr|Q9I5K8|Q9I5K8_PSEAE
OG0010951						tr|Q9I5K9|Q9I5K9_PSEAE
OG0010952						tr|Q9I5L0|Q9I5L0_PSEAE
OG0010953						tr|Q9I5L1|Q9I5L1_PSEAE
OG0010954						tr|Q9I5L2|Q9I5L2_PSEAE
OG0010955						tr|Q9I5L4|Q9I5L4_PSEAE
OG0010956						tr|Q9I5M6|Q9I5M6_PSEAE
OG0010957						tr|Q9I5M8|Q9I5M8_PSEAE
OG0010958						tr|Q9I5M9|Q9I5M9_PSEAE
OG0010959						tr|Q9I5N0|Q9I5N0_PSEAE
OG0010960						tr|Q9I5N5|Q9I5N5_PSEAE
OG0010961						tr|Q9I5P1|Q9I5P1_PSEAE
OG0010962						tr|Q9I5P2|Q9I5P2_PSEAE
OG0010963						tr|Q9I5P6|Q9I5P6_PSEAE
OG0010964						tr|Q9I5Q7|Q9I5Q7_PSEAE
OG0010965						tr|Q9I5Q8|Q9I5Q8_PSEAE
OG0010966						tr|Q9I5R4|Q9I5R4_PSEAE
OG0010967						tr|Q9I5S4|Q9I5S4_PSEAE
OG0010968						tr|Q9I5S5|Q9I5S5_PSEAE
OG0010969						tr|Q9I5S6|Q9I5S6_PSEAE
OG0010970						tr|Q9I5S7|Q9I5S7_PSEAE
OG0010971						tr|Q9I5S8|Q9I5S8_PSEAE
OG0010972						tr|Q9I5T0|Q9I5T0_PSEAE
OG0010973						tr|Q9I5T9|Q9I5T9_PSEAE
OG0010974						tr|Q9I5V2|Q9I5V2_PSEAE
OG0010975						tr|Q9I5W3|Q9I5W3_PSEAE
OG0010976						tr|Q9I5W5|Q9I5W5_PSEAE
OG0010977						tr|Q9I5W6|Q9I5W6_PSEAE
OG0010978						tr|Q9I5W7|Q9I5W7_PSEAE
OG0010979						tr|Q9I5W8|Q9I5W8_PSEAE
OG0010980						tr|Q9I5X0|Q9I5X0_PSEAE
OG0010981						tr|Q9I5X5|Q9I5X5_PSEAE
OG0010982						tr|Q9I5X9|Q9I5X9_PSEAE
OG0010983						tr|Q9I5Y0|Q9I5Y0_PSEAE
OG0010984						tr|Q9I5Y2|Q9I5Y2_PSEAE
OG0010985						tr|Q9I5Y3|Q9I5Y3_PSEAE
OG0010986						tr|Q9I5Y7|Q9I5Y7_PSEAE
OG0010987						tr|Q9I604|Q9I604_PSEAE
OG0010988						tr|Q9I613|Q9I613_PSEAE
OG0010989						tr|Q9I628|Q9I628_PSEAE
OG0010990						tr|Q9I634|Q9I634_PSEAE
OG0010991						tr|Q9I637|Q9I637_PSEAE
OG0010992						tr|Q9I649|Q9I649_PSEAE
OG0010993						tr|Q9I652|Q9I652_PSEAE
OG0010994						tr|Q9I658|Q9I658_PSEAE
OG0010995						tr|Q9I665|Q9I665_PSEAE
OG0010996						tr|Q9I675|Q9I675_PSEAE
OG0010997						tr|Q9I682|Q9I682_PSEAE
OG0010998						tr|Q9I684|Q9I684_PSEAE
OG0010999						tr|Q9I688|Q9I688_PSEAE
OG0011000						tr|Q9I695|Q9I695_PSEAE
OG0011001						tr|Q9I6A2|Q9I6A2_PSEAE
OG0011002						tr|Q9I6A7|Q9I6A7_PSEAE
OG0011003						tr|Q9I6B0|Q9I6B0_PSEAE
OG0011004						tr|Q9I6B1|Q9I6B1_PSEAE
OG0011005						tr|Q9I6B8|Q9I6B8_PSEAE
OG0011006						tr|Q9I6C5|Q9I6C5_PSEAE
OG0011007						tr|Q9I6C9|Q9I6C9_PSEAE
OG0011008						tr|Q9I6D4|Q9I6D4_PSEAE
OG0011009						tr|Q9I6D5|Q9I6D5_PSEAE
OG0011010						tr|Q9I6E7|Q9I6E7_PSEAE
OG0011011						tr|Q9I6E8|Q9I6E8_PSEAE
OG0011012						tr|Q9I6E9|Q9I6E9_PSEAE
OG0011013						tr|Q9I6F0|Q9I6F0_PSEAE
OG0011014						tr|Q9I6F7|Q9I6F7_PSEAE
OG0011015						tr|Q9I6I2|Q9I6I2_PSEAE
OG0011016						tr|Q9I6I4|Q9I6I4_PSEAE
OG0011017						tr|Q9I6J7|Q9I6J7_PSEAE
OG0011018						tr|Q9I6K6|Q9I6K6_PSEAE
OG0011019						tr|Q9I6L6|Q9I6L6_PSEAE
OG0011020						tr|Q9I6M6|Q9I6M6_PSEAE
OG0011021						tr|Q9I6N3|Q9I6N3_PSEAE
OG0011022						tr|Q9I6N7|Q9I6N7_PSEAE
OG0011023						tr|Q9I6N8|Q9I6N8_PSEAE
OG0011024						tr|Q9I6Q4|Q9I6Q4_PSEAE
OG0011025						tr|Q9I6T1|Q9I6T1_PSEAE
OG0011026						tr|Q9I6T8|Q9I6T8_PSEAE
OG0011027						tr|Q9I6U7|Q9I6U7_PSEAE
OG0011028						tr|Q9I6U8|Q9I6U8_PSEAE
OG0011029						tr|Q9I6W1|Q9I6W1_PSEAE
OG0011030						tr|Q9I6W2|Q9I6W2_PSEAE
OG0011031						tr|Q9I6X1|Q9I6X1_PSEAE
OG0011032						tr|Q9I6Y6|Q9I6Y6_PSEAE
OG0011033						tr|Q9I6Z7|Q9I6Z7_PSEAE
OG0011034						tr|Q9I706|Q9I706_PSEAE
OG0011035						tr|Q9I707|Q9I707_PSEAE
OG0011036						tr|Q9I708|Q9I708_PSEAE
OG0011037						tr|Q9I710|Q9I710_PSEAE
OG0011038						tr|Q9I728|Q9I728_PSEAE
OG0011039						tr|Q9I731|Q9I731_PSEAE
OG0011040						tr|Q9I734|Q9I734_PSEAE
OG0011041						tr|Q9I736|Q9I736_PSEAE
OG0011042						tr|Q9I756|Q9I756_PSEAE
OG0011043						tr|Q9I760|Q9I760_PSEAE
OG0011044						tr|Q9I761|Q9I761_PSEAE
OG0011045						tr|Q9I762|Q9I762_PSEAE
OG0011046						tr|Q9I768|Q9I768_PSEAE
OG0011047						tr|Q9I769|Q9I769_PSEAE
OG0011048						tr|Q9I780|Q9I780_PSEAE
OG0011049						tr|Q9I782|Q9I782_PSEAE
OG0011050						sp|Q9I783|Y049_PSEAE
OG0011051						tr|Q9I784|Q9I784_PSEAE
OG0011052						tr|Q9I790|Q9I790_PSEAE
OG0011053						tr|Q9I7A2|Q9I7A2_PSEAE
OG0011054						tr|Q9I7A3|Q9I7A3_PSEAE
OG0011055						sp|Q9I7B1|Y015_PSEAE
OG0011056						tr|Q9I7B2|Q9I7B2_PSEAE
OG0011057						tr|Q9I7B4|Q9I7B4_PSEAE
